framework,sheet_name,sector,identifier,component_text,code_id,code_name,notes,reclassified
TAI,TAI,ACA,1,AI should promote human well-being and respect basic human rights,4,General Safety,Core principles of Trustworthy AI ,n/a
TAI,TAI,ACA,2,AI should avoid causing harm,4,General Safety,Core principles of Trustworthy AI ,n/a
TAI,TAI,ACA,3,AI should promote human autonomy and provide oversight,1,Human agency and Autonomy,Core principles of Trustworthy AI ,n/a
TAI,TAI,ACA,4,AI should ensure fairness and address past inequities,12,Avoidance of Unfair Bias,Core principles of Trustworthy AI ,n/a
TAI,TAI,ACA,5,"AI should be transparent and accountable, making its decisions understandable",10,Explainability,Core principles of Trustworthy AI ,n/a
TAI,TAI,ACA,6,Training Data Availability: Limited availability of high-quality data.,8,Data Governance,Tensions between needing technical and non-technical solutions,n/a
TAI,TAI,ACA,7,Malicious Training Data: Risks of low-quality or harmful data influencing AI behavior.,3,Resilience to Attack and Security,Tensions between needing technical and non-technical solutions,n/a
TAI,TAI,ACA,8,Invasion of Privacy: Privacy concerns from data usage.,7,Privacy,Tensions between needing technical and non-technical solutions,n/a
TAI,TAI,ACA,9,Training Data Bias: Bias in data leading to discrimination.,12,Avoidance of Unfair Bias,Tensions between needing technical and non-technical solutions,n/a
TAI,TAI,ACA,10,Model Availability: Proprietary nature of promising AI models.,22,System Design and Development,Tensions between needing technical and non-technical solutions,yes
TAI,TAI,ACA,11,Invasion of Privacy: Risks from analyzing model parameters.,7,Privacy,Tensions between needing technical and non-technical solutions,n/a
TAI,TAI,ACA,12,Model Uncertainty: Challenges in quantifying uncertainties in AI models.,5,Accuracy,Tensions between needing technical and non-technical solutions,n/a
TAI,TAI,ACA,13,Model Bias: Bias introduced during model development.,12,Avoidance of Unfair Bias,Tensions between needing technical and non-technical solutions,n/a
TAI,TAI,ACA,14,Model Opacity: Lack of transparency and interpretability.,10,Explainability,Tensions between needing technical and non-technical solutions,n/a
TAI,TAI,ACA,15,Invasion of Privacy: Privacy risks from AI outputs.,7,Privacy,Tensions between needing technical and non-technical solutions,n/a
TAI,TAI,ACA,16,Discrimination: Potential for AI outputs to discriminate,12,Avoidance of Unfair Bias,Tensions between needing technical and non-technical solutions,n/a
PPDC,PPDC,GOV,1,"Organisations using AI in decision-making should ensure that the decision-making process is explainable, transparent and fair",10,Explainability,high-level guiding principles,n/a
PPDC,PPDC,GOV,2,AI solutions should be human-centric.,1,Human agency and Autonomy,high-level guiding principles,n/a
PPDC,PPDC,GOV,3,Internal governance structures and measures help to ensure robust oversight over an organisation’s use of AI.,20,Organisational context and Strategy,INTERNAL GOVERNANCE STRUCTURES AND MEASURES,n/a
PPDC,PPDC,GOV,4,Organisations may also consider determining the appropriate features in their internal governance structures.,20,Organisational context and Strategy,INTERNAL GOVERNANCE STRUCTURES AND MEASURES,n/a
PPDC,PPDC,GOV,5,Responsibility for and oversight of the various stages and activities involved in AI deployment should be allocated to the appropriate personnel and/or departments,2,Human Oversight,INTERNAL GOVERNANCE STRUCTURES AND MEASURES,n/a
PPDC,PPDC,GOV,6,"Personnel and/or departments having internal AI governance functions should be fully aware of their roles and responsibilities, be properly trained, and be provided with the resources and guidance needed for them to discharge their duties.",24,Training and Awareness,INTERNAL GOVERNANCE STRUCTURES AND MEASURES,n/a
PPDC,PPDC,GOV,7,"Using any existing risk management framework and applying risk control measures to Assess and manage the risks of deploying AI,  including any potential adverse impact on the  individuals (e.g. who are most vulnerable, how  are they impacted, how to assess the scale of  the impact, how to get feedback from those  impacted, etc.).",19,Risk Management,INTERNAL GOVERNANCE STRUCTURES AND MEASURES,n/a
PPDC,PPDC,GOV,8,Using any existing risk management framework and applying risk control measures toDecide on the appropriate level of human  involvement in AI-augmented decision-making,19,Risk Management,INTERNAL GOVERNANCE STRUCTURES AND MEASURES,n/a
PPDC,PPDC,GOV,9,Using any existing risk management framework and applying risk control measures to Manage the AI model training and selection  process.,19,Risk Management,INTERNAL GOVERNANCE STRUCTURES AND MEASURES,n/a
PPDC,PPDC,GOV,10,"Maintenance, monitoring, documentation and review of the AI models that have been deployed, with a view to taking remediation measures where needed.",23,Performance and Monitoring,INTERNAL GOVERNANCE STRUCTURES AND MEASURES,n/a
PPDC,PPDC,GOV,11,Reviewing communications channels and interactions with stakeholders to provide disclosure and effective feedback channels.,14,Stakeholder Participation,INTERNAL GOVERNANCE STRUCTURES AND MEASURES,n/a
PPDC,PPDC,GOV,12,Ensuring relevant staff dealing with AI systems are properly trained.,24,Training and Awareness,INTERNAL GOVERNANCE STRUCTURES AND MEASURES,n/a
PPDC,PPDC,GOV,13,"Using reasonable efforts to ensure that the datasets used for AI model training are adequate for the intended purpose, and to assess and manage the risks of inaccuracy or bias, as well as reviewing exceptions identified during model training.",8,Data Governance,INTERNAL GOVERNANCE STRUCTURES AND MEASURES,n/a
PPDC,PPDC,GOV,14,Establishing monitoring and reporting systems as well as processes to ensure that the appropriate level of management is aware of the performance of and other issues relating to the deployed AI,23,Performance and Monitoring,INTERNAL GOVERNANCE STRUCTURES AND MEASURES,n/a
PPDC,PPDC,GOV,15,Ensuring proper knowledge transfer whenever there are changes in key personnel involved in AI activities.,24,Training and Awareness,INTERNAL GOVERNANCE STRUCTURES AND MEASURES,n/a
PPDC,PPDC,GOV,16,Reviewing the internal governance structure and measures when there are significant changes to organisational structure or key personnel involved.,20,Organisational context and Strategy,INTERNAL GOVERNANCE STRUCTURES AND MEASURES,n/a
PPDC,PPDC,GOV,17,Periodically reviewing the internal governance structure and measures to ensure their continued relevance and effectiveness.,20,Organisational context and Strategy,INTERNAL GOVERNANCE STRUCTURES AND MEASURES,n/a
PPDC,PPDC,GOV,18,"Having clarity on the objective of using AI is a key first step in determining the extent of human oversight. Organisations can start by deciding on their commercial objectives of using AI (e.g. ensuring consistency in decision-making, improving operational efficiency and reducing costs, or introducing new product features to increase consumer choice)",2,Human Oversight,DETERMINING THE LEVEL OF HUMAN INVOLVEMENT IN AIAUGMENTED DECISION-MAKING,n/a
PPDC,PPDC,GOV,19,"It is also desirable for organisations operating in multiple countries to consider the differences in societal norms, values and/or expectations, where possible",26,Operational context and risks,DETERMINING THE LEVEL OF HUMAN INVOLVEMENT IN AIAUGMENTED DECISION-MAKING,n/a
PPDC,PPDC,GOV,20,Some risks to individuals may only manifest at group level.,26,Operational context and risks,DETERMINING THE LEVEL OF HUMAN INVOLVEMENT IN AIAUGMENTED DECISION-MAKING,n/a
PPDC,PPDC,GOV,21,Organisations’ weighing of their commercial objectives against the risks of using AI should ideally be guided by their corporate values. O,20,Organisational context and Strategy,DETERMINING THE LEVEL OF HUMAN INVOLVEMENT IN AIAUGMENTED DECISION-MAKING,n/a
PPDC,PPDC,GOV,22,"As identifying commercial objectives, risks and determining the appropriate level of human involvement in AI-augmented decision-making is an iterative and ongoing process, it is desirable for organisations to continually identify and review risks relevant to their technology solutions, mitigate those risks, and maintain a response plan should mitigation fail. Documenting this process through a periodically reviewed risk impact assessment",19,Risk Management,DETERMINING THE LEVEL OF HUMAN INVOLVEMENT IN AIAUGMENTED DECISION-MAKING,n/a
PPDC,PPDC,GOV,23,"identify whether you have human oversight in the form of HUMAN IN THE LOOP, HUMAN OVER THE LOOP or HUMAN OUT OF THE LOOP",2,Human Oversight,DETERMINING THE LEVEL OF HUMAN INVOLVEMENT IN AIAUGMENTED DECISION-MAKING,n/a
PPDC,PPDC,GOV,24,Make use of the proposed severity and probability of harm matrix to  asses level of harm,4,General Safety,DETERMINING THE LEVEL OF HUMAN INVOLVEMENT IN AIAUGMENTED DECISION-MAKING,n/a
PPDC,PPDC,GOV,25,"For safety-critical systems, it would be prudent for organisations to ensure that a person be allowed to assume control, with the AI system providing sufficient information for that person to make meaningful decisions or to safely shut down the system where human control is not possible.",4,General Safety,DETERMINING THE LEVEL OF HUMAN INVOLVEMENT IN AIAUGMENTED DECISION-MAKING,n/a
PPDC,PPDC,GOV,26,Make use of the generalised AI Model development and deployment phases supplied in the framework,22,System Design and Development,OPERATIONS MANAGEMENT,n/a
PPDC,PPDC,GOV,27,Make use of the most approptriate model.,22,System Design and Development,OPERATIONS MANAGEMENT,n/a
PPDC,PPDC,GOV,28,"Ensure you don’t make use of biased, inaccurate or non representative data",12,Avoidance of Unfair Bias,OPERATIONS MANAGEMENT,n/a
PPDC,PPDC,GOV,29,Understand the lineage of the data,8,Data Governance,OPERATIONS MANAGEMENT,n/a
PPDC,PPDC,GOV,30,keep a data provenance record,9,Traceability,OPERATIONS MANAGEMENT,n/a
PPDC,PPDC,GOV,31,"ensure data quality, by ensureing The accuracy of the dataset, in terms of how well
the values in the dataset match the true
characteristics of the entities described by the
dataset;",5,Accuracy,OPERATIONS MANAGEMENT,n/a
PPDC,PPDC,GOV,32,"ensure data quality, by ensureing The completeness of the dataset, both in terms
of attributes and items;",8,Data Governance,OPERATIONS MANAGEMENT,n/a
PPDC,PPDC,GOV,33,"The veracity of the dataset, which refers to how credible the data is, including whether the data originated from a reliable source;",8,Data Governance,OPERATIONS MANAGEMENT,n/a
PPDC,PPDC,GOV,34,How recently the dataset was compiled or updated,23,Performance and Monitoring,OPERATIONS MANAGEMENT,n/a
PPDC,PPDC,GOV,35,"The relevance of the dataset and the context for data collection, as it may affect the interpretation of and reliance on the data for the intended purpose;",8,Data Governance,OPERATIONS MANAGEMENT,n/a
PPDC,PPDC,GOV,36,"The integrity of the dataset that has been joined from multiple datasets, which refers to how well extraction and transformation have been performed",8,Data Governance,OPERATIONS MANAGEMENT,n/a
PPDC,PPDC,GOV,37,"Human interventions (e.g. if any human has filtered, applied labels, or edited the data)",9,Traceability,OPERATIONS MANAGEMENT,n/a
PPDC,PPDC,GOV,38,12,,MISSING_CODE,OPERATIONS MANAGEMENT,n/a
PPDC,PPDC,GOV,39,"Different datasets for training, testing, and validation:",8,Data Governance,OPERATIONS MANAGEMENT,n/a
PPDC,PPDC,GOV,40,Periodic reviewing and updating of datasets:,23,Performance and Monitoring,OPERATIONS MANAGEMENT,n/a
PPDC,PPDC,GOV,41,"Ensure Explainability by explaining how deployed AI models’
algorithms function and/or how the decision-making process
incorporates model predictions.",10,Explainability,OPERATIONS MANAGEMENT,n/a
PPDC,PPDC,GOV,42,Docuemtn how the models training and selection processes are conducted,9,Traceability,OPERATIONS MANAGEMENT,n/a
PPDC,PPDC,GOV,43,"Incorporate descriptions of the solutions design and behaviour into the product or service descriptions
and system technical specifications documentation
demonstrates accountability to individuals and/or
regulators.",10,Explainability,OPERATIONS MANAGEMENT,n/a
PPDC,PPDC,GOV,44,Make use of supplementary explanation tools for explainability,10,Explainability,OPERATIONS MANAGEMENT,n/a
PPDC,PPDC,GOV,45,try to communicate the technical explainability in a simple way everyone can understand,11,Communication,OPERATIONS MANAGEMENT,n/a
PPDC,PPDC,GOV,46,Conducting repeatability assessments for commercial deployments in live environments to ensure that deployments are repeatable;,6,"Reliability, Fall-back and Reproducibillity",OPERATIONS MANAGEMENT,n/a
PPDC,PPDC,GOV,47,Performing counterfactual fairness testing. Counterfactual fairness testing ensures that a model’s decisions are the same in both the real world and in a counterfactual world where attributes deemed sensitive (such as race or gender) are altered;,6,"Reliability, Fall-back and Reproducibillity",OPERATIONS MANAGEMENT,n/a
PPDC,PPDC,GOV,48,"Assessing how exceptions can be identified and handled when decisions are not repeatable, e.g. when randomness has been introduced by design",6,"Reliability, Fall-back and Reproducibillity",OPERATIONS MANAGEMENT,n/a
PPDC,PPDC,GOV,49,Ensuring exception handling is in line with organisations’ policies,6,"Reliability, Fall-back and Reproducibillity",OPERATIONS MANAGEMENT,n/a
PPDC,PPDC,GOV,50,Identifying and accounting for changes over time to ensure that models trained on time-sensitive data remain relevant.,6,"Reliability, Fall-back and Reproducibillity",OPERATIONS MANAGEMENT,n/a
PPDC,PPDC,GOV,51,Ensuring that deployed models are sufficiently robust will contribute towards building trust in the AI system,3,Resilience to Attack and Security,OPERATIONS MANAGEMENT,n/a
PPDC,PPDC,GOV,52,Make sure you test for robustness,3,Resilience to Attack and Security,OPERATIONS MANAGEMENT,n/a
PPDC,PPDC,GOV,53,Establishing an internal policy and process to perform regular model tuning is effective for ensuring that deployed models cater for changes to customer behaviour over time.,6,"Reliability, Fall-back and Reproducibillity",OPERATIONS MANAGEMENT,n/a
PPDC,PPDC,GOV,54,"Wherever possible, testing should reflect the dynamism of the planned production environment. To ensure safety, testing may need to assess the degree to which an AI solution generalises well and fails gracefully",23,Performance and Monitoring,OPERATIONS MANAGEMENT,n/a
PPDC,PPDC,GOV,55,"An AI model is considered to be traceable if (a) its decisions, and (b) the datasets and processes that yield the AI model’s decision (including those of data gathering, data labelling and the algorithms used), are documented in an easily understandable way",9,Traceability,OPERATIONS MANAGEMENT,n/a
PPDC,PPDC,GOV,56,Consider building an audit trail,18,Auditability,OPERATIONS MANAGEMENT,n/a
PPDC,PPDC,GOV,57,Consider implementing a black box recorder,9,Traceability,OPERATIONS MANAGEMENT,n/a
PPDC,PPDC,GOV,58,consider that data is stored appropriately and retained for durations relevant to the industry,9,Traceability,OPERATIONS MANAGEMENT,n/a
PPDC,PPDC,GOV,59,Consider what measures you want to implement to avoid accumulation of large volumes of data,9,Traceability,OPERATIONS MANAGEMENT,n/a
PPDC,PPDC,GOV,60,"Ensure reproducibility within the model.  reproducibility refers to the ability of an
independent verification team to produce the same results using
the same AI method based on the documentation made by the
organisation.",6,"Reliability, Fall-back and Reproducibillity",OPERATIONS MANAGEMENT,n/a
PPDC,PPDC,GOV,61,Testing whether specific contexts or particular conditions would need to be taken into account to ensure reproducibility;,6,"Reliability, Fall-back and Reproducibillity",OPERATIONS MANAGEMENT,n/a
PPDC,PPDC,GOV,62,Putting in place verification methods to ensure different aspects of the AI model’s reliability and reproducibility;,6,"Reliability, Fall-back and Reproducibillity",OPERATIONS MANAGEMENT,n/a
PPDC,PPDC,GOV,63,Making available replication files (i.e. files that replicate each step of the AI model’s developmental process) to facilitate the process of testing and reproducing behaviours;,6,"Reliability, Fall-back and Reproducibillity",OPERATIONS MANAGEMENT,n/a
PPDC,PPDC,GOV,64,"For companies that procure commercial off-the-shelf AI systems, checking with the original AI solution provider about whether the model’s results are reproducible;",27,Third-party risks,OPERATIONS MANAGEMENT,n/a
PPDC,PPDC,GOV,65,"Auditability refers to the readiness of an AI system to undergo an assessment of its algorithms, data and design processes. Ensure this is possibke",18,Auditability,OPERATIONS MANAGEMENT,n/a
PPDC,PPDC,GOV,66,"To facilitate auditability, organisations can consider keeping a comprehensive record of data provenance, procurement, preprocessing, lineage, storage and security. The record could also include qualitative input about data representations, data sufficiency, source integrity, data timelines, data relevance, and unforeseen data issues encountered across the workflow.",18,Auditability,OPERATIONS MANAGEMENT,n/a
PPDC,PPDC,GOV,67,"Organisations may also wish to centralise such information digitally in a process log. This would enable the organisation to make available, in one place, information that may assist in demonstrating to concerned parties and affected decision subjects both the responsibility of design and practices and the justifiability of the outcomes of your system’s processing behaviour.",18,Auditability,OPERATIONS MANAGEMENT,n/a
PPDC,PPDC,GOV,68,Organisations are encouraged to provide general information on whether AI is used in their products and/or services.,11,Communication,STAKEHOLDER INTERACTION AND COMMUNICATION,n/a
PPDC,PPDC,GOV,69,"Organisations can consider disclosing the manner in which an AI decision may affect an individual consumer, and whether the decision is reversible.",11,Communication,STAKEHOLDER INTERACTION AND COMMUNICATION,n/a
PPDC,PPDC,GOV,70,"Organisations are encouraged to develop a policy on what explanations to provide to individuals and when to provide them. Such policies help ensure consistency in communication, and clearly sets out roles and responsibilities of different members of your organisation",11,Communication,STAKEHOLDER INTERACTION AND COMMUNICATION,n/a
PPDC,PPDC,GOV,71,Appropriate interaction and communication inspire trust and confidence as they build and maintain open relationships between organisations and individuals (including employees),11,Communication,STAKEHOLDER INTERACTION AND COMMUNICATION,n/a
PPDC,PPDC,GOV,72,"As different stakeholders have different information needs, an organisation can start by first identifying its audience (i.e. its external and internal stakeholders). An organisation’s external stakeholders may include consumers, regulators, other organisations it does business with, and society at large. Its internal stakeholders may include the organisation’s board, management and employees. An organisation can also consider the purpose and the context of the interaction with its stakeholders.",14,Stakeholder Participation,STAKEHOLDER INTERACTION AND COMMUNICATION,n/a
PPDC,PPDC,GOV,73,"Organisations are encouraged to consider the information needs of consumers as they go through the journey of interacting with AI, from considering whether to use an AI solution, to understanding how the AI solution works as they use it, to requesting for reviews on the decisions made by the AI solution.",11,Communication,STAKEHOLDER INTERACTION AND COMMUNICATION,n/a
PPDC,PPDC,GOV,74,"Organisations may wish to consider carefully when deciding whether to provide individuals with the option to opt out from the use of the AI product or service, and whether this option should be offered by default or only upon request. Relevant considerations include: a. Degree of risk/harm to the individuals; b. Reversibility of the decision made; c. Availability of alternative decision-making mechanisms; d. Cost or trade-offs of alternative mechanisms; e. Complexity and inefficiency of maintaining parallel systems; and f. Technical feasibility.",11,Communication,STAKEHOLDER INTERACTION AND COMMUNICATION,n/a
PPDC,PPDC,GOV,75,"Where an organisation has weighed the factors above and decided not to provide an option to opt out, it is prudent for the organisation to consider providing modes of recourse to the consumer such as providing a channel for reviewing the decision.",10,Explainability,STAKEHOLDER INTERACTION AND COMMUNICATION,n/a
PPDC,PPDC,GOV,76,Consider implementing feedback channels and decision review channels,11,Communication,STAKEHOLDER INTERACTION AND COMMUNICATION,n/a
PPDC,PPDC,GOV,77,"Organisations are encouraged to test user interfaces and address usability problems before deployment, so that the user interface serves its intended purposes",23,Performance and Monitoring,STAKEHOLDER INTERACTION AND COMMUNICATION,n/a
PPDC,PPDC,GOV,78,Organisations are encouraged to communicate in an easy-tounderstand manner to increase transparency,11,Communication,STAKEHOLDER INTERACTION AND COMMUNICATION,n/a
PPDC,PPDC,GOV,79,Organisations may wish to consider setting out certain acceptable user policies (“AUPs”) to ensure that users do not maliciously introduce input data that unacceptably manipulates the performance and/or results of the solution’s model.,3,Resilience to Attack and Security,STAKEHOLDER INTERACTION AND COMMUNICATION,n/a
PPDC,PPDC,GOV,81,"Organisations may have to consider the level of support and detailed information that they may need to obtain from AI solution providers pertaining to: a. Data (e.g. types and range of data used in training the algorithm, source and quality of external training data); b. Model training and selection (e.g. features and variables used and weights of the commercial models supplied, documenting the key decisions made with respect to the model training and selection); c. Human elements (e.g. nature of human involvement in developing the algorithm, or in the decision-making process); d. Inferences (e.g. predictions made by the algorithm and how these are incorporated into product features or decisionmaking); e. Algorithmic presence (e.g. where in the solution that an algorithm is used); and f. Measures and safeguards in place to mitigate biases in data and algorithms.",9,Traceability,STAKEHOLDER INTERACTION AND COMMUNICATION,n/a
PPDC,PPDC,GOV,82,"Depending on the purpose and context, the type and level of detail of information required may be different.",9,Traceability,STAKEHOLDER INTERACTION AND COMMUNICATION,n/a
PPDC,PPDC,GOV,83,"as ethical standards governing the development and use
of AI evolve, organisations are encouraged to evaluate whether
their AI governance practices and processes are in line with
evolving AI standards, and make available the outcome of such
evaluations to relevant stakeholders.",11,Communication,STAKEHOLDER INTERACTION AND COMMUNICATION,n/a
PPDC,PPDC,GOV,84,The purpose for conducting an algorithm audit.,20,Organisational context and Strategy,Possible factors relevant for algorithm audits,n/a
PPDC,PPDC,GOV,85,"Target audience of audit results. This refers to the expertise required of the target audience to effectively understand the data, algorithm and/or models.",25,Auditing Context,Possible factors relevant for algorithm audits,n/a
PPDC,PPDC,GOV,86,General data accountability. Organisations can provide information on how general data accountability is achieved within the organisations. T,25,Auditing Context,Possible factors relevant for algorithm audits,n/a
PPDC,PPDC,GOV,87,Algorithms in AI models can be commercially valuable information that can affect market competitiveness.,25,Auditing Context,Possible factors relevant for algorithm audits,n/a
Z-Inspection,Z-inspection,ACA,1,Who requested the inspection?,25,Auditing Context,Set-up Phase,yes
Z-Inspection,Z-inspection,ACA,2,Who carries out the inspection?,25,Auditing Context,Set-up Phase,yes
Z-Inspection,Z-inspection,ACA,3,Is it recommended or required?,25,Auditing Context,Set-up Phase,yes
Z-Inspection,Z-inspection,ACA,4,What are the suffiecient vs neccesary conditions that need to be analyzed,21,Compliance and Legal,Set-up Phase,yes
Z-Inspection,Z-inspection,ACA,5,How are the inspection results to be used?,25,Auditing Context,Set-up Phase,yes
Z-Inspection,Z-inspection,ACA,6,Will the results be shared or kept private?,7,Privacy,Set-up Phase,n/a
Z-Inspection,Z-inspection,ACA,7,Are there any conflicts of interest?,25,Auditing Context,Set-up Phase,yes
Z-Inspection,Z-inspection,ACA,8,Define the boundaries and the context of the assesment,25,Auditing Context,Set-up Phase,yes
Z-Inspection,Z-inspection,ACA,9,Define the ecosystem,25,Auditing Context,Set-up Phase,yes
Z-Inspection,Z-inspection,ACA,10,How to handle intellectual property,21,Compliance and Legal,Set-up Phase,yes
Z-Inspection,Z-inspection,ACA,11,What is the time frame of the assesment,25,Auditing Context,Set-up Phase,yes
Z-Inspection,Z-inspection,ACA,12,define present risks,19,Risk Management,Set-up Phase,n/a
Z-Inspection,Z-inspection,ACA,13,define near future risks,19,Risk Management,Set-up Phase,n/a
Z-Inspection,Z-inspection,ACA,14,define long run risks,19,Risk Management,Set-up Phase,n/a
Z-Inspection,Z-inspection,ACA,15,analyze the socio technical scenarios,17,Impact on Society at large or Democracy,Asses phase,n/a
Z-Inspection,Z-inspection,ACA,16,classify the AI system by domain and usage,26,Operational context and risks,Asses phase,yes
Z-Inspection,Z-inspection,ACA,17,"review domain-specific frameworks, regulation and laws",21,Compliance and Legal,Asses phase,yes
Z-Inspection,Z-inspection,ACA,18,devolp an evidence base  of claims made by producers of ai system and stakeholders,9,Traceability,Asses phase,n/a
Z-Inspection,Z-inspection,ACA,19,discover and list potential ethical issues and tensions and technical and legal issues,21,Compliance and Legal,Asses phase,yes
Z-Inspection,Z-inspection,ACA,20,Quality of services vs privacy,7,Privacy,Note that these are the tensions listed as examples and might not represent the full list,n/a
Z-Inspection,Z-inspection,ACA,21,personalisation vs solidarity,26,Operational context and risks,Note that these are the tensions listed as examples and might not represent the full list,yes
Z-Inspection,Z-inspection,ACA,22,convenience vs dignity,26,Operational context and risks,Note that these are the tensions listed as examples and might not represent the full list,yes
Z-Inspection,Z-inspection,ACA,23,privacy vs transparency,7,Privacy,Note that these are the tensions listed as examples and might not represent the full list,n/a
Z-Inspection,Z-inspection,ACA,24,accuracy vs explainability,5,Accuracy,Note that these are the tensions listed as examples and might not represent the full list,n/a
Z-Inspection,Z-inspection,ACA,25,accuracy vs fairness,5,Accuracy,Note that these are the tensions listed as examples and might not represent the full list,n/a
Z-Inspection,Z-inspection,ACA,26,satisfaction of preferences vs equality,26,Operational context and risks,Note that these are the tensions listed as examples and might not represent the full list,yes
Z-Inspection,Z-inspection,ACA,27,efficiency vs safety and sustainability,15,Environmental Well-Being,Note that these are the tensions listed as examples and might not represent the full list,n/a
Z-Inspection,Z-inspection,ACA,28,respect for human autonomy,1,Human agency and Autonomy,"fundamental rights ethical principles, asked to map these in the fw",n/a
Z-Inspection,Z-inspection,ACA,29,prevention of harm,4,General Safety,"fundamental rights ethical principles, asked to map these in the fw",n/a
Z-Inspection,Z-inspection,ACA,30,fairness,12,Avoidance of Unfair Bias,"fundamental rights ethical principles, asked to map these in the fw",n/a
Z-Inspection,Z-inspection,ACA,31,explicability,10,Explainability,"fundamental rights ethical principles, asked to map these in the fw",n/a
Z-Inspection,Z-inspection,ACA,32,human agency and oversight,1,Human agency and Autonomy,"FW als notes the ALTAI list, see key principles here",n/a
Z-Inspection,Z-inspection,ACA,33,technical robustness and safety,4,General Safety,"FW als notes the ALTAI list, see key principles here",n/a
Z-Inspection,Z-inspection,ACA,34,privacy and data governance,8,Data Governance,"FW als notes the ALTAI list, see key principles here",n/a
Z-Inspection,Z-inspection,ACA,35,transparency,10,Explainability,"FW als notes the ALTAI list, see key principles here",n/a
Z-Inspection,Z-inspection,ACA,36,"diversity, non-discrimination and fairness",12,Avoidance of Unfair Bias,"FW als notes the ALTAI list, see key principles here",n/a
Z-Inspection,Z-inspection,ACA,37,societal and environmental well-being,15,Environmental Well-Being,"FW als notes the ALTAI list, see key principles here",n/a
Z-Inspection,Z-inspection,ACA,38,accountability,10,Explainability,"FW als notes the ALTAI list, see key principles here",n/a
Z-Inspection,Z-inspection,ACA,39,Asses if the ecosystem respects values of western european democracy,17,Impact on Society at large or Democracy,Asses phase,n/a
Z-Inspection,Z-inspection,ACA,40,avoiding concentration of power,1,Human agency and Autonomy,Asses phase,n/a
Z-Inspection,Z-inspection,ACA,41,Map ethical issues and flags to trustworthy AI areas of investigation,17,Impact on Society at large or Democracy,Asses phase,n/a
Z-Inspection,Z-inspection,ACA,42,reasses the ethical issues and flags,17,Impact on Society at large or Democracy,Asses phase,n/a
Z-Inspection,Z-inspection,ACA,43,Make use of ALTAI online Tool,0,UNMAPPED,Resolve phase,not_found
Z-Inspection,Z-inspection,ACA,44,Deepening understanding of technological capabilities and limitations in areas particulairly relevant to key ethical and societal issues,17,Impact on Society at large or Democracy,Resolve phase,n/a
Z-Inspection,Z-inspection,ACA,45,applying evidence to resolve tensions,23,Performance and Monitoring,Resolve phase,yes
Z-Inspection,Z-inspection,ACA,46,building the public engagement work to better understand the perspectives of different members of society on important issues and tradeoffs,11,Communication,Resolve phase,n/a
Z-Inspection,Z-inspection,ACA,47,"Identify the extent to which key tensions involve true dillemas, dillemas in practice or false dilemmas",23,Performance and Monitoring,Resolve phase,yes
Z-Inspection,Z-inspection,ACA,48,investigate the recommendations,25,Auditing Context,Resolve phase,yes
Z-Inspection,Z-inspection,ACA,49,Discuss the tradeoffs,25,Auditing Context,Resolve phase,yes
Z-Inspection,Z-inspection,ACA,50,perform ethical maintenance,23,Performance and Monitoring,Resolve phase,yes
Z-Inspection,Z-inspection,ACA,51,"peril of inaccurate inspection, be open to developments",22,System Design and Development,Resolve phase,yes
Responsible AI Toolkit PWC,Responsible AI Toolkit PWC,IND,1,Who is accountable for your AI system?,2,Human Oversight,from governance chapter,n/a
Responsible AI Toolkit PWC,Responsible AI Toolkit PWC,IND,2,Current and emerging regulatory overview,18,Auditability,from governance chapter,n/a
Responsible AI Toolkit PWC,Responsible AI Toolkit PWC,IND,3,Data bias assesment,12,Avoidance of Unfair Bias,from governance chapter,n/a
Responsible AI Toolkit PWC,Responsible AI Toolkit PWC,IND,4,Model interpretability assessment,6,"Reliability, Fall-back and Reproducibillity",from governance chapter,n/a
Responsible AI Toolkit PWC,Responsible AI Toolkit PWC,IND,5,ethics code of conduct,19,Risk Management,from governance chapter,n/a
Responsible AI Toolkit PWC,Responsible AI Toolkit PWC,IND,6,model inventory,9,Traceability,from governance chapter,n/a
Responsible AI Toolkit PWC,Responsible AI Toolkit PWC,IND,7,Transparency,10,Explainability,From interpretability & Explainability chapter,n/a
Responsible AI Toolkit PWC,Responsible AI Toolkit PWC,IND,8,Explainability,10,Explainability,From interpretability & Explainability chapter,n/a
Responsible AI Toolkit PWC,Responsible AI Toolkit PWC,IND,9,Provabilty,9,Traceability,"From interpretability & Explainability chapter, mathematical certainty behind dimensions",n/a
Responsible AI Toolkit PWC,Responsible AI Toolkit PWC,IND,10,Define fairness,12,Avoidance of Unfair Bias,From bias and unfairness chapter,n/a
Responsible AI Toolkit PWC,Responsible AI Toolkit PWC,IND,11,Bias detection Bias intervention,12,Avoidance of Unfair Bias,From bias and unfairness chapter,n/a
Responsible AI Toolkit PWC,Responsible AI Toolkit PWC,IND,12,Robustness,3,Resilience to Attack and Security,From robustness and security chapter,n/a
Responsible AI Toolkit PWC,Responsible AI Toolkit PWC,IND,13,AI solutions that have been secured so they cannot be gamed or have IP stolen,3,Resilience to Attack and Security,From robustness and security chapter,n/a
Responsible AI Toolkit PWC,Responsible AI Toolkit PWC,IND,14,AI solutions that act as designed and intended,5,Accuracy,From robustness and security chapter,n/a
Responsible AI Toolkit PWC,Responsible AI Toolkit PWC,IND,15,Security,3,Resilience to Attack and Security,From robustness and security chapter,n/a
Responsible AI Toolkit PWC,Responsible AI Toolkit PWC,IND,16,Ai solutions that produce reliable and consistent outcomes over time,6,"Reliability, Fall-back and Reproducibillity",From robustness and security chapter,n/a
Responsible AI Toolkit PWC,Responsible AI Toolkit PWC,IND,17,AI solutions that are unlikely to break or fail,6,"Reliability, Fall-back and Reproducibillity",From robustness and security chapter,n/a
Responsible AI Toolkit PWC,Responsible AI Toolkit PWC,IND,18,Ethical approach,26,Operational context and risks,From ethics and regulation chapter,yes
Responsible AI Toolkit PWC,Responsible AI Toolkit PWC,IND,19,fundamental human rights,21,Compliance and Legal,From ethics and regulation chapter,yes
Responsible AI Toolkit PWC,Responsible AI Toolkit PWC,IND,20,ethical AI epistemic and general principles,26,Operational context and risks,From ethics and regulation chapter,yes
Responsible AI Toolkit PWC,Responsible AI Toolkit PWC,IND,21,Contexualisation methodology,25,Auditing Context,From ethics and regulation chapter,yes
Responsible AI Toolkit PWC,Responsible AI Toolkit PWC,IND,22,operationalise ethics,26,Operational context and risks,From ethics and regulation chapter,yes
IAAIS,IAAIS,ACA,1,"proactively identify and enumerate potential risks to to public safety, and find acceptable methods of mitigating those issues",19,Risk Management,Principle 1: Assessments,n/a
IAAIS,IAAIS,ACA,2,Ensure that assessments address the full diversity of individuals and groups that might be users of or impacted by the system,17,Impact on Society at large or Democracy,Principle 1: Assessments,n/a
IAAIS,IAAIS,ACA,3,"Ensure assesments identify design tradeoffs, which reveal the strengths and weaknesses of alternatives",22,System Design and Development,Principle 1: Assessments,yes
IAAIS,IAAIS,ACA,4,provide evidence that risks were mitigated through including relevant information about the assesment techniques,19,Risk Management,Principle 1: Assessments,n/a
IAAIS,IAAIS,ACA,5,Make use of standards developed for risk assesments,19,Risk Management,Principle 1: Assessments,n/a
IAAIS,IAAIS,ACA,6,Make use of systematic methods for documenting key aspects of systems,9,Traceability,Principle 1: Assessments,n/a
IAAIS,IAAIS,ACA,7,Ensure stakeholder feedback on automated system operations,14,Stakeholder Participation,Principle 1: Assessments,n/a
IAAIS,IAAIS,ACA,8,Create an audit trail as to have failures be rigorously examined and accountability be asigned,9,Traceability,Principle 2: Audit Trail,n/a
IAAIS,IAAIS,ACA,9,make use of a black box that collects evidence of systems actions and the surrounding context for analysis after near misses and failures - which must be defined specific to the use case,9,Traceability,Principle 2: Audit Trail,n/a
IAAIS,IAAIS,ACA,10,"Besides a black box create a process that involves collecting witness testimony and forensic evidence, then – alongside data from the black box – interpreting all of the evidence to discover what happened,
why it happened, and what must be done to avoid it from happening again",9,Traceability,Principle 2: Audit Trail,n/a
IAAIS,IAAIS,ACA,11,"The Data collection and subsequent analysis could yield continuous improvement, although every change will require fresh verification and validation test",6,"Reliability, Fall-back and Reproducibillity",Principle 2: Audit Trail,n/a
IAAIS,IAAIS,ACA,12,Consider whether sharing some degree of meta-analysis could be useful to improve future system design.,22,System Design and Development,Principle 2: Audit Trail,yes
IAAIS,IAAIS,ACA,13,"Consider what data to collect, based on risks of failure and/or severity of harm in each industry",8,Data Governance,Principle 2: Audit Trail,n/a
IAAIS,IAAIS,ACA,14,Customize highly automated systems to suit geographic and sector-specific requirements is critical to their integration to society,17,Impact on Society at large or Democracy,Principle 3: Adherence,n/a
IAAIS,IAAIS,ACA,15,Introduce an independent oversight board to adjundicate over  questionable adherence to rules illuminated by an independent audit,18,Auditability,Principle 3: Adherence,n/a
IAAIS,IAAIS,ACA,16,introduce  sector boards that may contain committees or chapters to see to unique local requirements at each geographic level,26,Operational context and risks,Principle 3: Adherence,yes
VCIO,VCIO,IND,1,Is the data’s origin documented?,9,Traceability,Documentation of data sets,n/a
VCIO,VCIO,IND,2,Are the characteristics of data sets analysed and documented?,8,Data Governance,Documentation of data sets,n/a
VCIO,VCIO,IND,3,Are the characteristics of the AI system(s) documented?,10,Explainability,Documentation about the AI systems operation,n/a
VCIO,VCIO,IND,4,Are the characteristics of the AI Application documented?,10,Explainability,Documentation about the AI systems operation,n/a
VCIO,VCIO,IND,5,Have the most intelligible AI models/systems been selected that can fulfil the application purpose?,5,Accuracy,Intelligibility,n/a
VCIO,VCIO,IND,6,What degree of explainability including a regarding documentation is provided?,10,Explainability,Intelligibility,n/a
VCIO,VCIO,IND,7,Is the interface of the AI system/application designed in a way that adequately informs the user groups about the outcomes and mechanisms?,11,Communication,Intelligibility,n/a
VCIO,VCIO,IND,8,Are the explanations of the AI system/application outcome designed in a way that adequately informs the affected persons?,11,Communication,Intelligibility,n/a
VCIO,VCIO,IND,9,Who has access to the AI System and the AI application?,7,Privacy,Accessibility (outside of relevant authorities),n/a
VCIO,VCIO,IND,10,Who has access to the datasets?,7,Privacy,Accessibility (outside of relevant authorities),n/a
VCIO,VCIO,IND,11,Who has access to the documentation regarding the AI system/application and its data?,7,Privacy,Accessibility (outside of relevant authorities),n/a
VCIO,VCIO,IND,12,Who can see which data attributes (including preprocessing) were used as an input for the AI system/application to generate its output?,7,Privacy,Accessibility (outside of relevant authorities),n/a
VCIO,VCIO,IND,13,How detailed is the process of data collection and management logged/recorded and how easily can relevant stakeholders access it?,9,Traceability,Documentation of data sets,n/a
VCIO,VCIO,IND,14,Are the development and training process logged/recorded?,9,Traceability,Documentation of data sets,n/a
VCIO,VCIO,IND,15,Is the traceability of the systemcomposition (including soft- and hardwarecomposition and components) guaranteed?,9,Traceability,Documentation of data sets,n/a
VCIO,VCIO,IND,16,Are systems with a learning component monitored in their interaction with their environment throughout the runtime?,6,"Reliability, Fall-back and Reproducibillity",Documentation of data sets,n/a
VCIO,VCIO,IND,17,Is there a defined channel for giving feedback and obtain information about system characteristics?,11,Communication,Corporate/institutional liability (retrospective),n/a
VCIO,VCIO,IND,18,"How ""easy"" is the access to the feedback channels?",11,Communication,Corporate/institutional liability (retrospective),n/a
VCIO,VCIO,IND,19,Skippable if not HIC - Human in Command (Control): Is the user expertise needed to judge the results of the AI system to avoid overconfidence defined?,2,Human Oversight,Responsible Human Oversight,n/a
VCIO,VCIO,IND,20,Skippable if not HIC - Human in Command (Control): Which effort is needed to understand and interact with the AI system? (depending on the application context),2,Human Oversight,Responsible Human Oversight,n/a
VCIO,VCIO,IND,21,Skippable if not HITL - Human in the Loop: Which measures are taken to ensure that the AI system does not affect human autonomy by interfering with the operator’s decisionmaking process in an unintended way?,1,Human agency and Autonomy,Responsible Human Oversight,n/a
VCIO,VCIO,IND,22,Skippable if not HITL - Human in the Loop: Is the human takeover of the system designed so that the user understands the current state of the system and can therefore take over quickly?,1,Human agency and Autonomy,Responsible Human Oversight,n/a
VCIO,VCIO,IND,23,Skippable if not HOL - Human on the Loop: Does the system makes the decision parameters transparent and allows post-hoc changes?,1,Human agency and Autonomy,Responsible Human Oversight,n/a
VCIO,VCIO,IND,24,Does the organization comply to the GDPR?,8,Data Governance,Process for processing of data,n/a
VCIO,VCIO,IND,25,Which grade of anonymity has the used data?,7,Privacy,Process for processing of data,n/a
VCIO,VCIO,IND,26,Is it assured that no personal data can be extracted from the AI System?,7,Privacy,Process for processing of data,n/a
VCIO,VCIO,IND,27,"What measure have been taken, to prevent attacks on the AI System and Application with the aim to inferred data/information?",3,Resilience to Attack and Security,Process for processing of data,n/a
VCIO,VCIO,IND,28,Is the privacy impact assessment presented in the consent process?,7,Privacy,"Consent-Process, information and influence for users and affected persons",n/a
VCIO,VCIO,IND,29,Is the privacy impact assessment accessible for affected Persons?,7,Privacy,"Consent-Process, information and influence for users and affected persons",n/a
VCIO,VCIO,IND,30,Can affected persons review and rectify data concerning them?,14,Stakeholder Participation,"Consent-Process, information and influence for users and affected persons",n/a
VCIO,VCIO,IND,31,Design of the Consent-Process,14,Stakeholder Participation,"Consent-Process, information and influence for users and affected persons",n/a
VCIO,VCIO,IND,32,Are all entities impacted and/or influenced by the system considered?,14,Stakeholder Participation,Assuring fairness during development,n/a
VCIO,VCIO,IND,33,Are target groups defined?,14,Stakeholder Participation,Assuring fairness during development,n/a
VCIO,VCIO,IND,34,Are there marginalised entities within the target group and does risk arise for them being marginalised?,13,Accesability and Unfair Design,Assuring fairness during development,n/a
VCIO,VCIO,IND,35,Is there a commitment to a fairness definition that considers the previous two questions?,12,Avoidance of Unfair Bias,Assuring fairness during development,n/a
VCIO,VCIO,IND,36,Are metrics to track/evaluate fairness with respect to F1.2 and F1.4 in place?,12,Avoidance of Unfair Bias,Assuring fairness during development,n/a
VCIO,VCIO,IND,37,"Has the data been analysed for potential harmful, unintended biases with regard to F1.4 and F1.5?",12,Avoidance of Unfair Bias,Assuring fairness during development,n/a
VCIO,VCIO,IND,38,"Have trade-offs between fairness and other objectives been identified, assessed, and justified?",13,Accesability and Unfair Design,Assuring fairness during development,n/a
VCIO,VCIO,IND,39,Skippable if no external participation Are the working conditions of external persons involved in the labelling process evaluated?,14,Stakeholder Participation,Working and Supply Chain Conditions,n/a
VCIO,VCIO,IND,40,Is the supply chain monitored to evaluate working conditions and to prevent human rights violation and child labour?,17,Impact on Society at large or Democracy,Working and Supply Chain Conditions,n/a
VCIO,VCIO,IND,41,"Are data centres or servers, which are used for developing, supplied with renewable energy?",15,Environmental Well-Being,Ecological Sustain Development,n/a
VCIO,VCIO,IND,42,Is a report available detailing of energy consumption during training of the AI system?,15,Environmental Well-Being,Ecological Sustain Development,n/a
VCIO,VCIO,IND,43,How is the disposal of electronic waste processed?,15,Environmental Well-Being,Ecological Sustain Development,n/a
VCIO,VCIO,IND,44,Is the operational design domain of the AI system / application clearly defined and documented?,8,Data Governance,Robustness & Reliability qua Design,n/a
VCIO,VCIO,IND,45,"Was ensured, that the quality and quantity of the data fit to the intended purpose and Operational Design Domain?",8,Data Governance,Robustness & Reliability qua Design,n/a
VCIO,VCIO,IND,46,Was the quality of the development of the AI systems ensured?,6,"Reliability, Fall-back and Reproducibillity",Robustness & Reliability qua Design,n/a
VCIO,VCIO,IND,47,Is the system robust against varying environments (i.e. distribution shift) and outliers?,6,"Reliability, Fall-back and Reproducibillity",Robustness & Reliability qua Design,n/a
VCIO,VCIO,IND,48,"Are all possible risks assesed and the harms the system could have classified (e.g. life and health, violation of rights etc.)?",4,General Safety,Robustness & Reliability qua Design,n/a
VCIO,VCIO,IND,49,"Are measures in place to ensure the integrity, robustness, and overall security of the AI system / application against potential attacks over its life cycle?",3,Resilience to Attack and Security,Robustness & Reliability qua Design,n/a
VCIO,VCIO,IND,50,Are end-users informed of the duration of security coverage and updates? What length is the expected timeframe within which security updates for the AI system/application will be provided?,11,Communication,Robustness & Reliability qua Design,n/a
VCIO,VCIO,IND,51,"Are technical documentations documented, including standards, that need to be applied by the AI system/application?",9,Traceability,Robustness & Reliability qua Design,n/a
VCIO,VCIO,IND,52,Is the applied AI lifecycle management robust to changes in the operational domain?,6,"Reliability, Fall-back and Reproducibillity",Robustness & Reliability in Operation,n/a
VCIO,VCIO,IND,53,Is a failure mitigation strategy for the AIbased system in place?,6,"Reliability, Fall-back and Reproducibillity",Robustness & Reliability in Operation,n/a
FairLens,FairLens,ACA,1,"Group patients based on demographic attributes (e.g., age, ethnicity, gender, insurance type).",8,Data Governance,Stratification,n/a
FairLens,FairLens,ACA,2,Evaluate model performance on stratified groups using disparity functions.,0,UNMAPPED,Scoring,not_found
FairLens,FairLens,ACA,3,Rank groups based on performance disparity scores.,0,UNMAPPED,Ranking,not_found
FairLens,FairLens,ACA,4,Check for systematic biases in flagged groups by analyzing over- or under-represented codes,12,Avoidance of Unfair Bias,Inspection,n/a
FairLens,FairLens,ACA,5,Use XAI techniques to explain reasons behind model misclassifications,10,Explainability,Explanation,n/a
FairLens,FairLens,ACA,6,Summarize local explanations into global rules and present in a human-readable format,18,Auditability,Reporting,n/a
ICO AI,ICO AI,GOV,1,Establish AI governance frameworks.,21,Compliance and Legal,AI Governance and Risk Management,yes
ICO AI,ICO AI,GOV,2,Train teams and align roles with AI governance strategies.,19,Risk Management,AI Governance and Risk Management,n/a
ICO AI,ICO AI,GOV,3,Regularly review and update risk management strategies.,19,Risk Management,AI Governance and Risk Management,n/a
ICO AI,ICO AI,GOV,4,Develop an understanding of risks to individuals’ rights.,19,Risk Management,Risk Appetite,n/a
ICO AI,ICO AI,GOV,5,Balance organizational interests with compliance requirements.,19,Risk Management,Risk Appetite,n/a
ICO AI,ICO AI,GOV,6,Use risk assessment frameworks.,19,Risk Management,Risk Appetite,n/a
ICO AI,ICO AI,GOV,7,Mandatory for AI systems processing personal data.,8,Data Governance,Data Protection Impact Assessments (DPIAs),n/a
ICO AI,ICO AI,GOV,8,Conduct DPIAs early in the AI project lifecycle.,8,Data Governance,Data Protection Impact Assessments (DPIAs),n/a
ICO AI,ICO AI,GOV,9,Systematic description of processing activities.,9,Traceability,Data Protection Impact Assessments (DPIAs),n/a
ICO AI,ICO AI,GOV,10,Assess necessity and proportionality.,23,Performance and Monitoring,Data Protection Impact Assessments (DPIAs),yes
ICO AI,ICO AI,GOV,11,Identify and assess risks.,19,Risk Management,Data Protection Impact Assessments (DPIAs),n/a
ICO AI,ICO AI,GOV,12,Document and review DPIA regularly.,19,Risk Management,Data Protection Impact Assessments (DPIAs),n/a
ICO AI,ICO AI,GOV,13,"Identify roles (controller, processor, joint controller).",19,Risk Management,Controller/Processor Relationships,n/a
ICO AI,ICO AI,GOV,14,Clarify responsibilities and document them.,9,Traceability,Controller/Processor Relationships,n/a
ICO AI,ICO AI,GOV,15,Ensure compliance with data protection laws.,8,Data Governance,Controller/Processor Relationships,n/a
ICO AI,ICO AI,GOV,16,Balance between privacy and other interests.,7,Privacy,Managing AI-related Trade-offs,n/a
ICO AI,ICO AI,GOV,17,Address trade-offs between privacy and statistical accuracy.,7,Privacy,Managing AI-related Trade-offs,n/a
ICO AI,ICO AI,GOV,18,Consider explainability versus statistical accuracy.,10,Explainability,Managing AI-related Trade-offs,n/a
ICO AI,ICO AI,GOV,19,Document trade-offs and their justifications.,9,Traceability,Managing AI-related Trade-offs,n/a
ICO AI,ICO AI,GOV,20,Identify and document the lawful basis for processing personal data.,8,Data Governance,Lawful Basis for Processing,n/a
ICO AI,ICO AI,GOV,21,Ensure AI systems are statistically accurate.,5,Accuracy,Statistical Accuracy,n/a
ICO AI,ICO AI,GOV,22,Address risks related to inaccuracy and discrimination.,13,Accesability and Unfair Design,Statistical Accuracy,n/a
ICO AI,ICO AI,GOV,23,Implement measures to mitigate biases.,12,Avoidance of Unfair Bias,Bias and Discrimination,n/a
ICO AI,ICO AI,GOV,24,Ensure fair processing.,12,Avoidance of Unfair Bias,Bias and Discrimination,n/a
ICO AI,ICO AI,GOV,25,Make AI systems explainable.,10,Explainability,Transparency,n/a
ICO AI,ICO AI,GOV,26,Balance transparency with protection of proprietary information and personal data.,10,Explainability,Transparency,n/a
ICO AI,ICO AI,GOV,27,Collect only necessary data.,7,Privacy,Data Minimisation,n/a
ICO AI,ICO AI,GOV,28,Minimise the use of personal data in AI models.,8,Data Governance,Data Minimisation,n/a
ICO AI,ICO AI,GOV,29,Implement robust security measures.,3,Resilience to Attack and Security,Security,n/a
ICO AI,ICO AI,GOV,30,Address risks such as model inversion and membership inference attacks.,3,Resilience to Attack and Security,Security,n/a
ICO AI,ICO AI,GOV,31,Regularly update security practices.,3,Resilience to Attack and Security,Security,n/a
ICO AI,ICO AI,GOV,32,"Respect individual rights under data protection law (access, rectification, erasure).",17,Impact on Society at large or Democracy,Exercise of Rights,n/a
ICO AI,ICO AI,GOV,33,Provide human oversight and review.,2,Human Oversight,Automated Decision-Making,n/a
ICO AI,ICO AI,GOV,34,Ensure meaningful human intervention in automated decisions.,2,Human Oversight,Automated Decision-Making,n/a
ICO AI,ICO AI,GOV,35,Specific Considerations and Additional Guidance,26,Operational context and risks,Automated Decision-Making,yes
ICO AI,ICO AI,GOV,36,Documentation and demonstration of compliance.,9,Traceability,Accountability and Governance Implications,n/a
ICO AI,ICO AI,GOV,37,Controller/processor dynamics in AI supply chains.,27,Third-party risks,Accountability and Governance Implications,yes
ICO AI,ICO AI,GOV,38,Detailed description of data processing.,9,Traceability,AI-specific DPIA Considerations,n/a
ICO AI,ICO AI,GOV,39,Early-stage DPIA for AI projects.,8,Data Governance,AI-specific DPIA Considerations,n/a
ICO AI,ICO AI,GOV,40,"Consideration of necessity, proportionality, and risk mitigation.",19,Risk Management,AI-specific DPIA Considerations,n/a
ICO AI,ICO AI,GOV,41,Privacy versus statistical accuracy.,7,Privacy,Trade-offs in AI Systems,n/a
ICO AI,ICO AI,GOV,42,Explainability versus statistical accuracy.,10,Explainability,Trade-offs in AI Systems,n/a
ICO AI,ICO AI,GOV,43,Balancing commercial security with data protection requirements.,4,General Safety,Trade-offs in AI Systems,n/a
ICO AI,ICO AI,GOV,44,Regular review and documentation of trade-offs.,9,Traceability,Trade-offs in AI Systems,n/a
ICO AI,ICO AI,GOV,45,Conduct independent evaluations of third-party AI solutions.,27,Third-party risks,Outsourcing and Third-party AI Systems,yes
ICO AI,ICO AI,GOV,46,Ensure third-party systems meet data protection requirements.,8,Data Governance,Outsourcing and Third-party AI Systems,n/a
Algorithmic Audit,Algorithmic Audit,ACA,1,Perform a preliminary audit purpose analysis,18,Auditability,Preliminary,n/a
Algorithmic Audit,Algorithmic Audit,ACA,2,Perform a algorithm context analysis,19,Risk Management,Preliminary,n/a
Algorithmic Audit,Algorithmic Audit,ACA,3,a comprehensive list of relevant stakeholder interests,14,Stakeholder Participation,Basic element nm. 1,n/a
Algorithmic Audit,Algorithmic Audit,ACA,4,Societal bias,12,Avoidance of Unfair Bias,Metrics to be audited and classified,n/a
Algorithmic Audit,Algorithmic Audit,ACA,5,Statistical bias,12,Avoidance of Unfair Bias,Metrics to be audited and classified,n/a
Algorithmic Audit,Algorithmic Audit,ACA,6,Accuracy,5,Accuracy,Metrics to be audited and classified,n/a
Algorithmic Audit,Algorithmic Audit,ACA,7,Stability and repeatability,6,"Reliability, Fall-back and Reproducibillity",Metrics to be audited and classified,n/a
Algorithmic Audit,Algorithmic Audit,ACA,8,Efficiency of data use,8,Data Governance,Metrics to be audited and classified,n/a
Algorithmic Audit,Algorithmic Audit,ACA,9,Transparency of architecture,10,Explainability,Metrics to be audited and classified,n/a
Algorithmic Audit,Algorithmic Audit,ACA,10,Explainability,10,Explainability,Metrics to be audited and classified,n/a
Algorithmic Audit,Algorithmic Audit,ACA,11,Transparency of use,11,Communication,Metrics to be audited and classified,n/a
Algorithmic Audit,Algorithmic Audit,ACA,12,Transparency of data use & collection,11,Communication,Metrics to be audited and classified,n/a
Algorithmic Audit,Algorithmic Audit,ACA,13,Potential for misuse and abuse,4,General Safety,Metrics to be audited and classified,n/a
Algorithmic Audit,Algorithmic Audit,ACA,14,Infringement of legal rights,17,Impact on Society at large or Democracy,Metrics to be audited and classified,n/a
Algorithmic Audit,Algorithmic Audit,ACA,15,Security & access in use of the algorithm,3,Resilience to Attack and Security,Metrics to be audited and classified,n/a
Algorithmic Audit,Algorithmic Audit,ACA,16,Data security & access,8,Data Governance,Metrics to be audited and classified,n/a
Algorithmic Audit,Algorithmic Audit,ACA,17,Create relevancy metrics,25,Auditing Context,Audit results,yes
Algorithmic Audit,Algorithmic Audit,ACA,18,Review the audit results,25,Auditing Context,Audit results,yes
Algorithmic Audit,Algorithmic Audit,ACA,19,Resolve problematic relevancy metrics,19,Risk Management,Audit results,n/a
AI RMF,AI RMF,GOV,1,"Legal and regulatory requirements involving AI are understood, managed, and documented.",21,Compliance and Legal,"GOVERN 1: Policies, processes, procedures, and practices across the organization related to the mapping, measuring, and managing of AI risks are in place, transparent, and implemented effectively",yes
AI RMF,AI RMF,GOV,2,"The characteristics of trustworthy AI are integrated into organizational policies, processes, and procedures.",21,Compliance and Legal,"GOVERN 1: Policies, processes, procedures, and practices across the organization related to the mapping, measuring, and managing of AI risks are in place, transparent, and implemented effectively",yes
AI RMF,AI RMF,GOV,3,The risk management process and its outcomes are established through transparent mechanisms and all significant risks as determined are measured.,19,Risk Management,"GOVERN 1: Policies, processes, procedures, and practices across the organization related to the mapping, measuring, and managing of AI risks are in place, transparent, and implemented effectively",n/a
AI RMF,AI RMF,GOV,4,"Ongoing monitoring and periodic review of the risk management process and its outcomes are planned, with organizational roles and responsibilities clearly defined.",19,Risk Management,"GOVERN 1: Policies, processes, procedures, and practices across the organization related to the mapping, measuring, and managing of AI risks are in place, transparent, and implemented effectively",n/a
AI RMF,AI RMF,GOV,5,"Roles and responsibilities and lines of communication related to mapping, measuring, and managing AI risks are documented and are clear to individuals and teams throughout the organization.",2,Human Oversight,"GOVERN 2: Accountability structures are in place so that the appropriate teams and individuals are empowered, responsible, and trained for mapping, measuring, and managing AI risks.",n/a
AI RMF,AI RMF,GOV,6,"The organization’s personnel and partners are provided AI risk management training to enable them to perform their duties and responsibilities consistent with related policies, procedures, and agreements.",19,Risk Management,"GOVERN 2: Accountability structures are in place so that the appropriate teams and individuals are empowered, responsible, and trained for mapping, measuring, and managing AI risks.",n/a
AI RMF,AI RMF,GOV,7,Executive leadership of the organization considers decisions about risks associated with AI system development and deployment to be their responsibility.,2,Human Oversight,"GOVERN 2: Accountability structures are in place so that the appropriate teams and individuals are empowered, responsible, and trained for mapping, measuring, and managing AI risks.",n/a
AI RMF,AI RMF,GOV,8,"Decision-making related to mapping, measuring, and managing AI risks throughout the lifecycle is informed by a demographically and disciplinarily diverse team including internal and external personnel. Specifically, teams that are directly engaged with identifying design considerations and risks include a diversity of experience, expertise, and backgrounds to ensure AI systems meet requirements beyond a narrow subset of users.",14,Stakeholder Participation,"GOVERN 3: Workforce diversity, equity, inclusion, and accessibility processes are prioritized in the mapping, measuring, and managing of AI risks throughout the lifecycle.",n/a
AI RMF,AI RMF,GOV,9,"Organizational practices are in place to foster a critical thinking and safety-first mindset in the design, development, and deployment of AI systems to minimize negative impacts.",19,Risk Management,GOVERN 4: Organizational teams are committed to a culture that considers and communicates risk.,n/a
AI RMF,AI RMF,GOV,10,"Organizational teams document the risks and impacts of the technology they design, develop, or deploy and communicate about the impacts more broadly.",19,Risk Management,GOVERN 4: Organizational teams are committed to a culture that considers and communicates risk.,n/a
AI RMF,AI RMF,GOV,11,"Organizational practices are in place to enable testing, identification of incidents, and information sharing.",6,"Reliability, Fall-back and Reproducibillity",GOVERN 4: Organizational teams are committed to a culture that considers and communicates risk.,n/a
AI RMF,AI RMF,GOV,12,"Organizational policies and practices are in place to collect, consider, prioritize, and integrate external stakeholder feedback regarding the potential individual and societal impacts related to AI risks.",14,Stakeholder Participation,GOVERN 5: Processes are in place for robust stakeholder engagement.,n/a
AI RMF,AI RMF,GOV,13,Mechanisms are established to enable AI actors to regularly incorporate adjudicated stakeholder feedback into system design and implementation,14,Stakeholder Participation,GOVERN 5: Processes are in place for robust stakeholder engagement.,n/a
AI RMF,AI RMF,GOV,14,Policies and procedures are in place that address risks associated with third-party entities.,19,Risk Management,GOVERN 6: Policies and procedures are in place to address AI risks arising from third-party software and data and other supply chain issues.,n/a
AI RMF,AI RMF,GOV,15,Contingency processes are in place to handle failures or incidents in third-party data or AI systems deemed to be high-risk.,6,"Reliability, Fall-back and Reproducibillity",GOVERN 6: Policies and procedures are in place to address AI risks arising from third-party software and data and other supply chain issues.,n/a
AI RMF,AI RMF,GOV,16,"Intended purpose, prospective settings in which the AI system will be deployed, the specific set or types of users along with their expectations, and impacts of system use are understood and documented. Assumptions and related limitations about AI system purpose and use are enumerated, documented, and tied to TEVV considerations and system metrics.",9,Traceability,MAP 1: Context is established and understood.,n/a
AI RMF,AI RMF,GOV,17,"Inter-disciplinary AI actors, competencies, skills, and capacities for establishing context reflect demographic diversity and broad domain and user experience expertise, and their participation is documented. Opportunities for interdisciplinary collaboration are prioritized.",17,Impact on Society at large or Democracy,MAP 1: Context is established and understood.,n/a
AI RMF,AI RMF,GOV,18,The business value or context of business use has been clearly defined or – in the case of assessing existing AI systems – re-evaluated.,20,Organisational context and Strategy,MAP 1: Context is established and understood.,yes
AI RMF,AI RMF,GOV,19,The organization’s mission and relevant goals for the AI technology are understood.,20,Organisational context and Strategy,MAP 1: Context is established and understood.,yes
AI RMF,AI RMF,GOV,20,Organizational risk tolerances are determined.,19,Risk Management,MAP 1: Context is established and understood.,n/a
AI RMF,AI RMF,GOV,21,"Practices and personnel for design activities enable regular engagement with stakeholders, and integrate actionable user and community feedback about unanticipated negative impacts.",14,Stakeholder Participation,MAP 1: Context is established and understood.,n/a
AI RMF,AI RMF,GOV,22,"System requirements (e.g., “the system shall respect the privacy of its users”) are elicited and understood from stakeholders. Design decisions take socio-technical implications into account to address AI risks.",17,Impact on Society at large or Democracy,MAP 1: Context is established and understood.,n/a
AI RMF,AI RMF,GOV,23,"The specific task, and methods used to implement the task, that the AI system will support is defined (e.g., classifiers, generative models, recommenders).",10,Explainability,MAP 2: Classification of the AI system is performed.,n/a
AI RMF,AI RMF,GOV,24,Information is documented about the system’s knowledge limits and how output will be utilized and overseen by humans,2,Human Oversight,MAP 2: Classification of the AI system is performed.,n/a
AI RMF,AI RMF,GOV,25,"Scientific integrity and TEVV considerations are identified and documented, including those related to experimental design, data collection and selection (e.g., availability, representativeness, suitability), and construct validation.",9,Traceability,MAP 2: Classification of the AI system is performed.,n/a
AI RMF,AI RMF,GOV,26,Benefits of intended system functionality and performance are examined and documented.,10,Explainability,"MAP 3: AI capabilities, targeted usage, goals, and expected benefits and costs compared with the status quo are understood.",n/a
AI RMF,AI RMF,GOV,27,"Potential costs, including non-monetary costs, which result from expected or realized errors or system performance are examined and documented.",9,Traceability,"MAP 3: AI capabilities, targeted usage, goals, and expected benefits and costs compared with the status quo are understood.",n/a
AI RMF,AI RMF,GOV,28,"Targeted application scope is specified, narrowed, and documented based on established context and AI system classification.",25,Auditing Context,"MAP 3: AI capabilities, targeted usage, goals, and expected benefits and costs compared with the status quo are understood.",yes
AI RMF,AI RMF,GOV,29,Approaches for mapping third-party technology risks are in place and documented.,19,Risk Management,MAP 4: Risks and benefits are mapped for third-party software and data.,n/a
AI RMF,AI RMF,GOV,30,Internal risk controls for third-party technology risks are in place and documented.,19,Risk Management,MAP 4: Risks and benefits are mapped for third-party software and data.,n/a
AI RMF,AI RMF,GOV,31,"Potential positive and negative impacts to individuals, groups, communities, organizations, and society are regularly identified and documented.",17,Impact on Society at large or Democracy,"MAP 5: Impacts to individuals, groups, communities, organizations, and society are assessed.",n/a
AI RMF,AI RMF,GOV,32,"Likelihood and magnitude of each identified impact based on expected use, past uses of AI systems in similar contexts, public incident reports, stakeholder feedback, or other data are identified and documented",17,Impact on Society at large or Democracy,"MAP 5: Impacts to individuals, groups, communities, organizations, and society are assessed.",n/a
AI RMF,AI RMF,GOV,33,"Assessments of benefits versus impacts are based on analyses of impact, magnitude, and likelihood of risk.",17,Impact on Society at large or Democracy,"MAP 5: Impacts to individuals, groups, communities, organizations, and society are assessed.",n/a
AI RMF,AI RMF,GOV,34,"Approaches and metrics for quantitative or qualitative measurement of the most significant risks, identified by the outcome of the Map function, including context-relevant measures of trustworthiness are identified and selected for implementation. The risks or trustworthiness characteristics that will not be measured are properly documented.",19,Risk Management,MEASURE 1: Appropriate methods and metrics are identified and applied.,n/a
AI RMF,AI RMF,GOV,35,Appropriateness of metrics and effectiveness of existing controls is regularly assessed and updated.,19,Risk Management,MEASURE 1: Appropriate methods and metrics are identified and applied.,n/a
AI RMF,AI RMF,GOV,36,"Internal experts who did not serve as front-line developers for the system and/or independent assessors are involved in regular assessments and updates. Domain experts, users, and external stakeholders and affected communities are consulted in support of assessments.",14,Stakeholder Participation,MEASURE 1: Appropriate methods and metrics are identified and applied.,n/a
AI RMF,AI RMF,GOV,37,"Test sets, metrics, and details about the tools used during test, evaluation, validation, and verification (TEVV) are documented.",5,Accuracy,MEASURE 1: Appropriate methods and metrics are identified and applied.,n/a
AI RMF,AI RMF,GOV,38,Evaluations involving human subjects comply with human subject protection requirements; and human subjects or datasets are representative of the intended population.,1,Human agency and Autonomy,MEASURE 2: Systems are evaluated for trustworthy characteristics.,n/a
AI RMF,AI RMF,GOV,39,System performance or assurance criteria are measured qualitatively or quantitatively and demonstrated for conditions similar to deployment setting(s). Measures are documented.,6,"Reliability, Fall-back and Reproducibillity",MEASURE 2: Systems are evaluated for trustworthy characteristics.,n/a
AI RMF,AI RMF,GOV,40,Deployed product is demonstrated to be valid and reliable. Limitations of the generalizability beyond the conditions under which the technology was developed are documented.,6,"Reliability, Fall-back and Reproducibillity",MEASURE 2: Systems are evaluated for trustworthy characteristics.,n/a
AI RMF,AI RMF,GOV,41,"AI system is evaluated regularly for safety. Deployed product is demonstrated to be safe and can fail safely and gracefully if it is made to operate beyond its knowledge limits. Safety metrics implicate system reliability and robustness, real-time monitoring, and response times for AI system failures.",4,General Safety,MEASURE 2: Systems are evaluated for trustworthy characteristics.,n/a
AI RMF,AI RMF,GOV,42,Computational bias is evaluated regularly and results are documented.,12,Avoidance of Unfair Bias,MEASURE 2: Systems are evaluated for trustworthy characteristics.,n/a
AI RMF,AI RMF,GOV,43,AI system resilience and security is evaluated regularly and documented.,3,Resilience to Attack and Security,MEASURE 2: Systems are evaluated for trustworthy characteristics.,n/a
AI RMF,AI RMF,GOV,44,"AI model is explained, validated, and documented. AI system output is interpreted within its context and to inform responsible use and governance.",10,Explainability,MEASURE 2: Systems are evaluated for trustworthy characteristics.,n/a
AI RMF,AI RMF,GOV,45,Privacy risk of the AI system is examined regularly and documented.,7,Privacy,MEASURE 2: Systems are evaluated for trustworthy characteristics.,n/a
AI RMF,AI RMF,GOV,46,Environmental impact and sustainability of model training and management activities are assessed and documented.,15,Environmental Well-Being,MEASURE 2: Systems are evaluated for trustworthy characteristics.,n/a
AI RMF,AI RMF,GOV,47,"Approaches, personnel, and documentation are in place to regularly identify and track existing and emergent risks based on factors such as intended and actual performance in deployed contexts.",19,Risk Management,MEASURE 3: Mechanisms for tracking identified risks over time are in place.,n/a
AI RMF,AI RMF,GOV,48,Risk tracking approaches are considered for settings where risks are difficult to assess using currently available measurement techniques or are not yet available.,19,Risk Management,MEASURE 3: Mechanisms for tracking identified risks over time are in place.,n/a
AI RMF,AI RMF,GOV,49,Measurement approaches for identifying risks are connected to deployment context(s) and informed through consultation with domain experts and other end users. Approaches are documented.,19,Risk Management,MEASURE 4: Feedback about efficacy of measurement is gathered and assessed.,n/a
AI RMF,AI RMF,GOV,50,Measurement results regarding system trustworthiness in deployment context(s) are informed by domain expert and other stakeholder feedback to validate whether the system is performing consistently as intended. Results are documented.,19,Risk Management,MEASURE 4: Feedback about efficacy of measurement is gathered and assessed.,n/a
AI RMF,AI RMF,GOV,51,"Measurable performance improvements (e.g., participatory methods) based on stakeholder consultations are identified and documented.",14,Stakeholder Participation,MEASURE 4: Feedback about efficacy of measurement is gathered and assessed.,n/a
AI RMF,AI RMF,GOV,52,Determination is made about whether the AI system achieves its intended purpose and stated objectives and should proceed in development or deployment.,22,System Design and Development,"MANAGE 1: AI risks based on impact assessments and other analytical output from the Map and Measure functions are prioritized, responded to, and managed.",yes
AI RMF,AI RMF,GOV,53,"Treatment of documented risks is prioritized based on impact, likelihood, and available resources methods.",19,Risk Management,"MANAGE 1: AI risks based on impact assessments and other analytical output from the Map and Measure functions are prioritized, responded to, and managed.",n/a
AI RMF,AI RMF,GOV,54,"Responses to the most significant risks, identified by the Map function, are developed, planned, and documented. Risk response options can include mitigating, transferring, sharing, avoiding, or accepting.",19,Risk Management,"MANAGE 1: AI risks based on impact assessments and other analytical output from the Map and Measure functions are prioritized, responded to, and managed.",n/a
AI RMF,AI RMF,GOV,55,"Resources required to manage risks are taken into account, along with viable alternative systems, approaches, or methods, and related reduction in severity of impact or likelihood of each potential action.",19,Risk Management,"MANAGE 2: Strategies to maximize benefits and minimize negative impacts are planned, prepared, implemented, and documented, and informed by stakeholder input.",n/a
AI RMF,AI RMF,GOV,56,Mechanisms are in place and applied to sustain the value of deployed AI systems.,20,Organisational context and Strategy,"MANAGE 2: Strategies to maximize benefits and minimize negative impacts are planned, prepared, implemented, and documented, and informed by stakeholder input.",yes
AI RMF,AI RMF,GOV,57,"Mechanisms are in place and applied to supersede, disengage, or deactivate AI systems that demonstrate performance or outcomes inconsistent with intended use.",6,"Reliability, Fall-back and Reproducibillity","MANAGE 2: Strategies to maximize benefits and minimize negative impacts are planned, prepared, implemented, and documented, and informed by stakeholder input.",n/a
AI RMF,AI RMF,GOV,58,"Risks from third-party resources are regularly monitored, and risk controls are applied and documented.",19,Risk Management,MANAGE 3: Risks from third-party entities are managed.,n/a
AI RMF,AI RMF,GOV,59,"Post-deployment system monitoring plans are implemented, including mechanisms for capturing and evaluating user and stakeholder feedback, appeal and override, decommissioning, incident response, and change management.",6,"Reliability, Fall-back and Reproducibillity",MANAGE 4: Responses to identified and measured risks are documented and monitored regularly,n/a
AI RMF,AI RMF,GOV,60,Measurable continuous improvement activities are integrated into system updates and include regular stakeholder engagement.,14,Stakeholder Participation,MANAGE 4: Responses to identified and measured risks are documented and monitored regularly,n/a
SMACTR,SMACTR,ACA,1,Clarify the objective of the audit,18,Auditability,Scoping stage,n/a
SMACTR,SMACTR,ACA,2,discuss intended use cases,26,Operational context and risks,Scoping stage,yes
SMACTR,SMACTR,ACA,3,identify analogous deployments,26,Operational context and risks,Scoping stage,yes
SMACTR,SMACTR,ACA,4,"declaration of ethical objectives, standards or ai principles from engineering team",20,Organisational context and Strategy,Scoping stage,yes
SMACTR,SMACTR,ACA,5,does the technology align with a set of ethical values or principles?,26,Operational context and risks,Scoping stage,yes
SMACTR,SMACTR,ACA,6,discuss the impact on a social level,17,Impact on Society at large or Democracy,Scoping stage,n/a
SMACTR,SMACTR,ACA,7,ensure a critical range of viewpoints is present in the process,14,Stakeholder Participation,Scoping stage,n/a
SMACTR,SMACTR,ACA,8,have the project reviewed by an ethical board,20,Organisational context and Strategy,Scoping stage,yes
SMACTR,SMACTR,ACA,9,create a social impact assesment,17,Impact on Society at large or Democracy,Scoping stage,n/a
SMACTR,SMACTR,ACA,10,Map internal stakeholders,14,Stakeholder Participation,Mapping stage,n/a
SMACTR,SMACTR,ACA,11,identify key collaborators for the audit,14,Stakeholder Participation,Mapping stage,n/a
SMACTR,SMACTR,ACA,12,create a system map,26,Operational context and risks,Mapping stage,yes
SMACTR,SMACTR,ACA,13,create a product development lifecycle,9,Traceability,Mapping stage,n/a
SMACTR,SMACTR,ACA,14,create a system engineering overview,9,Traceability,Mapping stage,n/a
SMACTR,SMACTR,ACA,15,Create a design history file,9,Traceability,Mapping stage,n/a
SMACTR,SMACTR,ACA,16,Create a ethnographic field study,17,Impact on Society at large or Democracy,Mapping stage,n/a
SMACTR,SMACTR,ACA,17,"Create a design checklist, document processes",9,Traceability,Artefact collecting stage,n/a
SMACTR,SMACTR,ACA,18,Collect model cars of the model,9,Traceability,Artefact collecting stage,n/a
SMACTR,SMACTR,ACA,19,collect datasheets for datasets,9,Traceability,Artefact collecting stage,n/a
SMACTR,SMACTR,ACA,20,Perform adversial testing to find security and privacy matters,3,Resilience to Attack and Security,Testing stage,n/a
SMACTR,SMACTR,ACA,21,make an ethical risk analysis chart,19,Risk Management,Testing stage,n/a
SMACTR,SMACTR,ACA,22,Update and finalize the final risk analysis,19,Risk Management,The reflection stage,n/a
SMACTR,SMACTR,ACA,23,Outline specific principles that might be jeopardized,17,Impact on Society at large or Democracy,The reflection stage,n/a
SMACTR,SMACTR,ACA,24,Develop a mitigation plan,6,"Reliability, Fall-back and Reproducibillity",The reflection stage,n/a
SMACTR,SMACTR,ACA,25,develop the algorithmic audit summary report,18,Auditability,The reflection stage,n/a
Understanding Algorithms,Understanding Algorithms,GOV,1,Does the algorithm have a clearly defined purpose?,20,Organisational context and Strategy,,yes
Understanding Algorithms,Understanding Algorithms,GOV,2,Is there an assessment of the risks regarding the use of the algorithm at fixed (periodic) moments?,19,Risk Management,,n/a
Understanding Algorithms,Understanding Algorithms,GOV,3,Does the organisation have access to sufficient expertise in both qualitative and quantitative terms?,24,Training and Awareness,,yes
Understanding Algorithms,Understanding Algorithms,GOV,4,Has the entire process (life cycle) surrounding the algorithm been documented?,9,Traceability,,n/a
Understanding Algorithms,Understanding Algorithms,GOV,5,"Have roles, tasks, responsibilities and powers (including ownership) been defined and have these been applied in practice?",24,Training and Awareness,,yes
Understanding Algorithms,Understanding Algorithms,GOV,6,Is there an agreed and documented policy on quality and performance objectives for algorithms?,21,Compliance and Legal,,yes
Understanding Algorithms,Understanding Algorithms,GOV,7,"When outsourcing parts or activities related to the algorithm, have arrangements been made and documentented with the external parties involved?",14,Stakeholder Participation,,n/a
Understanding Algorithms,Understanding Algorithms,GOV,8,"Is the algorithm monitored at regular intervals (at least in relation to availability, performance/quality, safety, compliance with current legislation and regulations, and outsourcing)?",9,Traceability,,n/a
Understanding Algorithms,Understanding Algorithms,GOV,9,Does the algorithm have a purpose and has this been translated into practical features with respect to the model and data used? Which particular task or aspect of operational management is the algorithm intended to support?,20,Organisational context and Strategy,,yes
Understanding Algorithms,Understanding Algorithms,GOV,10,"Does the algorithm has a shared purpose, and is this clear and explainable to the owner, developer and user?",10,Explainability,,n/a
Understanding Algorithms,Understanding Algorithms,GOV,11,Is the algorithm explainable and has an attempt been made to strike a balance between the models’ explainability and performance?,10,Explainability,,n/a
Understanding Algorithms,Understanding Algorithms,GOV,12,Has a record been made of the reasons underlying the choices made in the design and implementation of the algorithm?,10,Explainability,,n/a
Understanding Algorithms,Understanding Algorithms,GOV,13,Is there any documentation describing the design and implementation of the algorithm?,9,Traceability,,n/a
Understanding Algorithms,Understanding Algorithms,GOV,14,Was the selection of hyper-parameters supported by arguments and evidence?,9,Traceability,,n/a
Understanding Algorithms,Understanding Algorithms,GOV,15,"Has the model (i.e. the code and mode of operation) been published and is it available to stakeholders? Does the same apply, where possible, to the data used or a description of the data used?",14,Stakeholder Participation,,n/a
Understanding Algorithms,Understanding Algorithms,GOV,16,"If the algorithm leads to automated decision-making, does it comply with the relevant legislation?",21,Compliance and Legal,,yes
Understanding Algorithms,Understanding Algorithms,GOV,17,Were the various stakeholders and 'end users' of the algorithm involved in the development process?,14,Stakeholder Participation,,n/a
Understanding Algorithms,Understanding Algorithms,GOV,18,Which input-output checks have been performed to safeguard the accuracy and completeness of data processing?,5,Accuracy,,n/a
Understanding Algorithms,Understanding Algorithms,GOV,19,Is the model updated at regular intervals to bring it into line with current legislation?,6,"Reliability, Fall-back and Reproducibillity",,n/a
Understanding Algorithms,Understanding Algorithms,GOV,20,Have safeguards been put in place regarding the quality of the choices made in relation to training and test data?,6,"Reliability, Fall-back and Reproducibillity",,n/a
Understanding Algorithms,Understanding Algorithms,GOV,21,Have safeguards been put in place to avoid any bias resulting from the choices made in relation to the model?,14,Stakeholder Participation,,n/a
Understanding Algorithms,Understanding Algorithms,GOV,22,Is there no undesirable bias in the data?,13,Accesability and Unfair Design,,n/a
Understanding Algorithms,Understanding Algorithms,GOV,23,"Have training, test and validation data been processed separately?",8,Data Governance,,n/a
Understanding Algorithms,Understanding Algorithms,GOV,24,Are the data used representative of the application for which the algorithm is used,8,Data Governance,,n/a
Understanding Algorithms,Understanding Algorithms,GOV,25,Does the government have full control (‘ownership’) of the data used for the model?,8,Data Governance,,n/a
Understanding Algorithms,Understanding Algorithms,GOV,26,Is there evidence of data minimalisation. Have proportionality and subsidiarity been taken into account?,8,Data Governance,,n/a
Understanding Algorithms,Understanding Algorithms,GOV,27,Has the quality of the model been documented?,11,Communication,,n/a
Understanding Algorithms,Understanding Algorithms,GOV,28,"Is there evidence of target leakage? That is to say, do the features of the model include the outcome that the model is designed to predict?",8,Data Governance,,n/a
Understanding Algorithms,Understanding Algorithms,GOV,29,Are performance indicators or performance metrics used?,3,Resilience to Attack and Security,,n/a
Understanding Algorithms,Understanding Algorithms,GOV,30,Is the model’s output monitored?,2,Human Oversight,,n/a
Understanding Algorithms,Understanding Algorithms,GOV,31,"Has the operation of the model or algorithm, including its limitations (i.e. what it can and cannot do) been communicated to external parties?",14,Stakeholder Participation,,n/a
Understanding Algorithms,Understanding Algorithms,GOV,32,Have arrangements been made for the maintenance and management of the algorithm?,2,Human Oversight,,n/a
Understanding Algorithms,Understanding Algorithms,GOV,33,Is the use of personal data recorded in a register?,8,Data Governance,,n/a
Understanding Algorithms,Understanding Algorithms,GOV,34,"Is there evidence of ""data protection by design""?",8,Data Governance,,n/a
Understanding Algorithms,Understanding Algorithms,GOV,35,Has a Data Protection Impact Assessment been performed (if applicable)?,8,Data Governance,,n/a
Understanding Algorithms,Understanding Algorithms,GOV,36,"Is there evidence of automated decision-making, and if so, is this permitted?",22,System Design and Development,,yes
Understanding Algorithms,Understanding Algorithms,GOV,37,Can those involved opt out of automated decision-making (if applicable)?,14,Stakeholder Participation,,n/a
Understanding Algorithms,Understanding Algorithms,GOV,38,Is there evidence of data minimalisation?,8,Data Governance,,n/a
Understanding Algorithms,Understanding Algorithms,GOV,39,Does the processing of data take place on the basis of a statutory duty?,8,Data Governance,,n/a
Understanding Algorithms,Understanding Algorithms,GOV,40,Is the processing of (special) personal data with the algorithm compatible with the original purpose?,8,Data Governance,,n/a
Understanding Algorithms,Understanding Algorithms,GOV,41,Have the controller and the data processor for the algorithm and the data used been designated?,8,Data Governance,,n/a
Understanding Algorithms,Understanding Algorithms,GOV,42,Is there discrimination due to the data and model used?,13,Accesability and Unfair Design,,n/a
Understanding Algorithms,Understanding Algorithms,GOV,43,Has an assessment been made of whether there is evidence of profiling and whether this is permitted?,19,Risk Management,,n/a
Understanding Algorithms,Understanding Algorithms,GOV,44,"Have arrangements been made for informing, either pro-actively or on request, individuals whose data is processed or used (in relation to both data and algorithm)?",11,Communication,,n/a
Understanding Algorithms,Understanding Algorithms,GOV,45,Are the logic of the algorithm and data used sufficiently clear to data subjects?,11,Communication,,n/a
Understanding Algorithms,Understanding Algorithms,GOV,46,Is the impact of the use of the algorithm clear to data subjects?,11,Communication,,n/a
Understanding Algorithms,Understanding Algorithms,GOV,47,Is there a publicly availaible privacy policy that covers the data and algorithms used?,11,Communication,,n/a
Understanding Algorithms,Understanding Algorithms,GOV,48,Is logging information about the operation of the algorithm recorded and stored in an assessible manner?,18,Auditability,,n/a
Understanding Algorithms,Understanding Algorithms,GOV,49,Is it checked whether access rights are up-to-date with regard to the environment in which the algorithm operates?,20,Organisational context and Strategy,,yes
Understanding Algorithms,Understanding Algorithms,GOV,50,Are access rights updated when a member of staff leaves or moves to a different post?,3,Resilience to Attack and Security,,n/a
Understanding Algorithms,Understanding Algorithms,GOV,51,Are access rights issued by authorised staff?,3,Resilience to Attack and Security,,n/a
Understanding Algorithms,Understanding Algorithms,GOV,52,Is there a mechanism for preventing individuals who are entitled to access the algorithm from playing a number of different roles at the same time (segregation of duties)?,13,Accesability and Unfair Design,,n/a
Understanding Algorithms,Understanding Algorithms,GOV,53,Are management accounts generic? Is there a logical relationship between the number of management accounts and the number of managers?,9,Traceability,,n/a
Understanding Algorithms,Understanding Algorithms,GOV,54,Are naming conventions used when granting access rights to different user groups or roles? Is this done on a systematic basis?,9,Traceability,,n/a
Understanding Algorithms,Understanding Algorithms,GOV,55,"Are naming conventions used for users and managers, so that they can be identified?",9,Traceability,,n/a
Understanding Algorithms,Understanding Algorithms,GOV,56,Do managers perform management and ordinary user activities under two different user names?,9,Traceability,,n/a
Understanding Algorithms,Understanding Algorithms,GOV,57,Do user accounts have access to underlying components?,9,Traceability,,n/a
Understanding Algorithms,Understanding Algorithms,GOV,58,"Is there a strict segregation between requesting, authorizing and processing changes in user accounts and access rights?",13,Accesability and Unfair Design,,n/a
Understanding Algorithms,Understanding Algorithms,GOV,59,"Are passwords managed interactively, and are they of adequate quality?",3,Resilience to Attack and Security,,n/a
Understanding Algorithms,Understanding Algorithms,GOV,60,"Are changes made to the code of the algorithm verifiable? (for example, are changes tested and approved or authorised?)",9,Traceability,,n/a
Understanding Algorithms,Understanding Algorithms,GOV,61,"Is the algorithm protected, so there is no risk of unauthorised access, changes, damage and/or loss of data?",3,Resilience to Attack and Security,,n/a
Understanding Algorithms,Understanding Algorithms,GOV,62,Are backups of the algorithm made and can the algorithm and data be restored?,9,Traceability,,n/a
Understanding Algorithms,Understanding Algorithms,GOV,63,Is there evidence of security by design?,3,Resilience to Attack and Security,,n/a
Criterion audit,Criterion Audit,IND,1,The tool analyzed for disparate impact shall be defined.,26,Operational context and risks,"This is the example audit given in the case of a NYC algorithm deployment, can vary based on which example is taken",yes
Criterion audit,Criterion Audit,IND,2,The dataset based on which disparate impact is analyzed shall be defined and characterized.,8,Data Governance,,n/a
Criterion audit,Criterion Audit,IND,3,The demographic categories for which disparate impact can be analyzed using the dataset shall be defined.,17,Impact on Society at large or Democracy,,n/a
Criterion audit,Criterion Audit,IND,4,"Where the selection rate method is used, positive and negative outcomes of the tool shall be clearly defined as the basis for selection rate.",26,Operational context and risks,,yes
Criterion audit,Criterion Audit,IND,5,A metric which corresponds to selection rate or scoring rate shall be defined.,23,Performance and Monitoring,,yes
Criterion audit,Criterion Audit,IND,6,"The ‘favored group’ and ‘disfavored groups’ shall be identified, for all demographic categories.",13,Accesability and Unfair Design,,n/a
Criterion audit,Criterion Audit,IND,7,"The impact ratios shall be disclosed for all disfavored groups, for all demographic categories.",17,Impact on Society at large or Democracy,,n/a
Criterion audit,Criterion Audit,IND,8,"Where the selection rate method was used, statistical significance calculations of the difference between selection rates shall satisfy Uniform Guidelines on Employee Selection Procedures (UGESP).",23,Performance and Monitoring,,yes
Criterion audit,Criterion Audit,IND,9,The auditee shall have a party which is accountable for risks related to disparate impact.,19,Risk Management,,n/a
Criterion audit,Criterion Audit,IND,10,The duties of the party accountable for risks related to disparate impact shall be clearly defined.,19,Risk Management,,n/a
Criterion audit,Criterion Audit,IND,11,The auditee shall provide evidence that the defined duties of the party accountable for risks related to disparate impact are carried out.,19,Risk Management,,n/a
Criterion audit,Criterion Audit,IND,12,The auditee shall have completed a risk assessment of the tool.,19,Risk Management,,n/a
Criterion audit,Criterion Audit,IND,13,The risk assessment shall show identification of relevant risks related to bias.,19,Risk Management,,n/a
Criterion audit,Criterion Audit,IND,14,The risk assessment shall demonstrate appropriate evaluation of relevant risks.,19,Risk Management,,n/a
Auditing ml algorithms,Auditing ml algo,GOV,1,What business objectives does the product owner pursue?,0,UNMAPPED,,not_found
Auditing ml algorithms,Auditing ml algo,GOV,2,What business requirements has the product owner defined for the application?,0,UNMAPPED,,not_found
Auditing ml algorithms,Auditing ml algo,GOV,3,What operating variables does the product owner intend to enhance by means of the application?,0,UNMAPPED,,not_found
Auditing ml algorithms,Auditing ml algo,GOV,4,In what business processes shall the application be used?,0,UNMAPPED,,not_found
Auditing ml algorithms,Auditing ml algo,GOV,5,What situation has been the driver for introducing the application?,0,UNMAPPED,,not_found
Auditing ml algorithms,Auditing ml algo,GOV,6,What framework conditions has the product owner put into place to ensure efficient use of the application?,0,UNMAPPED,,not_found
Auditing ml algorithms,Auditing ml algo,GOV,7,What monetary benefits are sought in using the application?,0,UNMAPPED,,not_found
Auditing ml algorithms,Auditing ml algo,GOV,8,What qualifiable and strategic benefits are sought in using the system?,0,UNMAPPED,,not_found
Auditing ml algorithms,Auditing ml algo,GOV,9,How has the value for money of the system been documented?,0,UNMAPPED,,not_found
Auditing ml algorithms,Auditing ml algo,GOV,10,"Which of the following components have been studied in a risk analysis and what have the results been?
- the application
- the surrounding IT environment
- data preparation and 
- the processes mapped by the application",19,Risk Management,,n/a
Auditing ml algorithms,Auditing ml algo,GOV,11,What data are processed by the application?,8,Data Governance,,n/a
Auditing ml algorithms,Auditing ml algo,GOV,12,What are the data sources?,8,Data Governance,,n/a
Auditing ml algorithms,Auditing ml algo,GOV,13,What technical/operational criteria have guided data selection?,8,Data Governance,,n/a
Auditing ml algorithms,Auditing ml algo,GOV,14,How do you assess data quality?,8,Data Governance,,n/a
Auditing ml algorithms,Auditing ml algo,GOV,15,What data quality is needed for the application to meet the objectives and requirements set?,8,Data Governance,,n/a
Auditing ml algorithms,Auditing ml algo,GOV,16,What data quality thresholds have you selected and why?,8,Data Governance,,n/a
Auditing ml algorithms,Auditing ml algo,GOV,17,How is the semantic of the data model documented?,9,Traceability,,n/a
Auditing ml algorithms,Auditing ml algo,GOV,18,Does the application draw on/use/generate any data that are subject to security requirements (e.g. according to GDPR)? Please specify.,7,Privacy,,n/a
Auditing ml algorithms,Auditing ml algo,GOV,19,How do you ensure data security?,3,Resilience to Attack and Security,,n/a
Auditing ml algorithms,Auditing ml algo,GOV,20,Please specify any shortcomings in data quality you noted in the input data of the application.,8,Data Governance,,n/a
Auditing ml algorithms,Auditing ml algo,GOV,21,"To what extent and how (manually, automatically) do you modify input datasets?",8,Data Governance,,n/a
Auditing ml algorithms,Auditing ml algo,GOV,22,How has data preparation been documented?,8,Data Governance,,n/a
Auditing ml algorithms,Auditing ml algo,GOV,23,In what way does your data preparation enhance the quality of datasets and how do you measure this impact?,5,Accuracy,,n/a
Auditing ml algorithms,Auditing ml algo,GOV,24,How do you assess whether or not pre-processed/unprocessed data make a difference for the run and results of the application?,5,Accuracy,,n/a
Auditing ml algorithms,Auditing ml algo,GOV,25,How is the data preparation mapped in the application?,8,Data Governance,,n/a
Auditing ml algorithms,Auditing ml algo,GOV,26,What is the mechanism in place for monitoring the quality of data preparation?,5,Accuracy,,n/a
Auditing ml algorithms,Auditing ml algo,GOV,27,In what way does your data preparation process address any risks you detected in the application and/or the surrounding IT environment?,19,Risk Management,,n/a
Auditing ml algorithms,Auditing ml algo,GOV,28,What framework conditions and responsibilities govern data management in this application?,8,Data Governance,,n/a
Auditing ml algorithms,Auditing ml algo,GOV,29,How do you manage the data?,8,Data Governance,,n/a
Auditing ml algorithms,Auditing ml algo,GOV,30,What data analysis methods have you selected and what are the selection criteria?,8,Data Governance,,n/a
Auditing ml algorithms,Auditing ml algo,GOV,31,What training datasets do you use?,8,Data Governance,,n/a
Auditing ml algorithms,Auditing ml algo,GOV,32,How have the training datasets been selected or generated?,8,Data Governance,,n/a
Auditing ml algorithms,Auditing ml algo,GOV,33,How are the training datasets updated during the life cycle of the system?,8,Data Governance,,n/a
Auditing ml algorithms,Auditing ml algo,GOV,34,What validation datasets do you use?,8,Data Governance,,n/a
Auditing ml algorithms,Auditing ml algo,GOV,35,How have the validation datasets been selected or generated?,8,Data Governance,,n/a
Auditing ml algorithms,Auditing ml algo,GOV,36,How are the validation datasets updated during the life cycle of the system?,8,Data Governance,,n/a
Auditing ml algorithms,Auditing ml algo,GOV,37,What test datasets do you use?,8,Data Governance,,n/a
Auditing ml algorithms,Auditing ml algo,GOV,38,How have the test datasets been selected or generated?,8,Data Governance,,n/a
Auditing ml algorithms,Auditing ml algo,GOV,39,How are the test datasets updated during the life cycle of the application?,8,Data Governance,,n/a
Auditing ml algorithms,Auditing ml algo,GOV,40,"How do you track modelling, training, validation and test runs?",9,Traceability,,n/a
Auditing ml algorithms,Auditing ml algo,GOV,41,In what way has modelling addressed the risks you detected in the application or in the surrounding IT environment?,19,Risk Management,,n/a
Auditing ml algorithms,Auditing ml algo,GOV,42,What validation methods do you apply and what were the selection criteria?,9,Traceability,,n/a
Auditing ml algorithms,Auditing ml algo,GOV,43,What were the results of model validation and how have you evaluated these results?,8,Data Governance,,n/a
Auditing ml algorithms,Auditing ml algo,GOV,44,Did you benchmark the performance of your model against any alternative methods/models? Please specify.,0,UNMAPPED,,not_found
Auditing ml algorithms,Auditing ml algo,GOV,45,How does the application respond to faulty or manipulated datasets?,8,Data Governance,,n/a
Auditing ml algorithms,Auditing ml algo,GOV,46,Have the objectives set been accomplished and has the application achieved the intended purposes?,5,Accuracy,,n/a
Auditing ml algorithms,Auditing ml algo,GOV,47,At what intervals is the model updated  (e.g. to reflect current training data)?,8,Data Governance,,n/a
Auditing ml algorithms,Auditing ml algo,GOV,48,How is the application embedded in the surrounding system architecture?,0,UNMAPPED,,not_found
Auditing ml algorithms,Auditing ml algo,GOV,49,How is the application embedded in the product owner’s process landscape?,10,Explainability,,n/a
Auditing ml algorithms,Auditing ml algo,GOV,50,What are the major features of human-machine interaction of the application?,1,Human agency and Autonomy,,n/a
Auditing ml algorithms,Auditing ml algo,GOV,51,How are the key performance indicators of the application provided to decision-makers?,10,Explainability,,n/a
Auditing ml algorithms,Auditing ml algo,GOV,52,How is application performance monitored during operation?,9,Traceability,,n/a
Auditing ml algorithms,Auditing ml algo,GOV,53,What alternative intervention processes are in place in case of faulty or poor system performance?,6,"Reliability, Fall-back and Reproducibillity",,n/a
Auditing ml algorithms,Auditing ml algo,GOV,54,What qualifications do users of the application need?,1,Human agency and Autonomy,,n/a
Auditing ml algorithms,Auditing ml algo,GOV,55,How can users overrule decisions/proposals made by the application? What autonomy do you grant to the application and do you think the level of autonomy is appropriate?,1,Human agency and Autonomy,,n/a
Auditing ml algorithms,Auditing ml algo,GOV,56,What criteria govern decisions/proposals of the application that are submitted to the user?,11,Communication,,n/a
Auditing ml algorithms,Auditing ml algo,GOV,57,To what extent do you consider the application to comply with applicable laws and regulations?,0,UNMAPPED,,not_found
Auditing ml algorithms,Auditing ml algo,GOV,58,What ethical concerns do you have about using the application?,0,UNMAPPED,,not_found
Auditing ml algorithms,Auditing ml algo,GOV,59,To what extent can you understand or track decisions/proposals made by the application?,9,Traceability,,n/a
Auditing ml algorithms,Auditing ml algo,GOV,60,To what extent are you able to understand or track how the application works?,10,Explainability,,n/a
Auditing ml algorithms,Auditing ml algo,GOV,61,How do you protect the application from misuse?,3,Resilience to Attack and Security,,n/a
Auditing ml algorithms,Auditing ml algo,GOV,62,What potential types of misuse have you explored?,10,Explainability,,n/a
Auditing ml algorithms,Auditing ml algo,GOV,63,What potential types of attacks on the application and on the embedded processes have you explored and addressed at the planning stage?,3,Resilience to Attack and Security,,n/a
Auditing ml algorithms,Auditing ml algo,GOV,64,What residual risk still persists and needs to be catered for?,19,Risk Management,,n/a
Auditing ml algorithms,Auditing ml algo,GOV,65,What factors impact on the reliability of the overall system in which the application is embedded? How do these factors impact on the embedded application?,6,"Reliability, Fall-back and Reproducibillity",,n/a
Auditing ml algorithms,Auditing ml algo,GOV,66,What factors impact on the reliability of the decisions/proposals of the application?,6,"Reliability, Fall-back and Reproducibillity",,n/a
Auditing ml algorithms,Auditing ml algo,GOV,67,To what extent can you rule out any inequal treatment of individuals/facts and figures/matters arising from using the application? How do you verify the occurrence of any such incidents?,12,Avoidance of Unfair Bias,,n/a
Auditing ml algorithms,Auditing ml algo,GOV,68,To what extent have sustainability considerations been taken into account such as energy efficiency of operating the AI components?,17,Impact on Society at large or Democracy,,n/a
Auditing ml algorithms,Auditing ml algo,GOV,69,Demand and change management,0,UNMAPPED,,not_found
Auditing ml algorithms,Auditing ml algo,GOV,70,Configuration management,0,UNMAPPED,,not_found
Auditing ml algorithms,Auditing ml algo,GOV,71,Software development,0,UNMAPPED,,not_found
Auditing ml algorithms,Auditing ml algo,GOV,72,Quality assurance,5,Accuracy,,n/a
Auditing ml algorithms,Auditing ml algo,GOV,73,Project management,19,Risk Management,,n/a
Auditing ml algorithms,Auditing ml algo,GOV,74,Rollout,0,UNMAPPED,,not_found
Auditing ml algorithms,Auditing ml algo,GOV,75,Acceptance management,0,UNMAPPED,,not_found
Auditing ml algorithms,Auditing ml algo,GOV,76,Incident management,6,"Reliability, Fall-back and Reproducibillity",,n/a
Auditing ml algorithms,Auditing ml algo,GOV,77,Ombudsman - complaints office,0,UNMAPPED,,not_found
Auditing ml algorithms,Auditing ml algo,GOV,78,"Change management (staff, organisation)",0,UNMAPPED,,not_found
Auditing ml algorithms,Auditing ml algo,GOV,79,How does the system impact on related audit work of SAIs?,0,UNMAPPED,,not_found
AI system audit,AI system audit,ACA,1,How were input data collected in terms of population and research design? How did these factors affect data quality?,8,Data Governance,,n/a
AI system audit,AI system audit,ACA,2,"What drove initial model choices (e.g., criterion, predictor set, algorithm)? Were they informed by theory or empirically derived? If empirically derived, from what data (and of what quality were those data)?",22,System Design and Development,,yes
AI system audit,AI system audit,ACA,3,"Once the initial model was created, how was it refined? What approaches were taken, and what likely effect did these approaches have?",6,"Reliability, Fall-back and Reproducibillity",,n/a
AI system audit,AI system audit,ACA,4,How were the raw input data engineered into model features? Was this process conceptually or empirically driven? What alternative feature engineering approaches were explored?,8,Data Governance,,n/a
AI system audit,AI system audit,ACA,5,How does the model use inputs to generate scores? How were alternative approaches explored and evaluated?,22,System Design and Development,,yes
AI system audit,AI system audit,ACA,6,"How was the quality of predictions generated by the model evaluated, such as for psychometric reliability and validity? How was cross-validation conducted, and was it appropriate given claims about model generalizability?",5,Accuracy,,n/a
AI system audit,AI system audit,ACA,7,"Does all messaging from the algorithm developer logically, honestly, and transparently follow from answers developed elsewhere in this audit?",13,Accesability and Unfair Design,,n/a
AI system audit,AI system audit,ACA,8,"Who is directly affected by the use of the algorithm, and how have their outcomes and reactions been assessed? What is the relative impact of acting upon false positives versus false negatives on second parties?",14,Stakeholder Participation,,n/a
AI system audit,AI system audit,ACA,9,Have perceptions and evaluation by outside observers been assessed and incorporated? Have outside regulatory groups and community organizations been consulted?,26,Operational context and risks,,yes
AI system audit,AI system audit,ACA,10,Has the broader cultural context in which the algorithm will be used been considered? Have members of the community participated in the design of systems that will affect them?,17,Impact on Society at large or Democracy,,n/a
AI system audit,AI system audit,ACA,11,"Is the algorithm being used in a way that conforms to generally accepted ethical standards, such as those in the Standards, the SIOP Principles, the OECD Principles and the UGAI?",21,Compliance and Legal,,yes
AI system audit,AI system audit,ACA,12,"How do the research designs (including sampling, experimental design, variable choices, analysis, and interpretation) of any studies conducted to support a claim affect the validity of conclusions?",6,"Reliability, Fall-back and Reproducibillity",,n/a
Causal FW for AI audits,Causal FW for AI audits,IND,1,AI system behaviors: The set of actions or outputs that a system actually produces and the context in which they occur.,5,Accuracy,AI System Evaluations,n/a
Causal FW for AI audits,Causal FW for AI audits,IND,2,Available affordances: The environmental resources and opportunities for affecting the world that are available to an AI system.,15,Environmental Well-Being,AI System Evaluations,n/a
Causal FW for AI audits,Causal FW for AI audits,IND,3,Absolute capabilities and propensities: The full set of potential behaviors that an AI system can exhibit and its tendency to exhibit them.,6,"Reliability, Fall-back and Reproducibillity",AI System Evaluations,n/a
Causal FW for AI audits,Causal FW for AI audits,IND,4,"Mechanistic structure of the AI system: The structure of the function that the AI system implements, comprising architecture, parameters, and inputs.",10,Explainability,AI System Evaluations,n/a
Causal FW for AI audits,Causal FW for AI audits,IND,5,Learning: The processes by which AI systems develop mechanistic structures that are able to exhibit intelligent-seeming behavior.,9,Traceability,AI System Evaluations,n/a
Causal FW for AI audits,Causal FW for AI audits,IND,6,Effective compute and training data content: The amount of compute used to train an AI system and the effectiveness of the algorithms used in training; and the content of the data used to train an AI system.,8,Data Governance,AI System Evaluations,n/a
Causal FW for AI audits,Causal FW for AI audits,IND,7,Adequate information security: Ensuring proper security measures are in place to prevent unauthorized access to AI systems.,3,Resilience to Attack and Security,Security Audits,n/a
Causal FW for AI audits,Causal FW for AI audits,IND,8,Physical security: Safeguarding the physical infrastructure where AI systems are developed and deployed.,4,General Safety,Security Audits,n/a
Causal FW for AI audits,Causal FW for AI audits,IND,9,Response protocols: Establishing plans for responding to security incidents involving AI systems.,3,Resilience to Attack and Security,Security Audits,n/a
Causal FW for AI audits,Causal FW for AI audits,IND,10,"Deployment design: Decisions on how an AI system will be deployed, including who has access to what functions of the AI system and when they have access.",9,Traceability,Deployment audits,n/a
Causal FW for AI audits,Causal FW for AI audits,IND,11,Extent of system distribution: The number of people the AI system interacts with and the extent to which it is integrated into systems in the wider world.,17,Impact on Society at large or Democracy,Deployment audits,n/a
Causal FW for AI audits,Causal FW for AI audits,IND,12,"Actuators, interfaces, and scaffolding: The various components that the AI system can interact with, both physical and software-based.",6,"Reliability, Fall-back and Reproducibillity",Deployment audits,n/a
Causal FW for AI audits,Causal FW for AI audits,IND,13,Online vs offline training: The method of training used and the affordances available during training.,23,Performance and Monitoring,Deployment audits,yes
Causal FW for AI audits,Causal FW for AI audits,IND,14,Guardrails: Measures to limit the capabilities and actions of an AI system to prevent harmful behaviors.,4,General Safety,Deployment audits,n/a
Causal FW for AI audits,Causal FW for AI audits,IND,15,Training-experiment design: The design decisions that determine the procedure by which an AI system is trained.,6,"Reliability, Fall-back and Reproducibillity",Training design audits,n/a
Causal FW for AI audits,Causal FW for AI audits,IND,16,Risk assessments: Evaluations of the risks associated with the training design and potential impacts on safety and security.,19,Risk Management,Training design audits,n/a
Causal FW for AI audits,Causal FW for AI audits,IND,17,Alignment strategy: The overall approach to ensuring that AI systems align with human values and goals,17,Impact on Society at large or Democracy,Training design audits,n/a
Causal FW for AI audits,Causal FW for AI audits,IND,18,"Governance and institutions: The landscape of institutions, regulations, standards, and norms that govern AI development and deployment.",21,Compliance and Legal,Governance audits,yes
Causal FW for AI audits,Causal FW for AI audits,IND,19,Organizational governance structures: Reviewing the adequacy of governance structures within organizations developing AI.,20,Organisational context and Strategy,Governance audits,yes
Causal FW for AI audits,Causal FW for AI audits,IND,20,Audit trail: Creating a record of the AI system development process.,9,Traceability,Governance audits,n/a
Causal FW for AI audits,Causal FW for AI audits,IND,21,Roles and responsibilities: Mapping out the roles and responsibilities within organizations that design AI systems.,20,Organisational context and Strategy,Governance audits,yes
AI algo audit,AI algo audit,ACA,1,Collection,8,Data Governance,Refer to chapter data management,n/a
AI algo audit,AI algo audit,ACA,2,Storage,8,Data Governance,Refer to chapter data management,n/a
AI algo audit,AI algo audit,ACA,3,Extraction,8,Data Governance,Refer to chapter data management,n/a
AI algo audit,AI algo audit,ACA,4,Normalization,8,Data Governance,Refer to chapter data management,n/a
AI algo audit,AI algo audit,ACA,5,Transformation,8,Data Governance,Refer to chapter data management,n/a
AI algo audit,AI algo audit,ACA,6,Loading,8,Data Governance,Refer to chapter data management,n/a
AI algo audit,AI algo audit,ACA,7,Documentation,9,Traceability,Refer to chapter data management,n/a
AI algo audit,AI algo audit,ACA,8,Feature space structuring,8,Data Governance,Refer to chapter data management,n/a
AI algo audit,AI algo audit,ACA,9,Cross-validation,23,Performance and Monitoring,Model selection,yes
AI algo audit,AI algo audit,ACA,10,Optimization,5,Accuracy,Model selection,n/a
AI algo audit,AI algo audit,ACA,11,Comparison,5,Accuracy,Model selection,n/a
AI algo audit,AI algo audit,ACA,12,Interpretability enhancements,10,Explainability,model development,n/a
AI algo audit,AI algo audit,ACA,13,Stakeholder presentations,14,Stakeholder Participation,model development,n/a
AI algo audit,AI algo audit,ACA,14,Organizational impact assessment,19,Risk Management,model development,n/a
AI algo audit,AI algo audit,ACA,15,Supervision and supply interfaces,2,Human Oversight,operational phase,n/a
AI algo audit,AI algo audit,ACA,16,Reviews,9,Traceability,operational phase,n/a
AI algo audit,AI algo audit,ACA,17,Record-keeping,9,Traceability,operational phase,n/a
AI algo audit,AI algo audit,ACA,18,Accountability and Privacy,7,Privacy,Topics covered for a trustworthy AI ,n/a
AI algo audit,AI algo audit,ACA,19,Discrimination and Bias,12,Avoidance of Unfair Bias,Topics covered for a trustworthy AI ,n/a
AI algo audit,AI algo audit,ACA,20,Explainability and Interpretability,10,Explainability,Topics covered for a trustworthy AI ,n/a
AI algo audit,AI algo audit,ACA,21,Robustness and Performance,5,Accuracy,Topics covered for a trustworthy AI ,n/a
AI algo audit,AI algo audit,ACA,,Process Access: No direct algorithm access.,,MISSING_CODE,Phases of the audit that can take place. Note that these are nto the topics but might however be relevant in a later stage,n/a
AI algo audit,AI algo audit,ACA,,Model Access: Prediction calls without knowing input patterns.,,MISSING_CODE,Phases of the audit that can take place. Note that these are nto the topics but might however be relevant in a later stage,n/a
AI algo audit,AI algo audit,ACA,,Input Access: Access to training inputs without actual result data.,,MISSING_CODE,Phases of the audit that can take place. Note that these are nto the topics but might however be relevant in a later stage,n/a
AI algo audit,AI algo audit,ACA,,Output Access: Prediction calls with real inputs and target analysis.,,MISSING_CODE,Phases of the audit that can take place. Note that these are nto the topics but might however be relevant in a later stage,n/a
AI algo audit,AI algo audit,ACA,,Parameter Control: Admin rights to model parameters.,,MISSING_CODE,Phases of the audit that can take place. Note that these are nto the topics but might however be relevant in a later stage,n/a
AI algo audit,AI algo audit,ACA,,Learning Objective: Knowledge of predictive system’s construction.,,MISSING_CODE,Phases of the audit that can take place. Note that these are nto the topics but might however be relevant in a later stage,n/a
AI algo audit,AI algo audit,ACA,,White-box: Full access to all model information.,,MISSING_CODE,Phases of the audit that can take place. Note that these are nto the topics but might however be relevant in a later stage,n/a
Explainable Fairness framework,Explainable Fairness framework,ACA,1,Choose a stakeholder group that is covered by the law and subject to the algorithmic system,26,Operational context and risks,,yes
Explainable Fairness framework,Explainable Fairness framework,ACA,2,Identify fairness harms for this stakeholder group,13,Accesability and Unfair Design,,n/a
Explainable Fairness framework,Explainable Fairness framework,ACA,3,Define metrics aligned to fairness harms,13,Accesability and Unfair Design,,n/a
Explainable Fairness framework,Explainable Fairness framework,ACA,4,Compare metrics across demographic groups,13,Accesability and Unfair Design,,n/a
Explainable Fairness framework,Explainable Fairness framework,ACA,5,Identify substantial differences between groups in the metrics,13,Accesability and Unfair Design,,n/a
Explainable Fairness framework,Explainable Fairness framework,ACA,6,Establish what a legitimate factor is in this context,26,Operational context and risks,,yes
Explainable Fairness framework,Explainable Fairness framework,ACA,7,"Re-measure the outcome metrics, accounting for legitimate factor",9,Traceability,,n/a
Explainable Fairness framework,Explainable Fairness framework,ACA,8,Identify persistent substantial differences in the metrics,26,Operational context and risks,,yes
Canadian impact tool,Canadian Impact tool,GOV,1,Give a complete description of the project,20,Organisational context and Strategy,,yes
Canadian impact tool,Canadian Impact tool,GOV,2,What is motivating your team to introduce automation into this decision-making process?,20,Organisational context and Strategy,,yes
Canadian impact tool,Canadian Impact tool,GOV,3,"What client needs will the system address and how will this system meet them? If possible, describe how client needs have been identified.",14,Stakeholder Participation,,n/a
Canadian impact tool,Canadian Impact tool,GOV,4,Please describe any public benefits the system is expected to have.,17,Impact on Society at large or Democracy,,n/a
Canadian impact tool,Canadian Impact tool,GOV,5,How effective will the system likely be in meeting client needs?,5,Accuracy,,n/a
Canadian impact tool,Canadian Impact tool,GOV,6,"Please describe any improvements, benefits, or advantages you expect from using an automated system. This could include relevant program indicators and performance targets.",22,System Design and Development,,yes
Canadian impact tool,Canadian Impact tool,GOV,7,Please describe how you will ensure that the system is confined to addressing the client needs identified above.,5,Accuracy,,n/a
Canadian impact tool,Canadian Impact tool,GOV,8,Please describe any trade-offs between client interests and program objectives that you have considered during the design of the project.,26,Operational context and risks,,yes
Canadian impact tool,Canadian Impact tool,GOV,9,Have alternative non-automated processes been considered?,22,System Design and Development,,yes
Canadian impact tool,Canadian Impact tool,GOV,10,What would be the consequence of not deploying the system?,19,Risk Management,,n/a
Canadian impact tool,Canadian Impact tool,GOV,11,Is the project within an area of intense public scrutiny (e.g. because of privacy concerns) and/or frequent litigation?,17,Impact on Society at large or Democracy,,n/a
Canadian impact tool,Canadian Impact tool,GOV,12,Are clients in this line of business particularly vulnerable?,17,Impact on Society at large or Democracy,,n/a
Canadian impact tool,Canadian Impact tool,GOV,13,Are stakes of the decisions very high?,19,Risk Management,,n/a
Canadian impact tool,Canadian Impact tool,GOV,14,"Will this project have major impacts on staff, either in terms of their numbers or their roles?",16,Impact on Work and Skills,,n/a
Canadian impact tool,Canadian Impact tool,GOV,15,Will the use of the system create or exacerbate barriers for persons with disabilities?,13,Accesability and Unfair Design,,n/a
Canadian impact tool,Canadian Impact tool,GOV,16,Will you require new policy authority for this project?,21,Compliance and Legal,,yes
Canadian impact tool,Canadian Impact tool,GOV,17,"Specify what system you will be devloping; risk assesment tool, image recognition etc.",20,Organisational context and Strategy,,yes
Canadian impact tool,Canadian Impact tool,GOV,18,The algorithm used will be a (trade) secret,20,Organisational context and Strategy,,yes
Canadian impact tool,Canadian Impact tool,GOV,19,The algorithmic process will be difficult to interpret or to explain,10,Explainability,,n/a
Canadian impact tool,Canadian Impact tool,GOV,20,Please describe the decision(s) that will be automated.,9,Traceability,,n/a
Canadian impact tool,Canadian Impact tool,GOV,21,"Does the decision pertain to any of the categories; Healthcare, economic interests, social assistance, employment etc.",17,Impact on Society at large or Democracy,,n/a
Canadian impact tool,Canadian Impact tool,GOV,22,Which of the following best describes the type of automation you are planning? Full or partial automation,22,System Design and Development,,yes
Canadian impact tool,Canadian Impact tool,GOV,23,Please describe the role of the system in the decision-making process.,9,Traceability,,n/a
Canadian impact tool,Canadian Impact tool,GOV,24,Will the system be making decisions or assessments that require judgement or discretion?,23,Performance and Monitoring,,yes
Canadian impact tool,Canadian Impact tool,GOV,25,Please describe the criteria used to evaluate client data and the operations applied to process it.,8,Data Governance,,n/a
Canadian impact tool,Canadian Impact tool,GOV,26,Please describe the output produced by the system and any relevant information needed to interpret it in the context of the administrative decision.,10,Explainability,,n/a
Canadian impact tool,Canadian Impact tool,GOV,27,Will the system perform an assessment or other operation that would not otherwise be completed by a human?,16,Impact on Work and Skills,,n/a
Canadian impact tool,Canadian Impact tool,GOV,28,Is the system used by a different part of the organization than the ones who developed it?,9,Traceability,,n/a
Canadian impact tool,Canadian Impact tool,GOV,29,Are the impacts resulting from the decision reversible?,6,"Reliability, Fall-back and Reproducibillity",,n/a
Canadian impact tool,Canadian Impact tool,GOV,30,How long will impacts from the decision last?,9,Traceability,,n/a
Canadian impact tool,Canadian Impact tool,GOV,31,The impacts that the decision will have on the rights or freedoms of individuals will likely be:,17,Impact on Society at large or Democracy,,n/a
Canadian impact tool,Canadian Impact tool,GOV,32,"The impacts that the decision will have on the equality, dignity, privacy, and autonomy of individuals will likely be:",17,Impact on Society at large or Democracy,,n/a
Canadian impact tool,Canadian Impact tool,GOV,33,The impacts that the decision will have on the health and well-being of individuals will likely be:,17,Impact on Society at large or Democracy,,n/a
Canadian impact tool,Canadian Impact tool,GOV,34,The impacts that the decision will have on the economic interests of individuals will likely be:,17,Impact on Society at large or Democracy,,n/a
Canadian impact tool,Canadian Impact tool,GOV,35,"The impacts that the decision will have on the ongoing sustainability of an environmental ecosystem, will likely be:",15,Environmental Well-Being,,n/a
Canadian impact tool,Canadian Impact tool,GOV,36,Will the Automated Decision System use personal information as input data?,7,Privacy,,n/a
Canadian impact tool,Canadian Impact tool,GOV,37,What is the highest security classification of the input data used by the system?,3,Resilience to Attack and Security,,n/a
Canadian impact tool,Canadian Impact tool,GOV,38,Who controls the data?,8,Data Governance,,n/a
Canadian impact tool,Canadian Impact tool,GOV,39,Will the system use data from multiple different sources?,8,Data Governance,,n/a
Canadian impact tool,Canadian Impact tool,GOV,40,"Will the system require input data from an Internet- or telephony-connected device? (e.g. Internet of Things, sensor)",8,Data Governance,,n/a
Canadian impact tool,Canadian Impact tool,GOV,41,Will the system interface with other IT systems?,22,System Design and Development,,yes
Canadian impact tool,Canadian Impact tool,GOV,42,Who collected the data used for training the system?,8,Data Governance,,n/a
Canadian impact tool,Canadian Impact tool,GOV,43,Who collected the input data used by the system?,8,Data Governance,,n/a
Canadian impact tool,Canadian Impact tool,GOV,44,"Please describe the input data collected and used by the system, its source, and method of collection.",8,Data Governance,,n/a
Canadian impact tool,Canadian Impact tool,GOV,45,Will the system require the analysis of unstructured data to render a recommendation or a decision?,8,Data Governance,,n/a
Canadian impact tool,Canadian Impact tool,GOV,46,Have you engaged with internal stakeholders?,14,Stakeholder Participation,,n/a
Canadian impact tool,Canadian Impact tool,GOV,47,Have you engaged with external stakeholders?,14,Stakeholder Participation,,n/a
Canadian impact tool,Canadian Impact tool,GOV,48,"Do you have documented processes in place to test datasets against biases and other unexpected outcomes? This could include experience in applying frameworks, methods, guidelines or other assessment tools.",9,Traceability,,n/a
Canadian impact tool,Canadian Impact tool,GOV,49,Is this information publicly available?,11,Communication,,n/a
Canadian impact tool,Canadian Impact tool,GOV,50,Have you developed a process to document how data quality issues were resolved during the design process?,9,Traceability,,n/a
Canadian impact tool,Canadian Impact tool,GOV,51,Is this information publicly available?,11,Communication,,n/a
Canadian impact tool,Canadian Impact tool,GOV,52,Have you undertaken a Gender Based Analysis Plus of the data?,8,Data Governance,,n/a
Canadian impact tool,Canadian Impact tool,GOV,53,Is this information publicly available?,11,Communication,,n/a
Canadian impact tool,Canadian Impact tool,GOV,54,"Have you assigned accountability in your institution for the design, development, maintenance, and improvement of the system?",18,Auditability,,n/a
Canadian impact tool,Canadian Impact tool,GOV,55,Do you have a documented process to manage the risk that outdated or unreliable data is used to make an automated decision?,19,Risk Management,,n/a
Canadian impact tool,Canadian Impact tool,GOV,56,Is this information publicly available?,11,Communication,,n/a
Canadian impact tool,Canadian Impact tool,GOV,57,Is the data used for this system posted on the Open Government Portal?,9,Traceability,,n/a
Canadian impact tool,Canadian Impact tool,GOV,58,Does the audit trail identify the authority or delegated authority identified in legislation?,18,Auditability,,n/a
Canadian impact tool,Canadian Impact tool,GOV,59,Does the system provide an audit trail that records all the recommendations or decisions made by the system?,9,Traceability,,n/a
Canadian impact tool,Canadian Impact tool,GOV,60,Are all key decision points identifiable in the audit trail?,9,Traceability,,n/a
Canadian impact tool,Canadian Impact tool,GOV,61,"Are all key decision points within the automated system's logic linked to the relevant legislation, policy or procedures?",21,Compliance and Legal,,yes
Canadian impact tool,Canadian Impact tool,GOV,62,Do you maintain a current and up to date log detailing all of the changes made to the model and the system?,9,Traceability,,n/a
Canadian impact tool,Canadian Impact tool,GOV,63,Does the system's audit trail indicate all of the decision points made by the system?,9,Traceability,,n/a
Canadian impact tool,Canadian Impact tool,GOV,64,Can the audit trail generated by the system be used to help generate a notification of the decision (including a statement of reasons or other notifications) where required?,9,Traceability,,n/a
Canadian impact tool,Canadian Impact tool,GOV,65,Does the audit trail identify precisely which version of the system was used for each decision it supports?,9,Traceability,,n/a
Canadian impact tool,Canadian Impact tool,GOV,66,Does the audit trail show who an authorized decision-maker is?,9,Traceability,,n/a
Canadian impact tool,Canadian Impact tool,GOV,67,Is the system able to produce reasons for its decisions or recommendations when required?,6,"Reliability, Fall-back and Reproducibillity",,n/a
Canadian impact tool,Canadian Impact tool,GOV,68,"Is there a process in place to grant, monitor, and revoke access permission to the system?",3,Resilience to Attack and Security,,n/a
Canadian impact tool,Canadian Impact tool,GOV,69,Is there a mechanism to capture feedback by users of the system?,11,Communication,,n/a
Canadian impact tool,Canadian Impact tool,GOV,70,Is there a recourse process established for clients that wish to challenge the decision?,2,Human Oversight,,n/a
Canadian impact tool,Canadian Impact tool,GOV,71,Does the system enable human override of system decisions?,2,Human Oversight,,n/a
Canadian impact tool,Canadian Impact tool,GOV,72,Is there a process in place to log the instances when overrides were performed?,9,Traceability,,n/a
Canadian impact tool,Canadian Impact tool,GOV,73,Does the system's audit trail include change control processes to record modifications to the system's operation or performance?,9,Traceability,,n/a
Canadian impact tool,Canadian Impact tool,GOV,74,Have you prepared a concept case to the Government of Canada Enterprise Architecture Review Board?,9,Traceability,,n/a
Canadian impact tool,Canadian Impact tool,GOV,75,"If your system uses or creates personal information, have you undertaken a Privacy Impact Assessment, or updated an existing one?",7,Privacy,,n/a
Canadian impact tool,Canadian Impact tool,GOV,76,Have you designed and built security and privacy into your systems from the concept stage of the project?,3,Resilience to Attack and Security,,n/a
Canadian impact tool,Canadian Impact tool,GOV,77,"Is the information used within a closed system (i.e. no connections to the Internet, Intranet or any other system)?",3,Resilience to Attack and Security,,n/a
Canadian impact tool,Canadian Impact tool,GOV,78,"If the sharing of personal information is involved, has an agreement or arrangement with appropriate safeguards been established?",7,Privacy,,n/a
Canadian impact tool,Canadian Impact tool,GOV,79,Will you de-identify any personal information used or created by the system at any point in the lifecycle?,7,Privacy,,n/a
National fw Assurance of AI,National fw Assurance of AI,GOV,1,Document intentions,20,Organisational context and Strategy,,yes
National fw Assurance of AI,National fw Assurance of AI,GOV,2,Consult with stakeholders,14,Stakeholder Participation,,n/a
National fw Assurance of AI,National fw Assurance of AI,GOV,3,Assess impact,19,Risk Management,,n/a
National fw Assurance of AI,National fw Assurance of AI,GOV,4,Comply with rights protections,21,Compliance and Legal,,yes
National fw Assurance of AI,National fw Assurance of AI,GOV,5,Incorporate diverse perspectives,26,Operational context and risks,,yes
National fw Assurance of AI,National fw Assurance of AI,GOV,6,Ensure digital inclusion,13,Accesability and Unfair Design,,n/a
National fw Assurance of AI,National fw Assurance of AI,GOV,7,Define fairness in context,12,Avoidance of Unfair Bias,,n/a
National fw Assurance of AI,National fw Assurance of AI,GOV,8,Comply with anti-discrimination obligations,12,Avoidance of Unfair Bias,,n/a
National fw Assurance of AI,National fw Assurance of AI,GOV,9,Ensure quality of data and design,8,Data Governance,,n/a
National fw Assurance of AI,National fw Assurance of AI,GOV,10,Comply with privacy obligations,7,Privacy,,n/a
National fw Assurance of AI,National fw Assurance of AI,GOV,11,Minimise and protect personal information,7,Privacy,,n/a
National fw Assurance of AI,National fw Assurance of AI,GOV,12,Secure systems and data,3,Resilience to Attack and Security,,n/a
National fw Assurance of AI,National fw Assurance of AI,GOV,13,Use appropriate datasets,8,Data Governance,,n/a
National fw Assurance of AI,National fw Assurance of AI,GOV,14,Conduct pilot studies,6,"Reliability, Fall-back and Reproducibillity",,n/a
National fw Assurance of AI,National fw Assurance of AI,GOV,15,Test and verify,6,"Reliability, Fall-back and Reproducibillity",,n/a
National fw Assurance of AI,National fw Assurance of AI,GOV,16,Monitor and evaluate,6,"Reliability, Fall-back and Reproducibillity",,n/a
National fw Assurance of AI,National fw Assurance of AI,GOV,17,Be prepared to disengage,19,Risk Management,,n/a
National fw Assurance of AI,National fw Assurance of AI,GOV,18,Disclose the use of AI,11,Communication,,n/a
National fw Assurance of AI,National fw Assurance of AI,GOV,19,Maintain reliable data and information assets,8,Data Governance,,n/a
National fw Assurance of AI,National fw Assurance of AI,GOV,20,Provide clear explanations,11,Communication,,n/a
National fw Assurance of AI,National fw Assurance of AI,GOV,21,Support and enable frontline staff,16,Impact on Work and Skills,,n/a
National fw Assurance of AI,National fw Assurance of AI,GOV,22,Understand legal obligations,17,Impact on Society at large or Democracy,,n/a
National fw Assurance of AI,National fw Assurance of AI,GOV,23,Communicate rights and protections clearly,11,Communication,,n/a
National fw Assurance of AI,National fw Assurance of AI,GOV,24,Establish clear roles and responsibilities,9,Traceability,,n/a
National fw Assurance of AI,National fw Assurance of AI,GOV,25,Train staff and embed capability,14,Stakeholder Participation,,n/a
National fw Assurance of AI,National fw Assurance of AI,GOV,26,Embed a positive risk culture,19,Risk Management,,n/a
National fw Assurance of AI,National fw Assurance of AI,GOV,27,Avoid overreliance,2,Human Oversight,,n/a
Checklist for AI Auditing,Checklist for AI Auditing,GOV,1,"Is the AI-based component identified in the documentation by means of a name or code, identification of version and date of creation?",9,Traceability,Inventory of the audited AI-based component [Article 5.2],n/a
Checklist for AI Auditing,Checklist for AI Auditing,GOV,2,Do the code and any additional files defined by the version include a digital signature over the entire package to guarantee its integrity?,9,Traceability,Inventory of the audited AI-based component [Article 5.2],n/a
Checklist for AI Auditing,Checklist for AI Auditing,GOV,3,Is a version history of the evolution of the AI component available?,9,Traceability,Inventory of the audited AI-based component [Article 5.2],n/a
Checklist for AI Auditing,Checklist for AI Auditing,GOV,4,Does every version recorded include the parameters used in the training of the component and everything that ensures the traceability of the evolution/changes in the component?,9,Traceability,Inventory of the audited AI-based component [Article 5.2],n/a
Checklist for AI Auditing,Checklist for AI Auditing,GOV,5,Is there an identification about the person(s) or institution(s) who manage the life cycle stages of the AI-based component?,9,Traceability,Identification of responsibilities,n/a
Checklist for AI Auditing,Checklist for AI Auditing,GOV,6,"Is there an identification about the associate managers, and the representatives of the controller and of the processor of every life cycle stage?",9,Traceability,Identification of responsibilities,n/a
Checklist for AI Auditing,Checklist for AI Auditing,GOV,7,Does every contract associated to each processing stage specify the distribution of responsibilities with regard to personal data protection?,7,Privacy,Identification of responsibilities,n/a
Checklist for AI Auditing,Checklist for AI Auditing,GOV,8,Has every contract associated to each processing stage been audited?,18,Auditability,Identification of responsibilities,n/a
Checklist for AI Auditing,Checklist for AI Auditing,GOV,9,Is there a registration in the Records of Processing Activities of the corresponding controllers and processors?,9,Traceability,Identification of responsibilities,n/a
Checklist for AI Auditing,Checklist for AI Auditing,GOV,10,"Is a Data Protection Officer appointed? If not, why?",8,Data Governance,Identification of responsibilities,n/a
Checklist for AI Auditing,Checklist for AI Auditing,GOV,11,Has the Data Protection Officer been identified and communicated his/her identity to the relevant Supervisory Authority?,8,Data Governance,Identification of responsibilities,n/a
Checklist for AI Auditing,Checklist for AI Auditing,GOV,12,Are data sources documented?,9,Traceability,Transparency,n/a
Checklist for AI Auditing,Checklist for AI Auditing,GOV,13,Has an information mechanism been implemented?,9,Traceability,Transparency,n/a
Checklist for AI Auditing,Checklist for AI Auditing,GOV,14,"Are the characteristics of data used to train the AI component identified, documented and duly justified?",8,Data Governance,Transparency,n/a
Checklist for AI Auditing,Checklist for AI Auditing,GOV,15,"Is the model chosen for the AI-based component appropriate in terms of simplicity and intelligibility, considering efficiency, quality and accuracy?",10,Explainability,Transparency,n/a
Checklist for AI Auditing,Checklist for AI Auditing,GOV,16,"Is the algorithm code explainability documented in order to facilitate its readability, logic comprehension and internal consistency?",10,Explainability,Transparency,n/a
Checklist for AI Auditing,Checklist for AI Auditing,GOV,17,"Does the algorithm code documentation include information regarding metadata of the AI-based component, its logic and the consequences that may arise from its use are accessible to data subjects together with the means or mechanisms available to exercise their rights in case of objections to the results?",8,Data Governance,Transparency,n/a
Checklist for AI Auditing,Checklist for AI Auditing,GOV,18,"Does the algorithm code documentation include information about its behaviour regarding input data sets, data use, intermediate data and output data?",8,Data Governance,Transparency,n/a
Checklist for AI Auditing,Checklist for AI Auditing,GOV,19,"Can input data sets, data use, intermediate data and output data be traced?",9,Traceability,Transparency,n/a
Checklist for AI Auditing,Checklist for AI Auditing,GOV,20,"In case of an erroneous behaviour of the AI-based component that could cause harm to data subjects, have mechanisms been established to minimise such damage?, are communication channels provided to facilitate communication among all stakeholders involved in the process?",19,Risk Management,Transparency,n/a
Checklist for AI Auditing,Checklist for AI Auditing,GOV,21,Is the intended purpose of the AI-based component documented both in quantitative and qualitative terms?,9,Traceability,Identification of intended purposes and uses,n/a
Checklist for AI Auditing,Checklist for AI Auditing,GOV,22,Is there a relation between the use of the AI component with the ultimate purpose of the processing and the conditions guaranteeing the lawfulness of such processing?,20,Organisational context and Strategy,Identification of intended purposes and uses,yes
Checklist for AI Auditing,Checklist for AI Auditing,GOV,23,"Are the different dynamics, activities and/or processes within the organization in which the life cycle stage of the audited AI component is integrated are identified, delimiting the context of use as much as possible?",16,Impact on Work and Skills,Identification of intended purposes and uses,n/a
Checklist for AI Auditing,Checklist for AI Auditing,GOV,24,Are potential users of the AI-based component categorized?,9,Traceability,Identification of intended purposes and uses,n/a
Checklist for AI Auditing,Checklist for AI Auditing,GOV,25,Are other possible uses and secondary users for the AI component? Have been described together with the legal grounds for its use?,21,Compliance and Legal,Identification of intended purposes and uses,yes
Checklist for AI Auditing,Checklist for AI Auditing,GOV,26,"Are there any legal, social, economic, organizational, technical, scientific or other contexts identified related to the inclusion of the AI-based component in the processing? Are they documented?",19,Risk Management,Definition of the intended context of the AI-based component,n/a
Checklist for AI Auditing,Checklist for AI Auditing,GOV,27,Is the organisational and/or contractual structure between the parties defined?,9,Traceability,Definition of the intended context of the AI-based component,n/a
Checklist for AI Auditing,Checklist for AI Auditing,GOV,28,Are the tasks and responsibilities distributed through the structure?,22,System Design and Development,Definition of the intended context of the AI-based component,yes
Checklist for AI Auditing,Checklist for AI Auditing,GOV,29,"Are the determining factors of the efficacy of the AI component described (including legal guarantees, applicable laws and regulations, organizational and technical resources, available data and internal dynamics that personal data processing needs to implement the audited AI-based component with the appropriate guarantees)?",9,Traceability,Definition of the intended context of the AI-based component,n/a
Checklist for AI Auditing,Checklist for AI Auditing,GOV,30,Are the requirements applicable to human operators in charge of supervising and interpreting the operation of the AI-based component defined?,2,Human Oversight,Definition of the intended context of the AI-based component,n/a
Checklist for AI Auditing,Checklist for AI Auditing,GOV,31,"Is there any interaction between the AI-based component with other own or thirdparty components, systems or applications? Are responsibilities for maintenance, updating and minimising system privacy issues distributed and documented?",9,Traceability,Definition of the intended context of the AI-based component,n/a
Checklist for AI Auditing,Checklist for AI Auditing,GOV,32,Are levels or thresholds defined for interpreting and using the inference results?,23,Performance and Monitoring,Definition of the intended context of the AI-based component,yes
Checklist for AI Auditing,Checklist for AI Auditing,GOV,33,"Are defined those contexts for a processing where the AI-based component is not recommended (in terms of its purpose or characteristics, or when it represents an inadequate level of reliability and/or accuracy with regard to the other processing)?",26,Operational context and risks,Definition of the intended context of the AI-based component,yes
Checklist for AI Auditing,Checklist for AI Auditing,GOV,34,Has the use of the AI component been assessed against other possible options from an approach focusing on the rights and freedoms of data subjects?,17,Impact on Society at large or Democracy,Analysis of proportionality and necessity,n/a
Checklist for AI Auditing,Checklist for AI Auditing,GOV,35,"In case of new developments, has a comparative efficiency analysis and adequateness of results of the AI-based component been carried out against other, more thoroughly tested components, which use stricter minimisation criteria or which involve less risks for the rights and freedoms of persons, most especially those that make less intensive use of special data categories?",22,System Design and Development,Analysis of proportionality and necessity,yes
Checklist for AI Auditing,Checklist for AI Auditing,GOV,36,"In case of addressing a new issue, have the motivations and grounds for addressing this issue by using an AI-based component been documented?",9,Traceability,Analysis of proportionality and necessity,n/a
Checklist for AI Auditing,Checklist for AI Auditing,GOV,37,"When addressing a well-known problem, have the grounds for changing the previous operation system that have led to a change in the previous mode of operation been documented including the description of the new control objectives intended by using the AI component in the framework of the procedure?",9,Traceability,Analysis of proportionality and necessity,n/a
Checklist for AI Auditing,Checklist for AI Auditing,GOV,38,Has the risk to the rights and freedoms of data subjects introduced by using an AIbased component in data processing been analysed and managed?,17,Impact on Society at large or Democracy,Analysis of proportionality and necessity,n/a
Checklist for AI Auditing,Checklist for AI Auditing,GOV,39,Is the information obligation to data subjects identified regarding data processing arising from the inclusion of the AI-based component?,13,Accesability and Unfair Design,Definition of the potential recipients of data,n/a
Checklist for AI Auditing,Checklist for AI Auditing,GOV,40,Are such obligations identified both for data directly obtained from data subjects and for data obtained from other sources of information?,13,Accesability and Unfair Design,Definition of the potential recipients of data,n/a
Checklist for AI Auditing,Checklist for AI Auditing,GOV,41,When determining such obligations: − are the recipients or categories of recipients to whom the personal data processed by the AI-based component were or are to be communicated identified (including those who are in third countries or are international organizations)?,11,Communication,Definition of the potential recipients of data,n/a
Checklist for AI Auditing,Checklist for AI Auditing,GOV,42,When determining such obligations: − are the intentions of the controller of transferring personal data to a recipient in a third country or international organization and the existence or absence of a Commission decision on adequacy identified?,8,Data Governance,Definition of the potential recipients of data,n/a
Checklist for AI Auditing,Checklist for AI Auditing,GOV,43,Are data recipients –including those from third countries or international organizations– identified under the activity or activities recorded in the Records of Processing Activities in which the relevant AI-based component is included?,8,Data Governance,Definition of the potential recipients of data,n/a
Checklist for AI Auditing,Checklist for AI Auditing,GOV,44,Are the legal grounds to store personal data used by the AI-based component for a period of time that exceeds the period established for processing purposes identified (especially when it is related with compatible purposes or included in any of the exceptions provided in the regulations)?,8,Data Governance,Limitation of data storage,n/a
Checklist for AI Auditing,Checklist for AI Auditing,GOV,45,Is it justified to store personal data once it is processed in any life cycle stages of the AI-based component?,8,Data Governance,Limitation of data storage,n/a
Checklist for AI Auditing,Checklist for AI Auditing,GOV,46,Have appropriate technical and organizational measures and criteria been defined to storage personal data?,8,Data Governance,Limitation of data storage,n/a
Checklist for AI Auditing,Checklist for AI Auditing,GOV,47,Are the time limits for erasure of stored personal data defined?,8,Data Governance,Limitation of data storage,n/a
Checklist for AI Auditing,Checklist for AI Auditing,GOV,48,Has a conservation policy been defined to keep a sample of training data for the purpose of auditing the AI component? Does it consider the minimum or assumable risks for the data subjects?,7,Privacy,Limitation of data storage,n/a
Checklist for AI Auditing,Checklist for AI Auditing,GOV,49,"Are there procedures to verify storage periods, criteria and implemented measures?",8,Data Governance,Limitation of data storage,n/a
Checklist for AI Auditing,Checklist for AI Auditing,GOV,50,"For those cases where an excessive pattern of data storage has been detected, either in terms of time or quantity, has a procedure for reviewing the analysis of the need and the proportionality of data storage been defined?",8,Data Governance,Limitation of data storage,n/a
Checklist for AI Auditing,Checklist for AI Auditing,GOV,51,"Has a storage policy for personal data included in the activity records of the AI-based component and privacy strategies (minimisation, hiding, separation or abstraction) been defined? Has it been implemented for operation purposes?",8,Data Governance,Limitation of data storage,n/a
Checklist for AI Auditing,Checklist for AI Auditing,GOV,52,Are the categories of data subjects affected by the development of the AI component and its use in the framework of the intended processing identified?,7,Privacy,Analysis of categories of data subjects,n/a
Checklist for AI Auditing,Checklist for AI Auditing,GOV,53,Are the short- and long-term consequences that the implementation of the AI component may have on the categories of data subjects identified?,8,Data Governance,Analysis of categories of data subjects,n/a
Checklist for AI Auditing,Checklist for AI Auditing,GOV,54,"Is there any procedure that analyses the social context in which the AI component is used, collecting information from people, groups or organizations affected by such AI component for the purposes of knowing their levels of satisfaction, position, concerns and uncertainties regarding the application of this technique for processing their data?",13,Accesability and Unfair Design,Analysis of categories of data subjects,n/a
Checklist for AI Auditing,Checklist for AI Auditing,GOV,55,Do the documents with development policies of products and systems consider the data protection policy?,8,Data Governance,Identification of the AI-based component development policy,n/a
Checklist for AI Auditing,Checklist for AI Auditing,GOV,56,Are the policies reviewed and version controlled?,8,Data Governance,Identification of the AI-based component development policy,n/a
Checklist for AI Auditing,Checklist for AI Auditing,GOV,57,"Does the DPO have the necessary professional qualifications and, particularly, the legal and technical expertise, as well as data protection practice appropriate to the project?",8,Data Governance,Involvement of the Data Protection Officer,n/a
Checklist for AI Auditing,Checklist for AI Auditing,GOV,58,Is the DPO assisted and advised by experts on specific matters relating to the AI component?,8,Data Governance,Involvement of the Data Protection Officer,n/a
Checklist for AI Auditing,Checklist for AI Auditing,GOV,59,"Are there internal procedures defined within the organisation for correct communication between the DPOs and the people in charge of those projects that may have an impact in data processing, in order to obtain assistance, particularly when developing the data protection impact assessment for those processing activities which include AI-based components?",8,Data Governance,Involvement of the Data Protection Officer,n/a
Checklist for AI Auditing,Checklist for AI Auditing,GOV,60,"Has the DPO played an active role in the stages being audited? Has his or her independence of judgment within the organisation and his or her obligations to cooperate with the supervisory agencies been respected and his or her opinions, remarks and considerations taken into account?",25,Auditing Context,Involvement of the Data Protection Officer,yes
Checklist for AI Auditing,Checklist for AI Auditing,GOV,61,Has an analysis been carried out regarding the theoretical framework and previous similar experience on which the development of the AI component is based?,22,System Design and Development,Adjustment of basic theoretical models,yes
Checklist for AI Auditing,Checklist for AI Auditing,GOV,62,"Have the basic hypotheses and premises considered in order to create and develop the relevant model been accurately described, justified and documented?",22,System Design and Development,Adjustment of basic theoretical models,yes
Checklist for AI Auditing,Checklist for AI Auditing,GOV,63,"Is a critical and verified procedural revision defined for the reasoning arising from acceptance of important hypotheses for the development of the AI-based component (i.e. examining which are the arguments for a causal relationship that models an algorithm, such as the selection of variables defining a certain phenomenon)?",22,System Design and Development,Adjustment of basic theoretical models,yes
Checklist for AI Auditing,Checklist for AI Auditing,GOV,64,Have appropriate premises been established regarding the potential proxy variables intervening in the AI-based components after carrying out a careful analysis?,8,Data Governance,Adjustment of basic theoretical models,n/a
Checklist for AI Auditing,Checklist for AI Auditing,GOV,65,"Is there proper documentation that include the methodological framework for defining the model and creating the AI component in the audited stages, such as the methods for selecting, collecting and preparing component’s training data, labelling, model building, using intermediate data, selecting the test/validation data subset or measuring deviations for improvement purposes?",9,Traceability,Appropriateness of the methodological framework,n/a
Checklist for AI Auditing,Checklist for AI Auditing,GOV,66,"Is the development model to be used properly determined depending on the results of the analysis of the problem to be solved and in a justified way (i.e. supervised, unsupervised or others)? In case of supervised models, does it specify the procedure for supervising the learning process of the algorithm, the degree of supervision and the basis for such supervision?",22,System Design and Development,Appropriateness of the methodological framework,yes
Checklist for AI Auditing,Checklist for AI Auditing,GOV,67,Are the metrics for measuring the behaviour of the AI component duly selected and measured?,9,Traceability,Appropriateness of the methodological framework,n/a
Checklist for AI Auditing,Checklist for AI Auditing,GOV,68,Has a procedure been implemented for recording and monitoring the deviations in the behaviour of the AI component with respect to the defined metrics that allows to identify the circumstances which may arise in an erroneous or biased behaviour?,12,Avoidance of Unfair Bias,Appropriateness of the methodological framework,n/a
Checklist for AI Auditing,Checklist for AI Auditing,GOV,69,"Does the project analysis phase of the AI-based component include, as part of the requirement catalogue, a series of specific requirements too guarantee privacy and personal data protection?",8,Data Governance,Identification of the basic architecture of the AI-based component,n/a
Checklist for AI Auditing,Checklist for AI Auditing,GOV,70,"Is there documentation which assure that, when programming AI-based components, the coding principles, codes and coding, best practices applied are followed in order to guarantee that the code is readable, secure, low-maintenance and robust?",9,Traceability,Identification of the basic architecture of the AI-based component,n/a
Checklist for AI Auditing,Checklist for AI Auditing,GOV,71,"Is the basic architecture of the AI component identified and documented? It must include information on the chosen machine learning technique, the type(s) of tested and, when appropriate, dismissed algorithms at the learning and training stages, and other data on the functioning of the relevant component, such as the model loss function or cost function.",22,System Design and Development,Identification of the basic architecture of the AI-based component,yes
Checklist for AI Auditing,Checklist for AI Auditing,GOV,72,"Does a systematic procedure for documenting the component implementation procedure exist? Is it implemented? It is necessary to guarantee registration and subsequent acquisition of all necessary information to identify such component, its elements and its environment, understanding what it does and why it does it, and enables to verify code quality and legibility for auditing purposes: description of the programming language(s) used, most recent code version, commented-out code, necessary packages and libraries, and interfaces with other components, when appropriate, used APIs and useful documents such as requirements specifications, functional and organic analyses, guidelines, etc.",9,Traceability,Identification of the basic architecture of the AI-based component,n/a
Checklist for AI Auditing,Checklist for AI Auditing,GOV,73,"Is the AI component code impossible to access? If yes, is a reverse-engineering process or other alternative method used (i.e., a zero-knowledge proof (ZKP))? A reverseengineering process enables to know more about the component function and to establish the logic of rules applied in order to detect inconsistencies, direct manipulations and underestimation or overestimation of the variables used in the original component.",6,"Reliability, Fall-back and Reproducibillity",Identification of the basic architecture of the AI-based component,n/a
Checklist for AI Auditing,Checklist for AI Auditing,GOV,74,"Is there a documented procedure to manage and ensure proper data governance, which allows to verify and provide guarantees of the accuracy, integrity, accuracy, veracity, update and adequacy of the datasets used for training, testing and operation?",8,Data Governance,Data quality assurance,n/a
Checklist for AI Auditing,Checklist for AI Auditing,GOV,75,"Are there supervisory mechanisms for data collection, processing, storage and use processes?",8,Data Governance,Data quality assurance,n/a
Checklist for AI Auditing,Checklist for AI Auditing,GOV,76,"Has a previous analysis been carried out together with a measurement of the sample used for training the relevant model? Has the sample size been verified as adequate? Has the frequency and distribution of each feature been verified, their intersection or the relevant groups for the study are appropriate regarding defined parameters or to reality?",8,Data Governance,Data quality assurance,n/a
Checklist for AI Auditing,Checklist for AI Auditing,GOV,77,"Has the learning process been analysed, both at the beginning and in each iteration of the global learning process, and on the sample used to train the model? Has it been verified that the final dataset is representative with respect to the population of the context to which the AI-based component is oriented and that the groups defined by said AI component are appropriate?",8,Data Governance,Data quality assurance,n/a
Checklist for AI Auditing,Checklist for AI Auditing,GOV,78,Is the feature distribution appropriate and make de IA component not especially sensitive or ignores any of them?,23,Performance and Monitoring,Data quality assurance,yes
Checklist for AI Auditing,Checklist for AI Auditing,GOV,79,"Are there procedures to analyse, measure and detect any possible imbalances between the amount of data that the component collects on a certain feature with respect to another and which may lead to behaviour deviations?",23,Performance and Monitoring,Data quality assurance,yes
Checklist for AI Auditing,Checklist for AI Auditing,GOV,80,Has an accurate compensation analysis been carried out in order to establish the relationship between the amount and type of data to be collected/discarded and those who are necessary to guarantee the that the AI component is effective and efficient?,8,Data Governance,Data quality assurance,n/a
Checklist for AI Auditing,Checklist for AI Auditing,GOV,81,Has a sample size analysis has been carried out regarding data storage for audit purposes?,18,Auditability,Data quality assurance,n/a
Checklist for AI Auditing,Checklist for AI Auditing,GOV,82,Has the origin and the data sources context used for training and validating the model been identified?,8,Data Governance,Definition of the origin of the data sources,n/a
Checklist for AI Auditing,Checklist for AI Auditing,GOV,83,Is there documentation that justify the selection process of data sources used to train the relevant AI-based component?,8,Data Governance,Definition of the origin of the data sources,n/a
Checklist for AI Auditing,Checklist for AI Auditing,GOV,84,Are legal grounds to used personal data in the different stages of the AI-based component life cycle identified?,8,Data Governance,Definition of the origin of the data sources,n/a
Checklist for AI Auditing,Checklist for AI Auditing,GOV,85,"Is there a justification to collect and use personal data when such data are not necessary in the training stage, in order to test the model behaviour in the subsequent stages of component verification and validation?",8,Data Governance,Definition of the origin of the data sources,n/a
Checklist for AI Auditing,Checklist for AI Auditing,GOV,86,"If sensitive personal data are processed, has the need for their use been assessed and certain circumstances justify to lift the general prohibition to process such data?",8,Data Governance,Definition of the origin of the data sources,n/a
Checklist for AI Auditing,Checklist for AI Auditing,GOV,87,Is the criteria to carry out previous cleansing of original data sets and any other tasks needed throughout the different iterations of the AI-based training process duly identified and documented?,8,Data Governance,Preprocessing of personal data,n/a
Checklist for AI Auditing,Checklist for AI Auditing,GOV,88,Are data cleaning techniques and best practices used in the data cleansing process properly selected and documented?,8,Data Governance,Preprocessing of personal data,n/a
Checklist for AI Auditing,Checklist for AI Auditing,GOV,89,Do classifying features define clearly distinguishable and identifiable types?,8,Data Governance,Preprocessing of personal data,n/a
Checklist for AI Auditing,Checklist for AI Auditing,GOV,90,"Is the structure and properties of the processed data set documented, including the number of data subjects and the extension of used data?",8,Data Governance,Preprocessing of personal data,n/a
Checklist for AI Auditing,Checklist for AI Auditing,GOV,91,"Have data been previously classified into categories, organizing them in non personal and personal data, and, for the latter, identifying which fields constitute identifiers, quasi-identifiers and special data categories?",8,Data Governance,Preprocessing of personal data,n/a
Checklist for AI Auditing,Checklist for AI Auditing,GOV,92,"Have the relevant model featuresfor the model been determined (identifying the those associated with special data categories and proxy variables, including the necessary information for their interpretation)?",8,Data Governance,Preprocessing of personal data,n/a
Checklist for AI Auditing,Checklist for AI Auditing,GOV,93,"Has data minimisation criteria been 14determined and applied to the different stages of the AI component, using strategies such as data hiding, separation, abstraction, anonymisation and pseudonymisation that might apply for the purposes of maximising privacy in the operation of the relevant AI-based component?",8,Data Governance,Preprocessing of personal data,n/a
Checklist for AI Auditing,Checklist for AI Auditing,GOV,94,Do databases have an associated data-dictionary for the analysis and understanding?,8,Data Governance,Preprocessing of personal data,n/a
Checklist for AI Auditing,Checklist for AI Auditing,GOV,95,"Have segregation and de-identification strategies been implemented on additional information that is not required for training purposes but shall be required in the verification and validation processes of the model’s behaviour? It is needed to analyse correlations between variables, measure the degree of accuracy of the AI component with regard to certain attributes and ensure that no biases are introduced.",8,Data Governance,Preprocessing of personal data,n/a
Checklist for AI Auditing,Checklist for AI Auditing,GOV,96,Have data selection and assessment been carried out with the involvement of an expert in modelling techniques and data science?,8,Data Governance,Preprocessing of personal data,n/a
Checklist for AI Auditing,Checklist for AI Auditing,GOV,97,"Have training and validating data been previously pre-processed and cleaned in order to detect any possible abnormality which may require previous processing (i.e., boundary values, incomplete records, etc.) and to convert any heterogeneous data sources to a homogeneous format?",8,Data Governance,Preprocessing of personal data,n/a
Checklist for AI Auditing,Checklist for AI Auditing,GOV,98,"In case of input data are not appropriate with regard to the functioning of the AI component or because it is not representative of the reality it intends to reflect, have the necessary modifications been introduced in the format of these data?",8,Data Governance,Preprocessing of personal data,n/a
Checklist for AI Auditing,Checklist for AI Auditing,GOV,99,"When necessary, has a data anonymisation analysis, including the possible risk of reidentification, been carried out?",7,Privacy,Preprocessing of personal data,n/a
Checklist for AI Auditing,Checklist for AI Auditing,GOV,100,"When necessary, if data imputation techniques have been used to complete the information of the data set, have the procedures and algorithms used for such imputation been documented?",9,Traceability,Preprocessing of personal data,n/a
Checklist for AI Auditing,Checklist for AI Auditing,GOV,101,"Have appropriate procedures been defined in order to identify and remove, or at least limit, any bias in the data used to train the relevant model?",12,Avoidance of Unfair Bias,Bias control,n/a
Checklist for AI Auditing,Checklist for AI Auditing,GOV,102,Has it been verified that in training data did not have previous biases?,12,Avoidance of Unfair Bias,Bias control,n/a
Checklist for AI Auditing,Checklist for AI Auditing,GOV,103,Is there a procedure to assess the need to have additional data for improving precision or removing any possible bias?,12,Avoidance of Unfair Bias,Bias control,n/a
Checklist for AI Auditing,Checklist for AI Auditing,GOV,104,Are there human supervision mechanisms implemented in order to control and ensure that results are bias-free?,12,Avoidance of Unfair Bias,Bias control,n/a
Checklist for AI Auditing,Checklist for AI Auditing,GOV,105,"Are mechanisms implemented to enable data subjects to request human intervention, provide feedback or refute the results obtained by means of automated decisionmaking algorithms?",12,Avoidance of Unfair Bias,Bias control,n/a
Checklist for AI Auditing,Checklist for AI Auditing,GOV,106,"Is there documentation that duly describe the verification and validation process, the techniques used, the verification and test assembly carried out, the results obtained, and the proposed actions?",9,Traceability,Adapting the verification and validation process of the AI based component,n/a
Checklist for AI Auditing,Checklist for AI Auditing,GOV,107,"Have there been established or followed guidelines, standards or regulations in order to carry out a systematic procedure to verify and validate the AI-based component and its behaviour once integrated in the processing activities it supports?",6,"Reliability, Fall-back and Reproducibillity",Adapting the verification and validation process of the AI based component,n/a
Checklist for AI Auditing,Checklist for AI Auditing,GOV,108,Are control and supervision mechanisms in place to ensure that the AI-based component efficiently complies with its intended goals and purposes?,9,Traceability,Adapting the verification and validation process of the AI based component,n/a
Checklist for AI Auditing,Checklist for AI Auditing,GOV,109,"Are metrics and criteria, on which verifications within the verification and validation process shall be carried out, defined and justified?",9,Traceability,Adapting the verification and validation process of the AI based component,n/a
Checklist for AI Auditing,Checklist for AI Auditing,GOV,110,"Is a testing strategy defined? Related to this strategy, is there a testing plan to assess the correction of the AI component both from structural and functional terms?",6,"Reliability, Fall-back and Reproducibillity",Adapting the verification and validation process of the AI based component,n/a
Checklist for AI Auditing,Checklist for AI Auditing,GOV,111,Are the personnel involved in AI-component verification and validation tasks qualified to carry out the necessary checks in order to ensure that the component has been correctly built and behaves as expected?,6,"Reliability, Fall-back and Reproducibillity",Adapting the verification and validation process of the AI based component,n/a
Checklist for AI Auditing,Checklist for AI Auditing,GOV,112,"Does the testing plan include reviews and, when appropriate, inspections for the purposes of early identification and remedy of defects in requirements or design, incorrect specifications or deviations from applicable criteria during development?",6,"Reliability, Fall-back and Reproducibillity",Verification and validation of the AI-based component,n/a
Checklist for AI Auditing,Checklist for AI Auditing,GOV,113,Is white-box testing of the network design or the AI component considered as part of the testing plan?,6,"Reliability, Fall-back and Reproducibillity",Verification and validation of the AI-based component,n/a
Checklist for AI Auditing,Checklist for AI Auditing,GOV,114,Is white-box testing at code and implementation levels included in the testing plan?,6,"Reliability, Fall-back and Reproducibillity",Verification and validation of the AI-based component,n/a
Checklist for AI Auditing,Checklist for AI Auditing,GOV,115,"Is black-box testing considered as part of the testing plan in order to ensure that functionality of AI-based component is guaranteed, it behaves as expected and the information integrity is preserved?",6,"Reliability, Fall-back and Reproducibillity",Verification and validation of the AI-based component,n/a
Checklist for AI Auditing,Checklist for AI Auditing,GOV,116,"Are security check tests provided as part of the test plan in relation to the protection of rights and freedoms, in its holistic definition (physical and IT) in the case of AI components implemented in robotic systems, industry 4.0, or the Internet of Things?",4,General Safety,Verification and validation of the AI-based component,n/a
Checklist for AI Auditing,Checklist for AI Auditing,GOV,117,Does the validation test plan include verification of boundary values and extreme test cases which might make the component functioning in an unexpected manner?,6,"Reliability, Fall-back and Reproducibillity",Verification and validation of the AI-based component,n/a
Checklist for AI Auditing,Checklist for AI Auditing,GOV,118,"Is there a cleaning procedure to correct any errors, shortcomings or inconsistencies detected during the verification and validation process?",5,Accuracy,Verification and validation of the AI-based component,n/a
Checklist for AI Auditing,Checklist for AI Auditing,GOV,119,"Are metrics or sets of aggregated metrics used to determine the precision, accuracy, sensitivity or other performance parameters of the relevant component in consideration of the principle of data accuracy established?",5,Accuracy,Performance,n/a
Checklist for AI Auditing,Checklist for AI Auditing,GOV,120,"Are the rate values of false positives and false negatives yielded by the AI component known and analysed and interpreted in order to establish their accuracy, specificity and sensitivity of the component behaviour?",5,Accuracy,Performance,n/a
Checklist for AI Auditing,Checklist for AI Auditing,GOV,121,Has the level and definition of the performance parameters required for the AI-based component in the framework of the processing been assessed?,5,Accuracy,Performance,n/a
Checklist for AI Auditing,Checklist for AI Auditing,GOV,122,Have the performance values between different options of AI components been compared in the context of a process of selection of the most appropriate component for a specific processing?,5,Accuracy,Performance,n/a
Checklist for AI Auditing,Checklist for AI Auditing,GOV,123,Are output variables defined and determined with special consideration to those that constitute special data categories?,5,Accuracy,Performance,n/a
Checklist for AI Auditing,Checklist for AI Auditing,GOV,124,"Have measures, which ensure that data used are exhaustive and updated, adopted?",8,Data Governance,Performance,n/a
Checklist for AI Auditing,Checklist for AI Auditing,GOV,125,Have relevant parameters and their cut-off values been determined (so the model considers certain variables in order to obtain significant results)?,8,Data Governance,Performance,n/a
Checklist for AI Auditing,Checklist for AI Auditing,GOV,126,"Are there procedures to detect whether the response of the AI-based component to input data is erroneous or exceeds a predetermined error threshold, or whether there are different error thresholds associated with different categories of data subjects in the data set?",5,Accuracy,Performance,n/a
Checklist for AI Auditing,Checklist for AI Auditing,GOV,127,Has a dimension reduction been carried out in order to achieve a balance between complexity and generalization?,22,System Design and Development,Performance,yes
Checklist for AI Auditing,Checklist for AI Auditing,GOV,128,"Is there a procedure to verify whether the obtained results present significant changes with respect to the results expected, and to act accordingly?",9,Traceability,Consistency,n/a
Checklist for AI Auditing,Checklist for AI Auditing,GOV,129,Has a threshold been established to determine when an obtained result deviates from the expected result based on identical or similar data inputs (significant deviations)?,6,"Reliability, Fall-back and Reproducibillity",Consistency,n/a
Checklist for AI Auditing,Checklist for AI Auditing,GOV,130,Has it been analysed whether the AI-based component behaves differently when processing data from individuals who differ in their personal characteristic associated to special data categories or in the values of the proxy variables?,12,Avoidance of Unfair Bias,Consistency,n/a
Checklist for AI Auditing,Checklist for AI Auditing,GOV,131,Has the effect of changes in low prevalence variables within the training dataset in output results of the AI-based component been assessed?,6,"Reliability, Fall-back and Reproducibillity",Consistency,n/a
Checklist for AI Auditing,Checklist for AI Auditing,GOV,132,Are there measures adopted to ensure component independence?,3,Resilience to Attack and Security,Consistency,n/a
Checklist for AI Auditing,Checklist for AI Auditing,GOV,133,Is it verified that there is no correlation between the results and the additional variables associated to data subjects that are not a part of the process variables and which may evidence the existence of biases?,12,Avoidance of Unfair Bias,Consistency,n/a
Checklist for AI Auditing,Checklist for AI Auditing,GOV,134,"Within the possible or actual context of function of the relevant component, are the factors, whose variation may impact the properties of the AI component and may establish the need to manage its readjustment, identified?",6,"Reliability, Fall-back and Reproducibillity",Stability and robustness,n/a
Checklist for AI Auditing,Checklist for AI Auditing,GOV,135,Has the AI component behaviour in unexpected environments been assessed?,6,"Reliability, Fall-back and Reproducibillity",Stability and robustness,n/a
Checklist for AI Auditing,Checklist for AI Auditing,GOV,136,"Has a time estimation for reassessment, readjustment or reboot of the component in order to have it adjusted to input data deviation or changes in decision-making criteria is required been analysed?",6,"Reliability, Fall-back and Reproducibillity",Stability and robustness,n/a
Checklist for AI Auditing,Checklist for AI Auditing,GOV,137,"Is there any documentation that show whether the AI component has been built with a static approach, a dynamic approach or a continuous learning approach by design?",6,"Reliability, Fall-back and Reproducibillity",Stability and robustness,n/a
Checklist for AI Auditing,Checklist for AI Auditing,GOV,138,"In case of continuous learning AI component, has the degree of adaptability to new input data or types of data been assessed? have monitoring procedures and mechanisms been defined in order to verify that conclusions obtained remain valid, that the AI component is capable of acquiring new knowledge and/or previous associations learned have not been lost?",6,"Reliability, Fall-back and Reproducibillity",Stability and robustness,n/a
Checklist for AI Auditing,Checklist for AI Auditing,GOV,139,"Is there a version control system in place for all elements of the AI-based component: used datasets, AI-based component code, libraries used and any other element associated with the component?",9,Traceability,Traceability,n/a
Checklist for AI Auditing,Checklist for AI Auditing,GOV,140,"Is there a formal and documented procedure, subject to reassessment as appropriate, of risk assessment depending on such changes that may occur on the implementation of the AI-based component throughout its life cycle?",19,Risk Management,Traceability,n/a
Checklist for AI Auditing,Checklist for AI Auditing,GOV,141,"Have monitoring and supervision mechanisms (such as log files and results records) been implemented to properly assess the behaviour of the component in interaction with environment, to measure that the relevant outputs are adjusted to the responses of real-life processes that they model and to any potential inconsistency between expected behaviour and the automated one?",9,Traceability,Traceability,n/a
Checklist for AI Auditing,Checklist for AI Auditing,GOV,142,Is there a record of incidences and previous abnormal behaviours detected and remedied?,9,Traceability,Traceability,n/a
Checklist for AI Auditing,Checklist for AI Auditing,GOV,143,Are there monitoring mechanisms available for human operators for monitoring and verification purposes?,9,Traceability,Traceability,n/a
Checklist for AI Auditing,Checklist for AI Auditing,GOV,144,"Has a procedure been implemented and documented to ensure human intervention in decision-making, either on its own initiative, when results deviate from expected behaviour, or on request of data subjects affected by the AI-based component’s output?",9,Traceability,Traceability,n/a
Checklist for AI Auditing,Checklist for AI Auditing,GOV,145,Are mechanisms adopted within the framework of the processing so that the results and decisions taken may be entirely the responsibility of human operators?,9,Traceability,Traceability,n/a
Checklist for AI Auditing,Checklist for AI Auditing,GOV,146,Has a risk analysis developed with regard to the risks for rights and freedoms of persons? Have the results of this risk analysis been used to determine the security and privacy requirements of the AI-based component in the framework of the processing?,19,Risk Management,Security,n/a
Checklist for AI Auditing,Checklist for AI Auditing,GOV,147,"Are data protection and security requirements related defined at the origin and together with any other requirements, regardless of whether they are to be applied to the design of a new AI-based component or to the modification of an existing one?",8,Data Governance,Security,n/a
Checklist for AI Auditing,Checklist for AI Auditing,GOV,148,Have standards and best practices been taken in consideration for secure configuration and development of the AI relevant component?,3,Resilience to Attack and Security,Security,n/a
Checklist for AI Auditing,Checklist for AI Auditing,GOV,149,"Are measures to ensure protection of the processed data implemented? particularly those oriented to guarantee confidentiality by means of data anonymisation or pseudonymisation, and integrity to protect component implementation from accidental or intentional manipulation",3,Resilience to Attack and Security,Security,n/a
Checklist for AI Auditing,Checklist for AI Auditing,GOV,150,Are measures to guarantee component resilience and its capacity to withstand an attack implemented?,3,Resilience to Attack and Security,Security,n/a
Checklist for AI Auditing,Checklist for AI Auditing,GOV,151,"Have procedures implemented in order to properly monitor the functioning of the component and early detect any potential data leak, unauthorised access or other security breaches?",3,Resilience to Attack and Security,Security,n/a
Checklist for AI Auditing,Checklist for AI Auditing,GOV,152,Do component users and operators have sufficient information and are able to be aware of their security duties and responsibilities regarding data protection and safeguarding data subjects’ rights and freedoms?,17,Impact on Society at large or Democracy,Security,n/a
COBIT 2019,COBIT 2019,IND,1,Direct the governance system,20,Organisational context and Strategy,EDM01 Ensured Governance Framework Setting and Maintenance,yes
COBIT 2019,COBIT 2019,IND,2,Monitor the governance system,0,UNMAPPED,EDM01 Ensured Governance Framework Setting and Maintenance,not_found
COBIT 2019,COBIT 2019,IND,3,Define target digital capabilities,0,UNMAPPED,APO02 Managed Strategy,not_found
COBIT 2019,COBIT 2019,IND,4,Conduct a gap analysis.,18,Auditability,APO02 Managed Strategy,n/a
COBIT 2019,COBIT 2019,IND,5,Define the strategic plan and road map.,0,UNMAPPED,APO02 Managed Strategy,not_found
COBIT 2019,COBIT 2019,IND,6,Assess the potential of emerging technologies and innovative ideas,0,UNMAPPED,APO04 Managed Innovation,not_found
COBIT 2019,COBIT 2019,IND,7,Monitor the implementation and use of innovation.,9,Traceability,APO04 Managed Innovation,n/a
COBIT 2019,COBIT 2019,IND,8,"Capture source information, supporting evidence and the record of transactions.",9,Traceability,DSS06.05 Ensure traceability and accountability for information events,n/a
COBIT 2019,COBIT 2019,IND,9,"Define retention requirements, based on business requirements, to meet operational, financial reporting and compliance needs.",19,Risk Management,DSS06.05 Ensure traceability and accountability for information events,n/a
COBIT 2019,COBIT 2019,IND,10,"Dispose of source information, supporting evidence and the record of transactions in accordance with the retention policy.",8,Data Governance,DSS06.05 Ensure traceability and accountability for information events,n/a
COSO Deloitte,COSO Deloitte,IND,1,Exercise board risk oversight,19,Risk Management,Governance & Culture,n/a
COSO Deloitte,COSO Deloitte,IND,2,Establish operating structures,9,Traceability,Governance & Culture,n/a
COSO Deloitte,COSO Deloitte,IND,3,Define desired culture,20,Organisational context and Strategy,Governance & Culture,yes
COSO Deloitte,COSO Deloitte,IND,4,Demonstrate commitment to core value,20,Organisational context and Strategy,Governance & Culture,yes
COSO Deloitte,COSO Deloitte,IND,5,"Attract, develop and retain capable individuals",24,Training and Awareness,Governance & Culture,yes
COSO Deloitte,COSO Deloitte,IND,6,Does the organization have an integrated AI governance program?,20,Organisational context and Strategy,Extra points to ponder,yes
COSO Deloitte,COSO Deloitte,IND,7,How are ethical considerations factored into AI implementation? Should there be a chief ethics officer to govern ongoing monitoring of AI?,12,Avoidance of Unfair Bias,Extra points to ponder,n/a
COSO Deloitte,COSO Deloitte,IND,8,"Does the organization have a chief risk officer, data officer, or equivalent risk leader to help with risks associated with enterprise-wide AI initiatives?",19,Risk Management,Extra points to ponder,n/a
COSO Deloitte,COSO Deloitte,IND,9,Does the board have a member who is a technology or AI expert?,2,Human Oversight,Extra points to ponder,n/a
COSO Deloitte,COSO Deloitte,IND,10,What board-level approvals or consultations happen around AI implementation and changes post-implementation?,20,Organisational context and Strategy,Extra points to ponder,yes
COSO Deloitte,COSO Deloitte,IND,11,Assess whether AI systems include internal and external checks to help enable equitable application across all participants.,13,Accesability and Unfair Design,Deloitte trusthworthy AI points to consider,n/a
COSO Deloitte,COSO Deloitte,IND,12,"Help participants understand how their data can be used and how AI systems make decisions. Algorithms, attributes, and correlations are open to inspection.",10,Explainability,Deloitte trusthworthy AI points to consider,n/a
COSO Deloitte,COSO Deloitte,IND,13,Put an organizational structure and policies in place that can help clearly determine who is responsible for the output of AI system decisions.,9,Traceability,Deloitte trusthworthy AI points to consider,n/a
COSO Deloitte,COSO Deloitte,IND,14,Confirm that AI systems have the ability to learn from humans and other systems in order to produce consistent and reliable outcomes.,5,Accuracy,Deloitte trusthworthy AI points to consider,n/a
COSO Deloitte,COSO Deloitte,IND,15,Respect data privacy and avoid using AI to leverage customer data beyond its intended and stated use. Allow customers to opt in or opt out of sharing their data.,7,Privacy,Deloitte trusthworthy AI points to consider,n/a
COSO Deloitte,COSO Deloitte,IND,16,Protect AI systems from potential risks (including cyber risks) that may cause physical and digital harm,3,Resilience to Attack and Security,Deloitte trusthworthy AI points to consider,n/a
COSO Deloitte,COSO Deloitte,IND,17,Analyze the business context,20,Organisational context and Strategy,Strategy and objective-setting,yes
COSO Deloitte,COSO Deloitte,IND,18,Define risk apetite,19,Risk Management,Strategy and objective-setting,n/a
COSO Deloitte,COSO Deloitte,IND,19,Evaluate alternative strategies,23,Performance and Monitoring,Strategy and objective-setting,yes
COSO Deloitte,COSO Deloitte,IND,20,Formulate business objectives,20,Organisational context and Strategy,Strategy and objective-setting,yes
COSO Deloitte,COSO Deloitte,IND,21,Does the organization use strategic risk assessment techniques like scenario planning and assumptions testing for AI programs?,19,Risk Management,Extra points to ponder,n/a
COSO Deloitte,COSO Deloitte,IND,22,"Are AI capabilities used for identifying emerging risks and seeking stakeholder feedback about products, services, and brand?",19,Risk Management,Extra points to ponder,n/a
COSO Deloitte,COSO Deloitte,IND,23,Do AI initiatives support risk analytics to monitor risks?,19,Risk Management,Extra points to ponder,n/a
COSO Deloitte,COSO Deloitte,IND,24,Do AI risk assessments consider the risks and rewards associated with each AI use case and factor these trade-offs into both go/no-go decisions as well as design and purpose of relevant AI models?,19,Risk Management,Extra points to ponder,n/a
COSO Deloitte,COSO Deloitte,IND,25,Identify risk,19,Risk Management,Performance,n/a
COSO Deloitte,COSO Deloitte,IND,26,assess the severity of risks,19,Risk Management,Performance,n/a
COSO Deloitte,COSO Deloitte,IND,27,prioritize risks,19,Risk Management,Performance,n/a
COSO Deloitte,COSO Deloitte,IND,28,implement risk responses,19,Risk Management,Performance,n/a
COSO Deloitte,COSO Deloitte,IND,29,Develop portfolio view,19,Risk Management,Performance,n/a
COSO Deloitte,COSO Deloitte,IND,30,Perform a risk review,19,Risk Management,Performance,n/a
COSO Deloitte,COSO Deloitte,IND,31,perform a data review,8,Data Governance,Performance,n/a
COSO Deloitte,COSO Deloitte,IND,32,perform a model review,6,"Reliability, Fall-back and Reproducibillity",Performance,n/a
COSO Deloitte,COSO Deloitte,IND,33,perform an implementation review,9,Traceability,Performance,n/a
COSO Deloitte,COSO Deloitte,IND,34,perform a post-deployment review,19,Risk Management,Performance,n/a
COSO Deloitte,COSO Deloitte,IND,35,Do AI model performance reviews include assessing and managing risks to improve results?,19,Risk Management,Extra points to ponder,n/a
COSO Deloitte,COSO Deloitte,IND,36,Are key risk and performance indicators for AI applications monitored through executive dashboards and reported to authorized data users?,19,Risk Management,Extra points to ponder,n/a
COSO Deloitte,COSO Deloitte,IND,37,How much confidence is there that the AI application and related controls are operating as intended and generating the right information for decision-making?,10,Explainability,Extra points to ponder,n/a
COSO Deloitte,COSO Deloitte,IND,38,Assess substantial changes,19,Risk Management,Review and revision,n/a
COSO Deloitte,COSO Deloitte,IND,39,Review the risks and performance,19,Risk Management,Review and revision,n/a
COSO Deloitte,COSO Deloitte,IND,40,Pusue improvement in ERM,19,Risk Management,Review and revision,n/a
COSO Deloitte,COSO Deloitte,IND,41,Does the organization perform a portfolio review of all AI programs to understand synergies and risks at an aggregate level?,19,Risk Management,Extra points to ponder,n/a
COSO Deloitte,COSO Deloitte,IND,42,Does a chief risk officer participate in AI performance reviews to share risk management perspectives?,19,Risk Management,Extra points to ponder,n/a
COSO Deloitte,COSO Deloitte,IND,43,"Are findings, both positive and negative, shared with the members of senior management and board of directors in such reviews?",14,Stakeholder Participation,Extra points to ponder,n/a
COSO Deloitte,COSO Deloitte,IND,44,Does senior management take appropriate remedial actions to address any negative findings?,19,Risk Management,Extra points to ponder,n/a
COSO Deloitte,COSO Deloitte,IND,45,Do you have a multidisciplinary risk management team that can help with AI model risk mitigation planning?,19,Risk Management,Extra points to ponder,n/a
COSO Deloitte,COSO Deloitte,IND,46,Leverage information and technology,9,Traceability,"INFORMATION, COMMUNICATION, & REPORTING",n/a
COSO Deloitte,COSO Deloitte,IND,47,Communicate Risk information,11,Communication,"INFORMATION, COMMUNICATION, & REPORTING",n/a
COSO Deloitte,COSO Deloitte,IND,48,"Report on risk, culture and performance",11,Communication,"INFORMATION, COMMUNICATION, & REPORTING",n/a
COSO Deloitte,COSO Deloitte,IND,49,Is there a crisis response plan in place?,19,Risk Management,Extra points to ponder,n/a
COSO Deloitte,COSO Deloitte,IND,50,What AI program performance reporting is disseminated to stakeholders and to the public?,11,Communication,Extra points to ponder,n/a
COSO Deloitte,COSO Deloitte,IND,51,Do executives and oversight bodies within the organization receive relevant performance information around AI programs?,14,Stakeholder Participation,Extra points to ponder,n/a
COSO Deloitte,COSO Deloitte,IND,52,Establish governance structure for AI program,20,Organisational context and Strategy,Five steps to consider based on the COSO ERM Framework,yes
COSO Deloitte,COSO Deloitte,IND,53,Get an AI risk strategy together,19,Risk Management,Five steps to consider based on the COSO ERM Framework,n/a
COSO Deloitte,COSO Deloitte,IND,54,Take the initiative with AI risk assessment,19,Risk Management,Five steps to consider based on the COSO ERM Framework,n/a
COSO Deloitte,COSO Deloitte,IND,55,Develop a portfolio view of risks and opportunities for AI initiatives,19,Risk Management,Five steps to consider based on the COSO ERM Framework,n/a
COSO Deloitte,COSO Deloitte,IND,56,Lay out an approach to manage AI risks and report to stakeholders for transparency,19,Risk Management,Five steps to consider based on the COSO ERM Framework,n/a
Black-box auditing approach,Black-box auditing approach,ACA,1,Define the inputs and conditions leading to algorithmic decisions (antecedents).,9,Traceability,Antecedent Identification,n/a
Black-box auditing approach,Black-box auditing approach,ACA,2,Identify the outcomes (consequents) of the algorithm's decision-making process.,9,Traceability,Consequent Identification,n/a
Black-box auditing approach,Black-box auditing approach,ACA,3,Analyze hypothetical alternatives (counterfactuals) to explore how changing inputs might alter outcomes.,6,"Reliability, Fall-back and Reproducibillity",Counterfactuals Analysis,n/a
Black-box auditing approach,Black-box auditing approach,ACA,4,Develop a bounded rationality-based system to generate desirable counterfactuals from possible alternatives.,25,Auditing Context,Rational Counterfactual System,yes
Black-box auditing approach,Black-box auditing approach,ACA,5,Generate a set of both rational and irrational counterfactuals and determine their impact on outcomes.,25,Auditing Context,Counterfactual Lake,yes
Black-box auditing approach,Black-box auditing approach,ACA,6,"Examine whether any biases (e.g., racial, gender-based) exist within the algorithm's decision-making process by using counterfactual comparisons.",12,Avoidance of Unfair Bias,Bias and Discrimination Testing,n/a
Black-box auditing approach,Black-box auditing approach,ACA,7,Strive for algorithmic transparency and ensure that the algorithmic decisions are justifiable to all stakeholders.,10,Explainability,Transparency and Accountability,n/a
HRIA,HRIA,ACA,1,What are the main features of the product/service?,20,Organisational context and Strategy,"Stage 1, Planning and scoping phase",yes
HRIA,HRIA,ACA,2,In which countries will the product/service be offered?,26,Operational context and risks,"Stage 1, Planning and scoping phase",yes
HRIA,HRIA,ACA,3,Identification of rights-holders: who are the target-users of the product/service?,26,Operational context and risks,"Stage 1, Planning and scoping phase",yes
HRIA,HRIA,ACA,4,"What types of data are collected (personal, non-personal, special categories)?",8,Data Governance,"Stage 1, Planning and scoping phase",n/a
HRIA,HRIA,ACA,5,What are the main purposes of data processing?,8,Data Governance,"Stage 1, Planning and scoping phase",n/a
HRIA,HRIA,ACA,6,Identification of the duty-bearers: which subjects are involved in data management and what is their role in data processing?,8,Data Governance,"Stage 1, Planning and scoping phase",n/a
HRIA,HRIA,ACA,7,Which human rights are potentially affected by the product/service?,4,General Safety,"Stage 1, Planning and scoping phase",n/a
HRIA,HRIA,ACA,8,Which international/regional legal instruments have been implemented at an operational level?,21,Compliance and Legal,"Stage 1, Planning and scoping phase",yes
HRIA,HRIA,ACA,9,Which are the most relevant courts or authoritative bodies in the field of human rights in the context?,21,Compliance and Legal,"Stage 1, Planning and scoping phase",yes
HRIA,HRIA,ACA,10,What are the relevant decisions and provisions in the field of human rights?,21,Compliance and Legal,"Stage 1, Planning and scoping phase",yes
HRIA,HRIA,ACA,11,"What policies and procedures are in place to assess the potential impact on human rights, including stakeholder engagement?",14,Stakeholder Participation,"Stage 1, Planning and scoping phase",n/a
HRIA,HRIA,ACA,12,"Has an impact assessment been carried out, developed and implemented in relation to specific issues or some features of the product/service (e.g. use of biometrics)?",19,Risk Management,"Stage 1, Planning and scoping phase",n/a
HRIA,HRIA,ACA,13,"Which are the main groups or communities potentially affected by the service/product, including its development?",17,Impact on Society at large or Democracy,"Stage 1, Planning and scoping phase",n/a
HRIA,HRIA,ACA,14,"What other stakeholders should be involved, in addition to affected community and groups, (e.g. civil society and international originations, experts, industry associations, journalists)?",14,Stakeholder Participation,"Stage 1, Planning and scoping phase",n/a
HRIA,HRIA,ACA,15,"Are there any other duty-bearers to be involved, apart from the product/service developer (e.g. national authorities, governmental agencies)?",20,Organisational context and Strategy,"Stage 1, Planning and scoping phase",yes
HRIA,HRIA,ACA,16,"Were business partners, including suppliers (e.g. subcontractors in AI systems and datasets) involved in the assessment process?",27,Third-party risks,"Stage 1, Planning and scoping phase",yes
HRIA,HRIA,ACA,17,Has the developer conducted an assessment of its supply chain to identify whether the activities of suppliers/contractors involved in product/service development might contribute to adverse human rights impacts? Has the developer promoted human rights standards or audits to ensure respect for human rights amongst suppliers?,4,General Safety,"Stage 1, Planning and scoping phase",n/a
HRIA,HRIA,ACA,18,Do the product/service developers publicly communicate the potential impacts on human rights of the service/product?,11,Communication,"Stage 1, Planning and scoping phase",n/a
HRIA,HRIA,ACA,19,Does the developer provide training on human rights standards for relevant management and procurement staff?,24,Training and Awareness,"Stage 1, Planning and scoping phase",yes
HRIA,HRIA,ACA,20,Investigate the probability that adverse consequences of a certain risk might occur,19,Risk Management,"Stage 2, Data collection and analysis",n/a
HRIA,HRIA,ACA,21,Investigate the potential number of people at risk,19,Risk Management,"Stage 2, Data collection and analysis",n/a
HRIA,HRIA,ACA,22,Based upon the probability and the potential people risk create the combinatorial table to see the likelihood level,19,Risk Management,"Stage 2, Data collection and analysis",n/a
HRIA,HRIA,ACA,23,Investigate the gravity of the prejudice,13,Accesability and Unfair Design,"Stage 2, Data collection and analysis",n/a
HRIA,HRIA,ACA,24,Effort to overcome the prejudice and to reverse adverse effects,13,Accesability and Unfair Design,"Stage 2, Data collection and analysis",n/a
HRIA,HRIA,ACA,25,Based upon the gravity and effort to overcome prejudice create the severity table,19,Risk Management,"Stage 2, Data collection and analysis",n/a
HRIA,HRIA,ACA,26,chart both variables – likelihood and severity (of the expected consequences against each envisaged risk to rights and freedoms,19,Risk Management,"Stage 2, Data collection and analysis",n/a
HRIA,HRIA,ACA,27,Create an overall risk impact table,19,Risk Management,"Stage 2, Data collection and analysis",n/a
HRIA,HRIA,ACA,28,A radial graph is charted to represent the overall impact on the rights and freedoms considered,19,Risk Management,"Stage 2, Data collection and analysis",n/a
HRIA,HRIA,ACA,29,Further investigate the impacts by investigating the legal perspective and means of appropriate mitigation measures,19,Risk Management,"Stage 2, Data collection and analysis",n/a
Framework for AAS,Framework for AAS,ACA,1,"Problem definition:  Records relating to the aims of and rationale for the algorithmic system, giving insight into the values and norms behind its commissioning, development, and operation, are therefore relevant to various accountability relationships.",9,Traceability,Comissioning,n/a
Framework for AAS,Framework for AAS,ACA,2,"Impact assessment:  assess the potential implications and risks of an ADM system, and are important mechanisms for uncovering and mitigating potential problems. These can be regarding legality, ethical issues, systainability or others",19,Risk Management,Comissioning,n/a
Framework for AAS,Framework for AAS,ACA,3,"Procurement: looks at the procurement of; models, data for training, technical components and the likes",22,System Design and Development,Comissioning,yes
Framework for AAS,Framework for AAS,ACA,4,"Data collection: Details of the provenance of data, regarding its lineage and decisions made throughout its lifecycle—creation, collection, collation, processing, and sharing—is particularly important",8,Data Governance,Model Building,n/a
Framework for AAS,Framework for AAS,ACA,5,"Pre-processing: Pre-processing includes data cleansing (e.g. outlier detection, handling missing data or data inconsistencies), data wrangling/transformation, data merging, feature engineering/ construction, data labelling, and feature selection",8,Data Governance,Model Building,n/a
Framework for AAS,Framework for AAS,ACA,6,"Training: some technical aspects of training and testing steps would be explicitly linked and iteratively performed, but there are aspects about the model training process that should be explicitly considered",6,"Reliability, Fall-back and Reproducibillity",Model Building,n/a
Framework for AAS,Framework for AAS,ACA,7,"Testing: This may be iterative, as representation bias of testing data may be assessed against the population and the model may be retrained and re-tested to achieve the target metrics",12,Avoidance of Unfair Bias,Model Building,n/a
Framework for AAS,Framework for AAS,ACA,8,Deployment:  This concerns aspects of the process supporting the operation of the overall ADM system and its constituent parts,26,Operational context and risks,Decision-making,yes
Framework for AAS,Framework for AAS,ACA,9,"Use: This step concerns using the ADM system to actually make decisions (whether the system ‘decides’, or where a human makes the final decision). As such, it involves information o",2,Human Oversight,Decision-making,n/a
Framework for AAS,Framework for AAS,ACA,10,"Consequences: Once a decision is made, it is generally important to have information of the subsequent and follow-on steps, such as quality assurance processes (and their outcomes) for a decision, as well mechanisms that review sets of historical decisions.",6,"Reliability, Fall-back and Reproducibillity",Decision-making,n/a
Framework for AAS,Framework for AAS,ACA,11,Audit: Auditing processes are important to ensure that the entire ADM process works as intended,18,Auditability,Investigation,n/a
Framework for AAS,Framework for AAS,ACA,12,"Disclosure: . Disclosures make information about the ADM process available to others, and are therefore a key aspect of meaningful accountability to external forums",10,Explainability,Investigation,n/a
IIA framework,IIA Framework,IND,1,"Create a vision, strategy, and prioritization for AI and update frequently.",20,Organisational context and Strategy,,yes
IIA framework,IIA Framework,IND,2,"Link AI initiative to organizational strategic objectives. (This may include revenue enhancing  use cases, or internal applications to reduce cost or improve efficiencies.)",20,Organisational context and Strategy,,yes
IIA framework,IIA Framework,IND,3,"Ensure that ethics, bias, social, and legal aspects are included in the strategy.",20,Organisational context and Strategy,,yes
IIA framework,IIA Framework,IND,4,Determine how to measure success of AI initiatives including goals and ROI.,9,Traceability,,n/a
IIA framework,IIA Framework,IND,5,Ensure that the AI strategic plan is consistent with the organization’s risk culture.,19,Risk Management,,n/a
IIA framework,IIA Framework,IND,6,Ensure that the AI strategic plan is consistent with the organization’s values.,20,Organisational context and Strategy,,yes
IIA framework,IIA Framework,IND,7,Ensure that the AI strategic plan is formally communicated to the board.,20,Organisational context and Strategy,,yes
IIA framework,IIA Framework,IND,8,Ensure that the strategic plan includes AI resource optimization.,20,Organisational context and Strategy,,yes
IIA framework,IIA Framework,IND,9,"Ensure that the internal control environment is conducive for supporting AI. Consider what immediate policy changes are needed to support AI growth – adding a question about AI use in the third party vendor management policy, for example.",20,Organisational context and Strategy,,yes
IIA framework,IIA Framework,IND,10,Define executive management responsible for overseeing AI initiatives.,2,Human Oversight,,n/a
IIA framework,IIA Framework,IND,11,Establish a cross-functional AI Leadership Team to monitor all AI initiatives.,2,Human Oversight,,n/a
IIA framework,IIA Framework,IND,12,Ensure that legal and compliance teams monitor all current and emerging regulatory requirements.,21,Compliance and Legal,,yes
IIA framework,IIA Framework,IND,13,Define the role of internal audit as an advisor and/or assurance provider.,18,Auditability,,n/a
IIA framework,IIA Framework,IND,14,Ensure that Three Lines Model is in place and includes AI.,20,Organisational context and Strategy,,yes
IIA framework,IIA Framework,IND,15,Ensure that CISO (or equivalent) is involved in all AI initiatives.,20,Organisational context and Strategy,,yes
IIA framework,IIA Framework,IND,16,Ensure that third party roles in AI initiatives are clearly defined and monitored.,14,Stakeholder Participation,,n/a
IIA framework,IIA Framework,IND,17,Ensure that finance/accounting tracks ROI on AI initiatives.,20,Organisational context and Strategy,,yes
IIA framework,IIA Framework,IND,18,Develop an AI acceptable use policy that is required for all employees.,20,Organisational context and Strategy,,yes
IIA framework,IIA Framework,IND,19,Develop policies and procedures for executing and maintaining AI initiatives.,20,Organisational context and Strategy,,yes
IIA framework,IIA Framework,IND,20,Develop policies and procedures for AI initiatives that utilize 3rd parties.,20,Organisational context and Strategy,,yes
IIA framework,IIA Framework,IND,21,Ensure IT resources are sufficient to support AI initiatives and controls.,20,Organisational context and Strategy,,yes
IIA framework,IIA Framework,IND,22,Ensure staffing levels are sufficient to support AI initiatives and controls.,24,Training and Awareness,,yes
IIA framework,IIA Framework,IND,23,Ensure HR recruiting has a focus on hiring practices for professionals with AI experience.,24,Training and Awareness,,yes
IIA framework,IIA Framework,IND,24,AI leadership maintains required AI management knowledge.,24,Training and Awareness,,yes
IIA framework,IIA Framework,IND,25,AI operational employees maintain required AI technical knowledge.,24,Training and Awareness,,yes
IIA framework,IIA Framework,IND,26,All employees complete training regarding acceptable use and risks of AI.,24,Training and Awareness,,yes
IIA framework,IIA Framework,IND,27,Include subject of AI in employee handbook and in new hire orientation.,24,Training and Awareness,,yes
IIA framework,IIA Framework,IND,28,"Ensure that fair social, environmental, and economic aspects are considered in all AI-related projects.",12,Avoidance of Unfair Bias,,n/a
IIA framework,IIA Framework,IND,29,"Ensure that AI-related data is secure, private, and confidential.",7,Privacy,,n/a
IIA framework,IIA Framework,IND,30,"Ensure that AI-related data is transparent, explainable, and responsible.",10,Explainability,,n/a
IIA framework,IIA Framework,IND,31,"Define objectives, goals, timing, and resource requirements for AI projects.",20,Organisational context and Strategy,,yes
IIA framework,IIA Framework,IND,32,Define operating responsibilities for all relevant employees in AI projects.,20,Organisational context and Strategy,,yes
IIA framework,IIA Framework,IND,33,Ensure that user access to AI is commensurate with job duties.,16,Impact on Work and Skills,,n/a
IIA framework,IIA Framework,IND,34,Define data requirements and privacy considerations for AI projects.,7,Privacy,,n/a
IIA framework,IIA Framework,IND,35,Define applicable legal and regulatory requirements for AI projects.,21,Compliance and Legal,,yes
IIA framework,IIA Framework,IND,36,Perform AI project risk assessment to identify possible threats to success.,19,Risk Management,,n/a
IIA framework,IIA Framework,IND,37,"Define possible biases, including ethical and social considerations for AI projects.",12,Avoidance of Unfair Bias,,n/a
IIA framework,IIA Framework,IND,38,Define success metrics or project key performance indicators for AI projects.,5,Accuracy,,n/a
IIA framework,IIA Framework,IND,39,"Establish reporting parameters such as frequency, content, and milestones for AI projects.",9,Traceability,,n/a
IIA framework,IIA Framework,IND,40,Establish testing approach to validate AI is working as intended prior to and after going live.,6,"Reliability, Fall-back and Reproducibillity",,n/a
IIA framework,IIA Framework,IND,41,Report on achievement of metrics/KPIs to executive leadership and board.,9,Traceability,,n/a
IIA framework,IIA Framework,IND,42,"Ensure reporting includes disclosure of bias, ethical, or social concerns.",12,Avoidance of Unfair Bias,,n/a
IIA framework,IIA Framework,IND,43,Ensure reporting includes compliance with legal and regulatory requirements.,21,Compliance and Legal,,yes
IIA framework,IIA Framework,IND,44,Ensure reporting includes disclosure of any unintended or negative results.,9,Traceability,,n/a
IIA framework,IIA Framework,IND,45,Ensure reporting includes disclosure of possible data loss or privacy breaches.,9,Traceability,,n/a
IIA framework,IIA Framework,IND,46,Ensure that related internal controls are evaluated and reported periodically.,9,Traceability,,n/a
IIA framework,IIA Framework,IND,47,Include AI as part of the enterprise risk management (ERM) process.,19,Risk Management,,n/a
IIA framework,IIA Framework,IND,48,Identify risks that threaten AI strategic goals and objectives.,19,Risk Management,,n/a
IIA framework,IIA Framework,IND,49,"Identify risks that may have ethical, social, environmental, or financial implications.",19,Risk Management,,n/a
IIA framework,IIA Framework,IND,50,Identify risks that are related to the use of third parties for AI.,19,Risk Management,,n/a
IIA framework,IIA Framework,IND,51,Ensure that a process is in place to capture new or emerging risks.,19,Risk Management,,n/a
IIA framework,IIA Framework,IND,52,Ensure that employees with AI risk management responsibilities are properly trained.,19,Risk Management,,n/a
IIA framework,IIA Framework,IND,53,Perform an AI-based risk assessment and update periodically.,19,Risk Management,,n/a
IIA framework,IIA Framework,IND,54,Prioritize AI-related risks based on severity score (impact and likelihood).,19,Risk Management,,n/a
IIA framework,IIA Framework,IND,55,"Ensure there is a process in place to select appropriate risk responses, including monitoring progress of responses.",19,Risk Management,,n/a
IIA framework,IIA Framework,IND,56,"Ensure the organization is engaged with the governing body regarding AI strategy, goals, and objectives.",20,Organisational context and Strategy,,yes
IIA framework,IIA Framework,IND,57,Ensure the organization provides periodic updates to the governing body regarding AI in a manner that is clear and easily understandable.,23,Performance and Monitoring,,yes
IIA framework,IIA Framework,IND,58,Ensure that the organization engages the governing body regarding risk management approach for AI.,16,Impact on Work and Skills,,n/a
IIA framework,IIA Framework,IND,59,Perform initial internal and external research of AI.,20,Organisational context and Strategy,,yes
IIA framework,IIA Framework,IND,60,Determine if formal AI strategy has been developed.,20,Organisational context and Strategy,,yes
IIA framework,IIA Framework,IND,61,Conduct initial discussions with established organizational relationships (such as IT and CFO) to understand how AI is currently being utilized and managed.,20,Organisational context and Strategy,,yes
IIA framework,IIA Framework,IND,62,Conduct initial discussions with AI/data science team (if applicable) and/or IT Management.,20,Organisational context and Strategy,,yes
IIA framework,IIA Framework,IND,63,Create an inventory of current and planned AI uses.,9,Traceability,,n/a
IIA framework,IIA Framework,IND,64,"For current uses of AI, develop understanding of how it is being used, goals, and objectives.",20,Organisational context and Strategy,,yes
IIA framework,IIA Framework,IND,65,"For planned uses of AI, develop understanding of approach, how risks are assessed, and plan for testing prior to deployment.",19,Risk Management,,n/a
IIA framework,IIA Framework,IND,66,"Develop understanding of the following aspects of AI-related input data: - Governance; - Architecture; - User Access; - Cybersecurity Controls; - Processing controls (integrity, accuracy, completeness); - Third party considerations (SOC reports).",5,Accuracy,,n/a
IIA framework,IIA Framework,IND,,"Verify how AI is tested and reviewed to ensure it achieves its objectives and is free from biases, both pre-deployment and post-deployment.",,MISSING_CODE,,n/a
IIA framework,IIA Framework,IND,,"Verify that AI initiatives have clear objectives, goals, and that projects are managed by an appropriate level of leadership.",,MISSING_CODE,,n/a
IIA framework,IIA Framework,IND,,Verify that periodic reporting to the governing body is performed by management.,,MISSING_CODE,,n/a
IIA framework,IIA Framework,IND,,"Verify that AI is considered as a part of the enterprise risk management process, and includes risks related to: - Ethics; - Social and economic considerations; - Environmental aspects; - Financial implications; - Legal and regulatory violations",,MISSING_CODE,,n/a
IIA framework,IIA Framework,IND,,"Verify that policies and procedures have been developed that outline how AI should be used and managed by the organization, including an AI acceptable use policy.",,MISSING_CODE,,n/a
IIA framework,IIA Framework,IND,,Develop an understanding how an organization supports learning and training of AI to raise knowledge and awareness for all employees.,,MISSING_CODE,,n/a
Moodle fairness audit,Moodle fairness audit,ACA,1,"Define audit goals, scope, and criteria (e.g., direct discrimination, data processing fairness).",18,Auditability,Definition of Scope,n/a
Moodle fairness audit,Moodle fairness audit,ACA,2,Collect relevant code and documentation. Focus on pertinent modules.,9,Traceability,Artifact Collection & Confinement,n/a
Moodle fairness audit,Moodle fairness audit,ACA,3,"Map relevant components, classify them, and flag items based on relevance for fairness criteria.",13,Accesability and Unfair Design,"Mapping, Description, and Prioritization",n/a
Moodle fairness audit,Moodle fairness audit,ACA,4,Systematic and process reviews are conducted to examine compliance with fairness audit criteria.,19,Risk Management,Fairness Assessment,n/a
Moodle fairness audit,Moodle fairness audit,ACA,5,"Analyze findings, assess code fairness, and determine if the system is free from discriminatory biases and improper assumptions.",18,Auditability,Audit Results Interpretation,n/a
STAR FW,STAR FW,IND,1,How does your AI system ensure the transparency of AI models and algorithms?,10,Explainability,"Step 1, set of multiple-choice questions based on a proper self-evaluation form/questionnaire.",n/a
STAR FW,STAR FW,IND,2,How does your AI system ensure the explainability of AI models and algorithms?,10,Explainability,"Step 1, set of multiple-choice questions based on a proper self-evaluation form/questionnaire.",n/a
STAR FW,STAR FW,IND,3,"How does your system collect data within the AI system to ensure privacy, security, and integrity?",8,Data Governance,"Step 1, set of multiple-choice questions based on a proper self-evaluation form/questionnaire.",n/a
STAR FW,STAR FW,IND,4,"How does your system store data within the AI system to ensure privacy, security, and integrity?",8,Data Governance,"Step 1, set of multiple-choice questions based on a proper self-evaluation form/questionnaire.",n/a
STAR FW,STAR FW,IND,5,"How does your system manage data within the AI system to ensure privacy, security, and integrity?",8,Data Governance,"Step 1, set of multiple-choice questions based on a proper self-evaluation form/questionnaire.",n/a
STAR FW,STAR FW,IND,6,"What measures do you implement to ensure the accountability of the AI system’s decisions i.e., to attribute these decisions to specific algorithms or components?",10,Explainability,"Step 1, set of multiple-choice questions based on a proper self-evaluation form/questionnaire.",n/a
STAR FW,STAR FW,IND,7,What measures do you implement to identify and mitigate AI bias situations?,12,Avoidance of Unfair Bias,"Step 1, set of multiple-choice questions based on a proper self-evaluation form/questionnaire.",n/a
STAR FW,STAR FW,IND,8,What measures do you implement to ensure the robustness of the AI system?,3,Resilience to Attack and Security,"Step 1, set of multiple-choice questions based on a proper self-evaluation form/questionnaire.",n/a
STAR FW,STAR FW,IND,9,What measures do you implement to ensure the fairness of the AI system?,12,Avoidance of Unfair Bias,"Step 1, set of multiple-choice questions based on a proper self-evaluation form/questionnaire.",n/a
STAR FW,STAR FW,IND,10,What measures do you implement to ensure compliance with ethical standards and guidelines in manufacturing?,21,Compliance and Legal,"Step 1, set of multiple-choice questions based on a proper self-evaluation form/questionnaire.",yes
STAR FW,STAR FW,IND,11,What measures do you implement to ensure the quality of data of the AI system?,8,Data Governance,"Step 1, set of multiple-choice questions based on a proper self-evaluation form/questionnaire.",n/a
STAR FW,STAR FW,IND,12,What measures do you implement to ensure the cyber-security of the AI system?,3,Resilience to Attack and Security,"Step 1, set of multiple-choice questions based on a proper self-evaluation form/questionnaire.",n/a
STAR FW,STAR FW,IND,13,What measures do you implement for human oversight and intervention when necessary to ensure that AI decisions align with human values and intentions?,2,Human Oversight,"Step 1, set of multiple-choice questions based on a proper self-evaluation form/questionnaire.",n/a
STAR FW,STAR FW,IND,14,What measures do you implement to provide comprehensive documentation for the AI system?,9,Traceability,"Step 1, set of multiple-choice questions based on a proper self-evaluation form/questionnaire.",n/a
STAR FW,STAR FW,IND,15,Create a trustworhtiness score based upon the previous set of questions,25,Auditing Context,"Step 2, trustworthiness score",yes
STAR FW,STAR FW,IND,16,The AI trustworthiness evaluation guide is leveraged to provide the user of the auditing framework with information and feedback for improving the trustworthiness score of their system,6,"Reliability, Fall-back and Reproducibillity","Step 3, feedback for improvement",n/a
PPM framework,PPM Framework,IND,1,Do the members represent a broad class of possible stakeholders?,26,Operational context and risks,"Step 1, Staff Profile",yes
PPM framework,PPM Framework,IND,2,Can the members work together?,20,Organisational context and Strategy,"Step 1, Staff Profile",yes
PPM framework,PPM Framework,IND,3,Can the team explain its results to others outside of the team?,11,Communication,"Step 1, Staff Profile",n/a
PPM framework,PPM Framework,IND,4,How was data gathered?,8,Data Governance,"Step 2, Data assessment",n/a
PPM framework,PPM Framework,IND,5,Is the data well-suited to the model’s objective?,8,Data Governance,"Step 2, Data assessment",n/a
PPM framework,PPM Framework,IND,6,Does the data reflect the characteristics and qualities of the subject being modeled?,8,Data Governance,"Step 2, Data assessment",n/a
PPM framework,PPM Framework,IND,7,Are the values in the data correct and consistent?,8,Data Governance,"Step 2, Data assessment",n/a
PPM framework,PPM Framework,IND,8,Are the data targets and values well-behaved?Are any computed features reasonable?,8,Data Governance,"Step 2, Data assessment",n/a
PPM framework,PPM Framework,IND,9,Is the model type appropriate to the data and problem?,8,Data Governance,"Step 3, Model assessment",n/a
PPM framework,PPM Framework,IND,10,Which variables are included in the model? How is each one treated?,8,Data Governance,"Step 3, Model assessment",n/a
PPM framework,PPM Framework,IND,11,"How did you set the parameters? For example, did you control how fast the algorithm learned?When did you cut off its learning?",8,Data Governance,"Step 3, Model assessment",n/a
PPM framework,PPM Framework,IND,12,"What steps did you take to ensure model was fair? If a model exhibits disparities for a group, did you search for fairer alternatives? If so, how?",12,Avoidance of Unfair Bias,"Step 3, Model assessment",n/a
PPM framework,PPM Framework,IND,13,Are the model’s predictions correct?,5,Accuracy,"Step 4, Outcomes assessment",n/a
PPM framework,PPM Framework,IND,14,Do the model outcomes favor one group over another?,12,Avoidance of Unfair Bias,"Step 4, Outcomes assessment",n/a
PPM framework,PPM Framework,IND,15,Are the model’s decisions known and sensible?,6,"Reliability, Fall-back and Reproducibillity","Step 4, Outcomes assessment",n/a
PPM framework,PPM Framework,IND,16,Do the model’s predictions vary widely when things change?,6,"Reliability, Fall-back and Reproducibillity","Step 4, Outcomes assessment",n/a
PPM framework,PPM Framework,IND,17,What does the model assume about the data?,8,Data Governance,"Step 5, Model Use and Limitations",n/a
PPM framework,PPM Framework,IND,18,To what other problems can the model outputs be or nor be applied?,26,Operational context and risks,"Step 5, Model Use and Limitations",yes
PPM framework,PPM Framework,IND,19,Are there procedures and processes in place to handle disasters?,3,Resilience to Attack and Security,"Step 5, Model Use and Limitations",n/a
ML audit framework,ML audit framework,ACA,1,Criteria: Defines the criteria of the data and model to be evaluated in the audit workflow,18,Auditability,,n/a
ML audit framework,ML audit framework,ACA,2,"Resources: Orchestrates the resources required to perform the audit tasks, taking into account the defined specifications.",18,Auditability,,n/a
ML audit framework,ML audit framework,ACA,3,"Examination: If the specifications imply resource requirements, the audit task analyzes the specifications, criteria, and resources to ensure the validity of the audit results.",18,Auditability,,n/a
ML audit framework,ML audit framework,ACA,4,Procedure: Defines the procedure of the audit itself using the toolbox to provide the elements necessary to create the audit procedure.,18,Auditability,,n/a
ML audit framework,ML audit framework,ACA,5,"Planing: Creates the order in which the audit is to be carried out, taking into account dependencies and resource coordination.",18,Auditability,,n/a
ML audit framework,ML audit framework,ACA,6,Preparation: Consists of a preparatory action step for the final results and evidence.,18,Auditability,,n/a
ML audit framework,ML audit framework,ACA,7,Review: At this point of the audit workflow all elements of the audit are defined. The results of the previous task are combined to create an executable audit.,18,Auditability,,n/a
ML audit framework,ML audit framework,ACA,8,"Validation: The created executable audit is validated to ensure its validity, since errors in the audit would falsify the audit results",6,"Reliability, Fall-back and Reproducibillity",,n/a
ML audit framework,ML audit framework,ACA,9,Execution: The validated executable check is processed and the result is the result of the check,6,"Reliability, Fall-back and Reproducibillity",,n/a
ML audit framework,ML audit framework,ACA,10,"Proof: The audit results are recorded and compared with the requirements, and detailed evidence is generated.",9,Traceability,,n/a
ML audit framework,ML audit framework,ACA,11,"Monitoring: All generated evidence is collected, summarized and made available as a report.",9,Traceability,,n/a
ML audit framework,ML audit framework,ACA,12,prove the conformity or violation of the model by investigating the rate of fault classes,5,Accuracy,,n/a
ML audit framework,ML audit framework,ACA,13,Investigate the model accuracy,5,Accuracy,,n/a
ML audit framework,ML audit framework,ACA,14,"Quantify the the metrics of fault classes and accuracy, robustness and spurious relationship",5,Accuracy,,n/a
ML audit framework,ML audit framework,ACA,15,"Create the audit report, which consists of a summary of the audit task performed, and the results for the audit itself for each criterion",18,Auditability,,n/a
RAIIA,RAIIA,IND,1,Describe the context in which the AI System will be used or deployed.,20,Organisational context and Strategy,Context,yes
RAIIA,RAIIA,IND,2,Will the use of the AI System be citizen-facing?,2,Human Oversight,Context,n/a
RAIIA,RAIIA,IND,3,"What is the market, industry, or sector targeted?",20,Organisational context and Strategy,Context,yes
RAIIA,RAIIA,IND,4,Do the jurisdiction(s) in which the AI Solution will be deployed have data protection laws or regulations that are applicable to its use?,8,Data Governance,Laws and regulations,n/a
RAIIA,RAIIA,IND,5,Does the jurisdiction(s) in which the project will take place abide by rule-of-law principles?,21,Compliance and Legal,Laws and regulations,yes
RAIIA,RAIIA,IND,6,Does this jurisdiction have anti-discrimination laws?,12,Avoidance of Unfair Bias,Laws and regulations,n/a
RAIIA,RAIIA,IND,7,"What are the main regulatory requirements relevant to the use and deployment of the AI System within the targeted market, industry, or sector?",21,Compliance and Legal,Laws and regulations,yes
RAIIA,RAIIA,IND,8,Will the AI System be used across legal jurisdiction borders (whether they be across federal states or national borders)?,21,Compliance and Legal,Laws and regulations,yes
RAIIA,RAIIA,IND,9,"What are the main ethical concerns relevant to the use and deployment of the AI System for the targeted market, industry, or sector?",26,Operational context and risks,Stakeholders,yes
RAIIA,RAIIA,IND,10,Who will be the main stakeholders affected by the AI System?,14,Stakeholder Participation,Stakeholders,n/a
RAIIA,RAIIA,IND,11,Who are the expected contributing third parties?,14,Stakeholder Participation,Stakeholders,n/a
RAIIA,RAIIA,IND,12,What individual rights and interests will be at stake as a consequence of the use of the AI System?,26,Operational context and risks,Stakeholders,yes
RAIIA,RAIIA,IND,13,Are those rights fundamental or human rights,21,Compliance and Legal,Stakeholders,yes
RAIIA,RAIIA,IND,14,Will the AI System make or participate in making decisions with material impacts on individuals or society?,17,Impact on Society at large or Democracy,Human oversight,n/a
RAIIA,RAIIA,IND,15,"What is the expected degree of autonomy of the AI System? Will, for instance, human operators or decision-makers have oversight on individual AI decisions, if any?",2,Human Oversight,Human oversight,n/a
RAIIA,RAIIA,IND,16,How frequently will there be human oversight over the operation of the AI System?,2,Human Oversight,Human oversight,n/a
RAIIA,RAIIA,IND,17,What measures would be taken to avoid automation bias or anchoring to the AI System?,12,Avoidance of Unfair Bias,Human oversight,n/a
RAIIA,RAIIA,IND,18,What will be the Organization’s degree of control and responsibility over the finalized AI System?,20,Organisational context and Strategy,Human oversight,yes
RAIIA,RAIIA,IND,19,What is the type and origin of the data that will be used to train the AI System?,8,Data Governance,Data and privacy,n/a
RAIIA,RAIIA,IND,20,Will the training data include personal information?,7,Privacy,Data and privacy,n/a
RAIIA,RAIIA,IND,21,"If personal information is used in the context of the AI System, who are the data subjects?",7,Privacy,Data and privacy,n/a
RAIIA,RAIIA,IND,22,What is the level of sensitivity of the data in terms of privacy?​,8,Data Governance,Data and privacy,n/a
RAIIA,RAIIA,IND,23,Will the AI System be understandable by human operators and stakeholders?,10,Explainability,Human understandable AI,n/a
RAIIA,RAIIA,IND,24,Will the decision-making process of the AI System be explainable to end users?,10,Explainability,Human understandable AI,n/a
RAIIA,RAIIA,IND,25,Will the AI System’s recommendations or outcomes be accompanied by information that allows for reasonable explanation to stakeholders?,10,Explainability,Human understandable AI,n/a
RAIIA,RAIIA,IND,26,"Is the AI System consistent with the ethical principles, values, standards, policies, and/or code of conduct of the Organisation?",20,Organisational context and Strategy,Principle 1: Ethical Purpose and Societal Benefit,yes
RAIIA,RAIIA,IND,27,Are there any potential reputational and material risks attached to the AI System for the Organisation?,19,Risk Management,Principle 1: Ethical Purpose and Societal Benefit,n/a
RAIIA,RAIIA,IND,28,"Is there a risk that use of the AI System will violate any fundamental human rights (such as rights of freedom, free expression, non-discrimination)?",19,Risk Management,Principle 1: Ethical Purpose and Societal Benefit,n/a
RAIIA,RAIIA,IND,29,"Does the AI System raise risks to human agency (such as self-determination, choice, free will, unfettered decision-making, and the ability to self-regulate one’s own affairs) in respect of the intended end-user audience or other ecosystem stakeholders?",1,Human agency and Autonomy,Principle 1: Ethical Purpose and Societal Benefit,n/a
RAIIA,RAIIA,IND,30,Does the AI System raise risks to human autonomy (such as freedom of movement and travel; data portability) in respect of the intended end-user audience or other ecosystem stakeholders?,1,Human agency and Autonomy,Principle 1: Ethical Purpose and Societal Benefit,n/a
RAIIA,RAIIA,IND,31,Is there a risk(s) that the AI System could generate confusion as to whether or not the user is interacting with a human or an AI System?,11,Communication,Principle 1: Ethical Purpose and Societal Benefit,n/a
RAIIA,RAIIA,IND,32,Does the AI System involve surreptitious surveillance or excessive surveillance that might impose a danger to human agency and autonomy (such as encouraging self-censorship or limiting freedom of expression or assembly)?,1,Human agency and Autonomy,Principle 1: Ethical Purpose and Societal Benefit,n/a
RAIIA,RAIIA,IND,33,"Does the AI System promote over-reliance, dependency, addiction, or attention deficit?",26,Operational context and risks,Principle 1: Ethical Purpose and Societal Benefit,yes
RAIIA,RAIIA,IND,34,"Does the AI System raise risks of psychological and behavioral manipulation, coercion, or excessive nudging?",26,Operational context and risks,Principle 1: Ethical Purpose and Societal Benefit,yes
RAIIA,RAIIA,IND,35,Does the AI System hinder the user’s ability to make informed decisions?,26,Operational context and risks,Principle 1: Ethical Purpose and Societal Benefit,yes
RAIIA,RAIIA,IND,36,"Contrary to Q9, does the AI System empower the user?",26,Operational context and risks,Principle 1: Ethical Purpose and Societal Benefit,yes
RAIIA,RAIIA,IND,37,Is there a risk that the AI System will promote the spread of false or misleading information?,17,Impact on Society at large or Democracy,Principle 1: Ethical Purpose and Societal Benefit,n/a
RAIIA,RAIIA,IND,38,"Is there a risk that the AI System will promote the spread of hate speech, unlawful content, or content that is potentially dangerous (physically, psychologically, or emotionally) to the end recipients/viewers of the content?",3,Resilience to Attack and Security,Principle 1: Ethical Purpose and Societal Benefit,n/a
RAIIA,RAIIA,IND,39,Are there employment-related risks associated with the AI System (such as material job loss or functionality that might detrimentally affect the quality of the work experience)?,16,Impact on Work and Skills,Principle 1: Ethical Purpose and Societal Benefit,n/a
RAIIA,RAIIA,IND,40,"Contrary to Q14, does the AI System serve primarily to empower workers (by providing them with effective tools, skills, or knowledge to assist them in the workplace)?",16,Impact on Work and Skills,Principle 1: Ethical Purpose and Societal Benefit,n/a
RAIIA,RAIIA,IND,41,"Are there environmental risks associated with the AI System (including excessive pollution, or excessive energy or non-renewable resource consumption)?",15,Environmental Well-Being,Principle 1: Ethical Purpose and Societal Benefit,n/a
RAIIA,RAIIA,IND,42,"Contrary to Q16, does the AI System facilitate the environmentally and energy-efficient use of resources?",15,Environmental Well-Being,Principle 1: Ethical Purpose and Societal Benefit,n/a
RAIIA,RAIIA,IND,43,Are there military or lethal uses for the proposed AI System?,26,Operational context and risks,Principle 1: Ethical Purpose and Societal Benefit,yes
RAIIA,RAIIA,IND,44,In the case of military or lethal uses of the AI System: (a) Is the AI System fully autonomous? (b) Is there a shutdown function triggered by designated personnel? (c) Is there effective human oversight in place?,2,Human Oversight,Principle 1: Ethical Purpose and Societal Benefit,n/a
RAIIA,RAIIA,IND,45,In the case of military and lethal uses of the AI System: (a) Is the AI System semi-autonomous? (b) Is there a shutdown function triggered by designated personnel? (c) Is there effective human oversight in place?,2,Human Oversight,Principle 1: Ethical Purpose and Societal Benefit,n/a
RAIIA,RAIIA,IND,46,"May the AI System be deemed to be a medical device or any other qualification that could entail application of other regulations (e.g., medical secrecy) that could modify its ethical perception?",21,Compliance and Legal,Principle 1: Ethical Purpose and Societal Benefit,yes
RAIIA,RAIIA,IND,47,Is there a risk that the AI System could violate ethical principles of beneficence and non-maleficence?,19,Risk Management,Principle 1: Ethical Purpose and Societal Benefit,n/a
RAIIA,RAIIA,IND,48,Is there a risk that the AI System could have a negative impact on democratic and/or electoral processes?,17,Impact on Society at large or Democracy,Principle 1: Ethical Purpose and Societal Benefit,n/a
RAIIA,RAIIA,IND,49,"Is there a risk that the AI System could have a negative impact on judicial judgment and/or processes, legal procedural due process, and/or access to justice?",17,Impact on Society at large or Democracy,Principle 1: Ethical Purpose and Societal Benefit,n/a
RAIIA,RAIIA,IND,50,"Is there a risk that the AI System could have a negative impact on learner pathways, assessment for attaining a qualification, assessment for a job or promotion, access to educational institutions, and/or access to further learning opportunities?",16,Impact on Work and Skills,Principle 1: Ethical Purpose and Societal Benefit,n/a
RAIIA,RAIIA,IND,51,"Is there a risk that the AI System could select, classify, or categorize or seek to ascertain a level of assurance concerning individuals (or groups of individuals) in such a manner as to deny them access to a good or service (or promote too high a barrier of entry resulting in effective exclusion) which is unreasonable and unjustifiable?",13,Accesability and Unfair Design,Principle 1: Ethical Purpose and Societal Benefit,n/a
RAIIA,RAIIA,IND,52,"Is this AI System an expansion of a previous activity? If yes, determine whether a previous assessment has been done. If a previous assessment has been done, what has changed in this data activity and why (refer to previous assessment)?",9,Traceability,Principle 2: Accountability,n/a
RAIIA,RAIIA,IND,53,How experienced with tech projects is the team that will develop the AI System?,24,Training and Awareness,Principle 2: Accountability,yes
RAIIA,RAIIA,IND,54,"What is the level of internal support, including financial, for the AI System?",20,Organisational context and Strategy,Principle 2: Accountability,yes
RAIIA,RAIIA,IND,55,"Who will be accountable within the organisation with regards to the AI System? Is there a central coordinating body? Who will be accountable within the organisation upon failure of the AI System, or upon production of adverse outcomes for its users",9,Traceability,Principle 2: Accountability,n/a
RAIIA,RAIIA,IND,56,Will the staff be trained to use the AI System? Are the relevant personnel and/or departments fully aware of their roles and responsibilities? • This inquiry should account for the different types of staff and the different layers of personnel involved in the design of the AI System (e.g. management/oversight in addition to programming levels).,9,Traceability,Principle 2: Accountability,n/a
RAIIA,RAIIA,IND,57,"What elements of the training and development “supply chain” have been outsourced? If handed off to a third party, are their services subject to the same levels of quality control as the Organisation?",27,Third-party risks,Principle 2: Accountability,yes
RAIIA,RAIIA,IND,58,"What are the roles played by the Organisation within the AI System pipeline (end-user, developer, data provider, etc.)?",20,Organisational context and Strategy,Principle 2: Accountability,yes
RAIIA,RAIIA,IND,59,"What will be the relation of the Organisation with end users once the AI System developed reaches the market (for instance, is AI System sold as a product or as a Software-as-a-Service)?",20,Organisational context and Strategy,Principle 2: Accountability,yes
RAIIA,RAIIA,IND,60,To what extent does the AI System rely on third party data/systems input? How accountable are those third-party dependencies?,8,Data Governance,Principle 2: Accountability,n/a
RAIIA,RAIIA,IND,61,What is the maximum degree of autonomy that the AI System can reach?,1,Human agency and Autonomy,Principle 2: Accountability,n/a
RAIIA,RAIIA,IND,62,Identify all stakeholders that are affected by the AI System.,14,Stakeholder Participation,Principle 2: Accountability,n/a
RAIIA,RAIIA,IND,63,How will the internal use of the AI System by the Organisation affect the roles and tasks of employees?,17,Impact on Society at large or Democracy,Principle 2: Accountability,n/a
RAIIA,RAIIA,IND,64,Does the Organisation provide a method for individuals to access and correct personal information used in the AI System? How does this change if the data isn’t deemed to be personal data (i.e. anonymized and not reidentifiable) but yet relates to a human?,8,Data Governance,Principle 2: Accountability,n/a
RAIIA,RAIIA,IND,65,Does the AI System provide functionality allowing the user to “turn off” the app for a limited time?,3,Resilience to Attack and Security,Principle 2: Accountability,n/a
RAIIA,RAIIA,IND,66,"Does the AI System conform to industry or sector specific regulations given its deployment capabilities and its data source? (e.g. consumer protection, banking, health sector)",21,Compliance and Legal,Principle 2: Accountability,yes
RAIIA,RAIIA,IND,67,"Is there an independent commissioner committed to the review and control of such AI Systems? (e.g. governmental agency, designated official)",21,Compliance and Legal,Principle 2: Accountability,yes
RAIIA,RAIIA,IND,68,Is a Privacy Policy available?,7,Privacy,Principle 2: Accountability,n/a
RAIIA,RAIIA,IND,69,"Are the principles of necessity, proportionality and data minimization fully integrated?",8,Data Governance,Principle 2: Accountability,n/a
RAIIA,RAIIA,IND,70,What privacy by design measures have been implemented?,7,Privacy,Principle 2: Accountability,n/a
RAIIA,RAIIA,IND,71,"Are personal data that are being collected by the AI System used for any secondary purposes (after the “sunset” of the AI System)? Are secondary uses of data compatible with initial purposes, if any?",8,Data Governance,Principle 2: Accountability,n/a
RAIIA,RAIIA,IND,72,How are transfers of data of the AI System outside of the EU/national/regional frontier organized?,8,Data Governance,Principle 2: Accountability,n/a
RAIIA,RAIIA,IND,73,Have external QA/QC control methodologies been observed in the creation of the AI System (i.e. ISO 9001)?,19,Risk Management,Principle 2: Accountability,n/a
RAIIA,RAIIA,IND,74,How will the AI model training and selection process be managed?,2,Human Oversight,Principle 2: Accountability,n/a
RAIIA,RAIIA,IND,75,"Consider maintenance, monitoring, documentation and review of the AI models that have been deployed.",18,Auditability,Principle 2: Accountability,n/a
RAIIA,RAIIA,IND,76,"Consider the various degrees of human oversight in the decision-making process: a. Human-in-the-Loop: This model suggests that human oversight is active and involved, with the human retaining full control and the AI only providing recommendations or input. Decisions cannot be exercised without affirmative actions by the human, such as a human command to proceed with a given decision. (NB: Considering here also the concept of “Human in the Loophole” where there is automation bias, anchoring or confirmation bias in respect of the human operative. The human essentially affirming the AI outcome without critically assessing whether it is correct or not.) b. Human-out-of-the-Loop: This model suggests that there is no human oversight over the execution of decisions. AI has full control without the option of human override. c. Human-over-the-Loop: This model allows humans to adjust parameters during the execution of the algorithm.1",1,Human agency and Autonomy,Principle 2: Accountability,n/a
RAIIA,RAIIA,IND,77,What are the rights and interests at stake when the AI System makes an automated decision?,21,Compliance and Legal,Principle 2: Accountability,yes
RAIIA,RAIIA,IND,78,Has a governance methodology been implemented to apply transparency and explainability by design principles throughout the development lifecycle?,10,Explainability,Principle 3: Transparency and Explainability,n/a
RAIIA,RAIIA,IND,79,Have developmental and operational policies procedures and controls been implemented pursuant to such methodology?,21,Compliance and Legal,Principle 3: Transparency and Explainability,yes
RAIIA,RAIIA,IND,80,Have internal controls been developed pursuant to such policies and procedures?,20,Organisational context and Strategy,Principle 3: Transparency and Explainability,yes
RAIIA,RAIIA,IND,81,How did the selection of the system architecture and algorithmic model take transparency and explainability into account?,10,Explainability,Principle 3: Transparency and Explainability,n/a
RAIIA,RAIIA,IND,82,How did the selection of data sets to train and test the AI System take transparency and explainability into account?,10,Explainability,Principle 3: Transparency and Explainability,n/a
RAIIA,RAIIA,IND,83,Do terms and conditions apply to those individuals who may wish to access and use the AI System (“Terms of Use”)?,20,Organisational context and Strategy,Principle 3: Transparency and Explainability,yes
RAIIA,RAIIA,IND,84,Are the Terms of Use clearly and prominently displayed?,11,Communication,Principle 3: Transparency and Explainability,n/a
RAIIA,RAIIA,IND,85,Are there any limitations on accessing the Terms of Use (e.g. a registration process)?,13,Accesability and Unfair Design,Principle 3: Transparency and Explainability,n/a
RAIIA,RAIIA,IND,86,What steps were taken to ensure the Terms of Use are accurate?,5,Accuracy,Principle 3: Transparency and Explainability,n/a
RAIIA,RAIIA,IND,87,What steps were taken to ensure the Terms of Use are objectively clear and readily understandable to a layperson?,11,Communication,Principle 3: Transparency and Explainability,n/a
RAIIA,RAIIA,IND,88,"Do the Terms of Use vary based upon the level of sophistication or other attributes of a user? If so, how?",26,Operational context and risks,Principle 3: Transparency and Explainability,yes
RAIIA,RAIIA,IND,89,Do the Terms of Use apply a layered disclosure approach to allow interested individuals the ability to obtain more information about the AI System?,11,Communication,Principle 3: Transparency and Explainability,n/a
RAIIA,RAIIA,IND,90,"Do the Terms of Use provide meaningful information regarding the fact that an AI System is being used in a decision-making process? If so, how?",26,Operational context and risks,Principle 3: Transparency and Explainability,yes
RAIIA,RAIIA,IND,91,"Do the Terms of Use provide meaningful information regarding the intended purpose(s) of the AI System? If so, how?",26,Operational context and risks,Principle 3: Transparency and Explainability,yes
RAIIA,RAIIA,IND,92,"Do the Terms of Use provide meaningful information regarding the types of data sets that are used and generated by the AI System? If so, how?",26,Operational context and risks,Principle 3: Transparency and Explainability,yes
RAIIA,RAIIA,IND,93,"Do the Terms of Use provide meaningful information regarding whether and to what extent the decision-making process may include human participation? If so, how?",26,Operational context and risks,Principle 3: Transparency and Explainability,yes
RAIIA,RAIIA,IND,94,Are prior versions of the Terms of Use publicly available?,9,Traceability,Principle 3: Transparency and Explainability,n/a
RAIIA,RAIIA,IND,95,Is there a process to periodically review and update the Terms of Use?,26,Operational context and risks,Principle 3: Transparency and Explainability,yes
RAIIA,RAIIA,IND,96,Is there a process to periodically assess whether users understand the Terms of Use?,26,Operational context and risks,Principle 3: Transparency and Explainability,yes
RAIIA,RAIIA,IND,97,How are the results of the AI System made available to users?,26,Operational context and risks,Principle 3: Transparency and Explainability,yes
RAIIA,RAIIA,IND,98,When are the results of the AI System made available to users?,26,Operational context and risks,Principle 3: Transparency and Explainability,yes
RAIIA,RAIIA,IND,99,"At such time, what information is provided regarding the algorithmic logic of the AI System?",11,Communication,Principle 3: Transparency and Explainability,n/a
RAIIA,RAIIA,IND,100,"At such time, what information is provided to understand the decision/outcome?",26,Operational context and risks,Principle 3: Transparency and Explainability,yes
RAIIA,RAIIA,IND,101,"At such time, what information is provided regarding how to contest the decision/ outcome?",26,Operational context and risks,Principle 3: Transparency and Explainability,yes
RAIIA,RAIIA,IND,102,"At such time, what information is provided regarding the traceability or auditability of the AI System?",25,Auditing Context,Principle 3: Transparency and Explainability,yes
RAIIA,RAIIA,IND,103,"At such time, what information is provided regarding the testing methods of the AI System?",26,Operational context and risks,Principle 3: Transparency and Explainability,yes
RAIIA,RAIIA,IND,104,"Are any other disclosures made with respect to the transparency and explainability of the AI System (e.g. videos, icons, symbols, white papers, dashboards, or counterfactual interfaces)?",10,Explainability,Principle 3: Transparency and Explainability,n/a
RAIIA,RAIIA,IND,105,"Does the disclosure of any information listed in this section change depending on the nature of the data involved (e.g. if sensitive personal data is used by the AI System)? If so, how?",8,Data Governance,Principle 3: Transparency and Explainability,n/a
RAIIA,RAIIA,IND,106,"Does such disclosure change depending on the lack of human participation in the decision-making? If so, how?",1,Human agency and Autonomy,Principle 3: Transparency and Explainability,n/a
RAIIA,RAIIA,IND,107,Does such disclosure change depending on the result of the decision and its consequences for the user (e.g. if legal or human,0,UNMAPPED,Principle 3: Transparency and Explainability,not_found
RAIIA,RAIIA,IND,108,"Is the AI System periodically audited or assessed with respect to transparency and explainability, either internally or by an independent third party?",18,Auditability,Principle 3: Transparency and Explainability,n/a
RAIIA,RAIIA,IND,109,"Is the use of the AI System voluntary, incentive-based or compulsory?",26,Operational context and risks,Principle 4: Fairness and Non-Discrimination,yes
RAIIA,RAIIA,IND,110,Is the AI System following a deterministic approach as opposed to a probabilistic model?,22,System Design and Development,Principle 4: Fairness and Non-Discrimination,yes
RAIIA,RAIIA,IND,111,"Is the AI System making automated decisions affecting the rights and interests of individuals or businesses? • It should notably be considered whether the AI System may have consequence for the user to suffer differential treatment which would otherwise be prohibited under any applicable law. • Also consider whether the AI may hamper the effective enforcement of existing laws meant to protect fundamental rights, due to unperceived bias (e.g. candidates of a certain sex, disability or ethnicity may not see certain job vacancies in the first place) or bias which is difficult to challenge without appropriate documentation about how the system works; or about the goals it pursues (e.g. automatic denial or recovery of social security benefits).2",21,Compliance and Legal,Principle 4: Fairness and Non-Discrimination,yes
RAIIA,RAIIA,IND,112,"Does the Organisation understand the lineage of data (where the data originally came from, how it was collected, curated and moved within its Business Unit/Division, and how its accuracy is maintained over time)? Consider keeping a data provenance record.",8,Data Governance,Principle 4: Fairness and Non-Discrimination,n/a
RAIIA,RAIIA,IND,113,"Is the data high quality data? The following factors should be assessed: • the accuracy of the dataset, in terms of how well the values in the dataset match the true characteristics of the entities described by the dataset; • the completeness of the dataset, both in terms of attributes and items; • the veracity of the dataset, which refers to how credible the data is, including whether the data originated from a reliable source; • how recently the dataset was compiled or updated; • the relevance of the dataset and the context for data collection, as it may affect the interpretation of and reliance on the data for the intended purpose; • the integrity of the dataset that has been joined from multiple datasets, which refers to how well extraction and transformation have been performed; • the usability of the dataset, including how well the dataset is structured in a machineunderstandable form; • the usability of any personal information contained within the data sets, including with regards to obtaining any requisite consents; and • human interventions, e.g. if any human has filtered, applied labels, or edited the data.",8,Data Governance,Principle 4: Fairness and Non-Discrimination,n/a
RAIIA,RAIIA,IND,114,"Is the data used for the training of the AI System representative of the population about which the AI System will make decisions (data accuracy, data quality and data completeness)?",8,Data Governance,Principle 4: Fairness and Non-Discrimination,n/a
RAIIA,RAIIA,IND,115,"Does the Organisation have an established and robust selection process in relation to the datasets training the AI System? For example, are there minimum requirements as to the diversity and quality of the datasets used?",8,Data Governance,Principle 4: Fairness and Non-Discrimination,n/a
RAIIA,RAIIA,IND,116,"Does the AI System use different datasets for training, testing and validation?",8,Data Governance,Principle 4: Fairness and Non-Discrimination,n/a
RAIIA,RAIIA,IND,117,"Consider minimizing inherent bias: • Selection Bias: This bias occurs when the data used to produce the AI System are not fully representative of the actual data or environment that the AI System may receive or function in. Common examples of selection bias in datasets are omission bias and stereotype bias. • Measurement Bias: This bias occurs when the data collection device causes the data to be systematically skewed in a particular direction. • Weighting Bias: This bias occurs when the data used by the AI Solution are attributed differing weights in producing the relevant outcome. The datasets might be afforded greater or lesser value, which might be arbitrarily or inaccurately awarded. • The following factors should be assessed (amongst others): – the frequency with which the dataset is reviewed and updated; – representativeness of the dataset to the end-user demographic and desired outcomes; – the diversity of the dataset, and the variety of sources from which the data has been collected (i.e. numeric, text, audio, visual, transactional, etc.); and – the usability of different datasets, including how those datasets have been matched and cleaned so that relational datasets can be correlated and linked.",12,Avoidance of Unfair Bias,Principle 4: Fairness and Non-Discrimination,n/a
RAIIA,RAIIA,IND,118,"Is there rigorous testing of the AI System, both before use and periodically afterwards, to ensure that there is no disparate impact on a protected class of individuals?",12,Avoidance of Unfair Bias,Principle 4: Fairness and Non-Discrimination,n/a
RAIIA,RAIIA,IND,119,How are “edge cases” managed by the AI System?,12,Avoidance of Unfair Bias,Principle 4: Fairness and Non-Discrimination,n/a
RAIIA,RAIIA,IND,120,"Does the Organisation have in place a system to respond to and resolve situations in which the AI System produces discriminatory or unfair outcomes? • This should encompass the Organisations’ capacity to assess and identify biased datasets, potential relief measures provided to end users and any scope to redesign the AI System.",12,Avoidance of Unfair Bias,Principle 4: Fairness and Non-Discrimination,n/a
RAIIA,RAIIA,IND,121,What methodologies have been applied and used in the training of the AI System?,22,System Design and Development,Principle 4: Fairness and Non-Discrimination,yes
RAIIA,RAIIA,IND,122,"Does the AI System have a fixed learning phase followed by a static use phase or does it continuously improve? If the latter, how are improvements filtered for bias, quality, etc.?",22,System Design and Development,Principle 4: Fairness and Non-Discrimination,yes
RAIIA,RAIIA,IND,123,"What are the risks of bias existing or occurring in 1) the algorithm, 2) the training data, 3) the human designers and developers, and 4) end users?",19,Risk Management,Principle 4: Fairness and Non-Discrimination,n/a
RAIIA,RAIIA,IND,124,What are the reputational risks for the Organisations of the AI System making biased automated decisions?,19,Risk Management,Principle 4: Fairness and Non-Discrimination,n/a
RAIIA,RAIIA,IND,125,"Is there a clearly defined set of relevant ethical and moral principles in place on the basis of which the AI System is intended to operate, such taking into account all relevant circumstances? a. Have all local standards been identified and taken into account e.g. in relation to geographical, religious and/or social considerations and traditions? b. Are the underpinning ethical and moral principles periodically validated to ensure on-going accurateness, starting with a validation prior to the design and development of the AI System?",12,Avoidance of Unfair Bias,Principle 5: Safety and Reliability,n/a
RAIIA,RAIIA,IND,126,Have ethical and moral appropriateness considerations been translated into (technical and/or functional) boundaries affecting the outcome of the AI System’s use (e.g. its decision-making powers)? What is the impact of this on the general accuracy of the outcome of the AI System’s use?,12,Avoidance of Unfair Bias,Principle 5: Safety and Reliability,n/a
RAIIA,RAIIA,IND,127,"Have safety and reliability risk scenarios been identified, both for the AI System’s users and beyond (e.g. potentially indirectly affected stakeholders or society at large), including associated risk metrics and risk levels, in relation to: a. the quality and performance of the AI System itself (e.g. design faults, technical defects, low level of accuracy, unintended self-learning capabilities); b. the data and assumptions used to develop and train the AI System (e.g. preventing data that are not up-to-date, incomplete and/or non-representative); c. any possible (harmful) use of the AI System or the outcome thereof (e.g. over-reliance, human attachment, addictive user behaviour and manipulation of user behaviour), including any malicious, inappropriate or unintended (dual) use; and d. the safety and reliability expectations of the users and their level of sophistication.",6,"Reliability, Fall-back and Reproducibillity",Principle 5: Safety and Reliability,n/a
RAIIA,RAIIA,IND,128,"Has a definition been set of what is considered to be a safe and reliable AI System, and is this definition commonly used and implemented throughout the full lifecycle of design, development, deployment, operation and use of the AI System? a. Have quantitative analysis or metrics been applied to measure and test the applied definition? b. Are there regulatory requirements that impact the above definition of safety and reliability (e.g. medical devices regulations)?",4,General Safety,Principle 5: Safety and Reliability,n/a
RAIIA,RAIIA,IND,129,"Have clear fault tolerance requirements been set that are considered acceptable in relation to the intended outcome of the AI System’s use? If yes, what is the basis for setting these fault tolerance requirements (e.g. a legacy solution that the AI System will be replacing)?",22,System Design and Development,Principle 5: Safety and Reliability,yes
RAIIA,RAIIA,IND,130,"Has the AI System been assessed to determine whether (and if so, the extent to which) it is also safe for, and can be reliably used by, those with special needs or disabilities or those at risk of exclusion?",13,Accesability and Unfair Design,Principle 5: Safety and Reliability,n/a
RAIIA,RAIIA,IND,131,Are all safety and reliability considerations as addressed in aforementioned questions expressed in the design and development documentation in sufficient detail?,0,UNMAPPED,Principle 5: Safety and Reliability,not_found
RAIIA,RAIIA,IND,132,How is the AI System’s testability and auditability facilitated?,18,Auditability,Principle 5: Safety and Reliability,n/a
RAIIA,RAIIA,IND,133,"Is the testing procedure aligned to the appropriate levels of safety and reliability as needed, taking into account the safety and reliability considerations expressed in the design and development documentation? Does the testing procedure also accommodate for testing of the AI System in “edge cases” (use scenarios that are unlikely to occur but are nonetheless possible)?",4,General Safety,Principle 5: Safety and Reliability,n/a
RAIIA,RAIIA,IND,134,"Has a “pilot” deployment been considered to enable testing and refining the operation of the AI System and to expedite the completion of the AI System improve its safety and reliability? If yes, has this pilot been limited in time and users, have users been informed about the specifics of the pilot, and is it possible to safely abort upon short notice?",23,Performance and Monitoring,Principle 5: Safety and Reliability,yes
RAIIA,RAIIA,IND,135,"Are there any specific human oversight and control measures in place that reflect the safety and reliability risks of the AI System, given the degree of self-learning and autonomous features of the AI System?",2,Human Oversight,Principle 5: Safety and Reliability,n/a
RAIIA,RAIIA,IND,136,What procedures are in place to ensure the explainability of the AI System’s decisionmaking process during operation?,10,Explainability,Principle 5: Safety and Reliability,n/a
RAIIA,RAIIA,IND,137,"How is the ongoing auditing of the AI System’s safety and reliability organised and facilitated, internally as well as by independent third parties? Aside from exception reporting, does this also include failure analysis to determine causes or fixes for any problems? Is safety audited separately from reliability?",18,Auditability,Principle 5: Safety and Reliability,n/a
RAIIA,RAIIA,IND,138,Are users informed on: a. the (technical and/or functional) boundaries implemented to affect the outcome of the AI System’s use; b. the potential safety and reliability risks of the AI System to the users (e.g. the level of accuracy of the AI System to be expected by users); and c. the duration of coverage and schedules timeframes for security and other updates to improve the safety and/or reliability of the AI System?,11,Communication,Principle 5: Safety and Reliability,n/a
RAIIA,RAIIA,IND,139,Are appropriate training materials on how to ensure a safe and reliable use of the AI System provided to users within the limitations communicated for such safe and reliable use?,6,"Reliability, Fall-back and Reproducibillity",Principle 5: Safety and Reliability,n/a
RAIIA,RAIIA,IND,140,"Is the AI System certified for cybersecurity in accordance with an international certification scheme, or is it otherwise demonstrably compliant with specific security standards?",3,Resilience to Attack and Security,Principle 5: Safety and Reliability,n/a
RAIIA,RAIIA,IND,141,"To what extent is the AI System exposed to and protected against potential cyber-attacks over its lifecycle? What potential forms of attacks, types of vulnerabilities and potential entry points for attacks have been taken into account in this respect?",3,Resilience to Attack and Security,Principle 5: Safety and Reliability,n/a
RAIIA,RAIIA,IND,142,Is the AI System subjected to routing penetration testing and/or red team testing?,3,Resilience to Attack and Security,Principle 5: Safety and Reliability,n/a
RAIIA,RAIIA,IND,143,Is there a process in place to continuously measure and assess safety and reliability risks in accordance with the risk metrics and risk levels defined in advance for each specific use case?,19,Risk Management,Principle 5: Safety and Reliability,n/a
RAIIA,RAIIA,IND,144,"Are there procedures and/or measures in place that ensure comprehensive and transparent investigation of adverse, unanticipated and/or undesirable alterations to or outcomes of the AI System, in particular in the event of resulting harm to the safety of its users or beyond (e.g. to society at large), and that mitigate any risks of such resulting harm occurring?",4,General Safety,Principle 5: Safety and Reliability,n/a
RAIIA,RAIIA,IND,145,"Is there a mechanism in place that allows for designers, developers, users, stakeholders and third parties to (anonymously) flag/report vulnerabilities and other issues related to the safety and reliability of the AI System?",2,Human Oversight,Principle 5: Safety and Reliability,n/a
RAIIA,RAIIA,IND,146,"Are there tested failsafe fall-back plans to address the AI System’s errors of whatever origin, including governance procedures to trigger them?",6,"Reliability, Fall-back and Reproducibillity",Principle 5: Safety and Reliability,n/a
RAIIA,RAIIA,IND,147,Is the AI System designed in such a way (e.g. by including a ‘stop button’) that it can safely and elegantly abort the deployment and/ or operation of the AI System when needed without catastrophic results for the users and beyond?,26,Operational context and risks,Principle 5: Safety and Reliability,yes
RAIIA,RAIIA,IND,148,"How are the results of all risk assessment, risk management and risk control procedures in relation to safety and reliability of the AI System factored into necessary or desirable alterations of (the design of) the AI System? How is this process documented?",19,Risk Management,Principle 5: Safety and Reliability,n/a
RAIIA,RAIIA,IND,149,"Does the Organisation offer easy portability of its privately held datasets? If so, is it clear for what purposes the datasets may be transferred and whether there will be any remuneration for transfer?",8,Data Governance,"Principle 6: Open Data, Fair Competition and Intellectual Property and Principle 8: Intellectual Property",n/a
RAIIA,RAIIA,IND,150,"Does the Organisation foster open access to its privately held datasets? If so, is it clear who can access the datasets, for what purposes the datasets can be used and whether there will be any remuneration for granting access?",8,Data Governance,"Principle 6: Open Data, Fair Competition and Intellectual Property and Principle 8: Intellectual Property",n/a
RAIIA,RAIIA,IND,151,"If datasets are made available by a public sector body, how is it ensured that the data is portable, accessible and open? And if so, is it clear who can do what with the data?",8,Data Governance,"Principle 6: Open Data, Fair Competition and Intellectual Property and Principle 8: Intellectual Property",n/a
RAIIA,RAIIA,IND,152,What categories of data are required for the use of the AI System? Have all rights to data from third parties been cleared and agreed in a license agreement?,8,Data Governance,"Principle 6: Open Data, Fair Competition and Intellectual Property and Principle 8: Intellectual Property",n/a
RAIIA,RAIIA,IND,153,"What categories of data will be produced by the AI System? Will the resulting data be made available to third parties? If yes, what type of licensing arrangement is appropriate for providing data resulting from the AI System to third parties to ensure a fair balance between the Organisation’s commercial use of the data and promoting open access to data?",27,Third-party risks,"Principle 6: Open Data, Fair Competition and Intellectual Property and Principle 8: Intellectual Property",yes
RAIIA,RAIIA,IND,154,What is the scope of interoperability with other tech solutions offered by the same or other providers?,26,Operational context and risks,"Principle 6: Open Data, Fair Competition and Intellectual Property and Principle 8: Intellectual Property",yes
RAIIA,RAIIA,IND,155,Is the data generated by the AI System reusable in the public interest (data for good projects)?,8,Data Governance,"Principle 6: Open Data, Fair Competition and Intellectual Property and Principle 8: Intellectual Property",n/a
RAIIA,RAIIA,IND,156,What are the ownership or intellectual property rights attaching to the AI System?,21,Compliance and Legal,"Principle 6: Open Data, Fair Competition and Intellectual Property and Principle 8: Intellectual Property",yes
RAIIA,RAIIA,IND,157,Are there any compulsory licensing or patent rights issues relating to the AI System?,21,Compliance and Legal,"Principle 6: Open Data, Fair Competition and Intellectual Property and Principle 8: Intellectual Property",yes
RAIIA,RAIIA,IND,158,Have the intellectual property rights attaching to the AI System been made publicly available (i.e. turning the underlying code into an open source program)?,11,Communication,"Principle 6: Open Data, Fair Competition and Intellectual Property and Principle 8: Intellectual Property",n/a
RAIIA,RAIIA,IND,159,"Is competition law compliance taken into account when developing the AI System, such as designing to reduce the risk of the AI System using anti-competitive behaviour to reach its purpose (“compliance by design”)?",21,Compliance and Legal,"Principle 6: Open Data, Fair Competition and Intellectual Property and Principle 8: Intellectual Property",yes
RAIIA,RAIIA,IND,160,"Are there any other project-specific risks relating to Principles #6 and #8, which need to be taken into account in the RAIIA?",19,Risk Management,"Principle 6: Open Data, Fair Competition and Intellectual Property and Principle 8: Intellectual Property",n/a
RAIIA,RAIIA,IND,161,Consider if the data is provided by the individual (originated in direct action taken by the individual) and whether: • The data is initiated (the product of individuals taking an action that begins a relationship) • The data is transactional (created when the individual is involved in a transaction) • The data is posted (created when individuals proactively express themselves),8,Data Governance,Principle 7: Privacy,n/a
RAIIA,RAIIA,IND,162,"Consider if the data is observed (created as the result of individuals being observed and recorded), whether: • The data is engaged (instances in which individuals are aware of observation at some point in time) • The data is not anticipated (instances in which individuals are aware there are sensors but have little awareness that sensors are creating data pertaining to the individuals) • The data is passive (instances in which it is very difficult for the individuals to be aware they are being observed and data pertaining to observation of them is being created)",8,Data Governance,Principle 7: Privacy,n/a
RAIIA,RAIIA,IND,163,"Consider if the data is derived (created in a mechanical fashion from other data and becomes a new data element related to the individual), whether: • The data is computational (creation of a new data element through an arithmetic process executed on existing numeric elements) • The data is notational (creation of a new data element by classifying individuals as being part of a group based on common attributes shown by members of the group)",8,Data Governance,Principle 7: Privacy,n/a
RAIIA,RAIIA,IND,164,"Consider if the data is inferred (product of a probability-based analytic process), whether: • The data is statistical (the product of characterization based on a statistical process) • The data is advanced analytical (the product of an advanced analytical process)",8,Data Governance,Principle 7: Privacy,n/a
RAIIA,RAIIA,IND,165,How was the data used by the AI System collected and stored? Was the data transferred by third parties or will the data be transferred to third parties? • Consider whether preprocessing activity has been done on the data before the analysis and whether it would have affected the accuracy and appropriateness of individuals.,8,Data Governance,Principle 7: Privacy,n/a
RAIIA,RAIIA,IND,166,Who were the data subjects? What type of information was collected about them? What is the scope of the consents obtained?,8,Data Governance,Principle 7: Privacy,n/a
RAIIA,RAIIA,IND,167,"Is sensitive data collected? If so, are there higher standards being adopted for protection of this kind of data?",7,Privacy,Principle 7: Privacy,n/a
RAIIA,RAIIA,IND,168,"Beyond the data subjects’ privacy, may the privacy of an identified group be at risk?",7,Privacy,Principle 7: Privacy,n/a
RAIIA,RAIIA,IND,169,"Are there viable alternatives to the use of personal information (e.g. anonymization or synthetic data)? If so, what mechanisms/ techniques are implemented to prevent from re-identification?",7,Privacy,Principle 7: Privacy,n/a
RAIIA,RAIIA,IND,170,Are there procedures for reviewing data retention and performing destruction of data used by the AI System? Are there oversight mechanisms in place?,8,Data Governance,Principle 7: Privacy,n/a
RAIIA,RAIIA,IND,171,What is the nature of the Organisation’s relationship with the data subjects? How much control will they have? Would they expect you to use their data in this way?,8,Data Governance,Principle 7: Privacy,n/a
RAIIA,RAIIA,IND,172,Do they include children or other vulnerable groups? Are there prior concerns over this type of processing or security flaws?,26,Operational context and risks,Principle 7: Privacy,yes
RAIIA,RAIIA,IND,173,What is the Organisation’s lawful basis for processing personal information? What measures does the Organisation take to ensure compliance?,21,Compliance and Legal,Principle 7: Privacy,yes
RAIIA,RAIIA,IND,174,Create a risk assesment summary,19,Risk Management,,n/a
RAIIA,RAIIA,IND,175,Discuss and write down a risk mitigation action plan,19,Risk Management,,n/a
Eticas guide,Eticas guide,IND,1,"Who commissions, designs, develops, finances and implements it",20,Organisational context and Strategy,"PRELIMINARY STUDY (STARTING POINT): WHO, WHAT AND HOW WAS IT DONE PREVIOUSLY?",yes
Eticas guide,Eticas guide,IND,2,Does the algorithm solve a new problem or a known problem?,22,System Design and Development,"PRELIMINARY STUDY (STARTING POINT): WHO, WHAT AND HOW WAS IT DONE PREVIOUSLY?",yes
Eticas guide,Eticas guide,IND,3,"establish a fluid exchange of information with the client and the algorithm development team, in order to resolve these doubts and any that arise in subsequent stages",25,Auditing Context,"PRELIMINARY STUDY (STARTING POINT): WHO, WHAT AND HOW WAS IT DONE PREVIOUSLY?",yes
Eticas guide,Eticas guide,IND,4,"start an Audit Journal that collects relevant information on interactions and exchanges of information with the client, important decisions taken, problems detected, suggestions for improvement for the present or future, etc",18,Auditability,"PRELIMINARY STUDY (STARTING POINT): WHO, WHAT AND HOW WAS IT DONE PREVIOUSLY?",n/a
Eticas guide,Eticas guide,IND,5,"Determine the degree of the algorithms development, depending on the algorithm’s degree of development, the audit process will vary.",18,Auditability,"MAPPING THE SITUATION: HOW, WHEN, WHY AND FOR WHAT PURPOSE WAS THE ALGORITHM DEVELOPED AND IMPLEMENTED? DOES IT MEET MINIMUM REQUIREMENTS TO BE AUDITED?",n/a
Eticas guide,Eticas guide,IND,6,create a list of requirements that the audit client must meet in order for the algorithm to be audited with quality assurance,18,Auditability,"MAPPING THE SITUATION: HOW, WHEN, WHY AND FOR WHAT PURPOSE WAS THE ALGORITHM DEVELOPED AND IMPLEMENTED? DOES IT MEET MINIMUM REQUIREMENTS TO BE AUDITED?",n/a
Eticas guide,Eticas guide,IND,7,an algorithm may be audited provided that it complies with the minimum requirements set forth discuss this with the stakeholders,18,Auditability,"MAPPING THE SITUATION: HOW, WHEN, WHY AND FOR WHAT PURPOSE WAS THE ALGORITHM DEVELOPED AND IMPLEMENTED? DOES IT MEET MINIMUM REQUIREMENTS TO BE AUDITED?",n/a
Eticas guide,Eticas guide,IND,8,"the client on the audit’s object of study, its specific objectives, hypotheses and research questions, the methodology and techniques of analysis, the parameters of interpretation of the results and the tentative time frame for the audit",25,Auditing Context,"ANALYSIS PLAN: HOW, WHEN AND FOR WHAT PURPOSE IS THE AUDIT CONDUCTED?",yes
Eticas guide,Eticas guide,IND,9,the formation of a suitable audit team should be defined,25,Auditing Context,"ANALYSIS PLAN: HOW, WHEN AND FOR WHAT PURPOSE IS THE AUDIT CONDUCTED?",yes
Eticas guide,Eticas guide,IND,10,"define the planned methodology for the audit, which as mentioned above, will vary depending on each specific case.",25,Auditing Context,"ANALYSIS PLAN: HOW, WHEN AND FOR WHAT PURPOSE IS THE AUDIT CONDUCTED?",yes
Eticas guide,Eticas guide,IND,11,"conduct a status review regarding the aspects detailed in the Analysis Plan to properly analyze the results obtained. conduct a study of aspects related to the context in which the algorithm is designed, developed and implemented, whether social, economic, organizational, environmental, technical, scientific or any other kind",26,Operational context and risks,ANALYSIS: IMPLEMENTING THE ANALYSIS PLAN,yes
Eticas guide,Eticas guide,IND,12,"Perform technical auditing, qualitative auditing based upon the previous analysis steps\",25,Auditing Context,ANALYSIS: IMPLEMENTING THE ANALYSIS PLAN,yes
Eticas guide,Eticas guide,IND,13,"The results of the qualitative and quantitative analyses will be reflected and interpreted in the Audit Report, in accordance with the parameters defined in the Analysis Plan",25,Auditing Context,ANALYSIS: IMPLEMENTING THE ANALYSIS PLAN,yes
Eticas guide,Eticas guide,IND,14,"After conducting the analysis, an Audit Report will be prepared, which will provide a record of the process performed, as well as the legal and ethical compliance, accuracy, acceptability and desirability of the model based on the interpretation of the results",18,Auditability,"REPORT: EXPLANATION, INTERPRETATION OF RESULTS, RECOMMENDATIONS AND CONCLUSIONS AUDIT OF THE AUDIT",n/a
Eticas guide,Eticas guide,IND,15,This assessment must be clearly documented regarding the results of the metrics applied in the quantitative and qualitative analyses performed,18,Auditability,"REPORT: EXPLANATION, INTERPRETATION OF RESULTS, RECOMMENDATIONS AND CONCLUSIONS AUDIT OF THE AUDIT",n/a
Eticas guide,Eticas guide,IND,16,"Final recommendations and possible error mitigation measures for the improvement of the algorithm development or its implementation, or for future system redesigns will also be provided.",18,Auditability,"REPORT: EXPLANATION, INTERPRETATION OF RESULTS, RECOMMENDATIONS AND CONCLUSIONS AUDIT OF THE AUDIT",n/a
McKinsey Framework,McKinsey Framework,IND,1,Privacy,7,Privacy,types of AI risk,n/a
McKinsey Framework,McKinsey Framework,IND,2,Security,3,Resilience to Attack and Security,types of AI risk,n/a
McKinsey Framework,McKinsey Framework,IND,3,Fairness,12,Avoidance of Unfair Bias,types of AI risk,n/a
McKinsey Framework,McKinsey Framework,IND,4,Transparency and Explainability,10,Explainability,types of AI risk,n/a
McKinsey Framework,McKinsey Framework,IND,5,Safety and performance,5,Accuracy,types of AI risk,n/a
McKinsey Framework,McKinsey Framework,IND,6,Third party risks,19,Risk Management,types of AI risk,n/a
McKinsey Framework,McKinsey Framework,IND,7,Data,8,Data Governance,contexts,n/a
McKinsey Framework,McKinsey Framework,IND,8,Model selection and training,8,Data Governance,contexts,n/a
McKinsey Framework,McKinsey Framework,IND,9,Contracts and insurance,21,Compliance and Legal,contexts,yes
McKinsey Framework,McKinsey Framework,IND,10,deployment and infrastructure,22,System Design and Development,contexts,yes
McKinsey Framework,McKinsey Framework,IND,11,legal and regulatory,19,Risk Management,contexts,n/a
McKinsey Framework,McKinsey Framework,IND,12,Organization and culture,20,Organisational context and Strategy,contexts,yes
McKinsey Framework,McKinsey Framework,IND,13,Standard practices and model documentation,9,Traceability,Foundations for managing any AI risk,n/a
McKinsey Framework,McKinsey Framework,IND,14,Independent review,18,Auditability,Foundations for managing any AI risk,n/a
Fraunhofer IAIS,Fraunhofer IAIS,IND,1,Fairness: Ensures that AI systems avoid biases in decision-making and treat all individuals equitably.,12,Avoidance of Unfair Bias,1. Risk Identification: Trustworthiness Dimensions,n/a
Fraunhofer IAIS,Fraunhofer IAIS,IND,2,Autonomy and Control: Evaluates the extent to which human users retain control over the AI system's decisions and actions.,1,Human agency and Autonomy,1. Risk Identification: Trustworthiness Dimensions,n/a
Fraunhofer IAIS,Fraunhofer IAIS,IND,3,Transparency: Investigates whether the AI system’s processes are understandable and explainable to users and stakeholders.,10,Explainability,1. Risk Identification: Trustworthiness Dimensions,n/a
Fraunhofer IAIS,Fraunhofer IAIS,IND,4,Reliability: Assesses whether the AI system consistently performs as expected under various conditions.,6,"Reliability, Fall-back and Reproducibillity",1. Risk Identification: Trustworthiness Dimensions,n/a
Fraunhofer IAIS,Fraunhofer IAIS,IND,5,"Safety and Security: Focuses on preventing unintended harmful consequences from the AI system, such as malfunctions or security breaches.",3,Resilience to Attack and Security,1. Risk Identification: Trustworthiness Dimensions,n/a
Fraunhofer IAIS,Fraunhofer IAIS,IND,6,Data Protection: Examines whether the AI system complies with relevant data protection laws and ensures privacy for data subjects.,8,Data Governance,1. Risk Identification: Trustworthiness Dimensions,n/a
Fraunhofer IAIS,Fraunhofer IAIS,IND,7,"Fairness Objectives: Remove biases from training data, ensure fairness in outputs, and establish procedures for checking fairness post-deployment.",12,Avoidance of Unfair Bias,2. Setting Objectives for Each Dimension,n/a
Fraunhofer IAIS,Fraunhofer IAIS,IND,8,Autonomy and Control Objectives: Ensure human operators have sufficient oversight and control over the AI system’s actions.,8,Data Governance,2. Setting Objectives for Each Dimension,n/a
Fraunhofer IAIS,Fraunhofer IAIS,IND,9,Transparency Objectives: Create mechanisms to make the AI’s decision-making process explainable to users and stakeholders.,10,Explainability,2. Setting Objectives for Each Dimension,n/a
Fraunhofer IAIS,Fraunhofer IAIS,IND,10,Reliability Objectives: Ensure that the AI system can handle unexpected inputs or conditions reliably without failures.,3,Resilience to Attack and Security,2. Setting Objectives for Each Dimension,n/a
Fraunhofer IAIS,Fraunhofer IAIS,IND,11,Safety and Security Objectives: Implement safeguards to protect the system from external attacks and ensure safety in the interaction of AI with humans or physical environments.,3,Resilience to Attack and Security,2. Setting Objectives for Each Dimension,n/a
Fraunhofer IAIS,Fraunhofer IAIS,IND,12,"Data Protection Objectives: Protect personal and sensitive data, ensure data minimization principles, and maintain compliance with laws such as GDPR.",8,Data Governance,2. Setting Objectives for Each Dimension,n/a
Fraunhofer IAIS,Fraunhofer IAIS,IND,13,Use bias-detection algorithms to ensure training datasets are diverse and representative.,12,Avoidance of Unfair Bias,3. Defining Measures to Address Risks Across the AI Lifecycle,n/a
Fraunhofer IAIS,Fraunhofer IAIS,IND,14,Conduct data minimization techniques to ensure only relevant data is collected and used.,8,Data Governance,3. Defining Measures to Address Risks Across the AI Lifecycle,n/a
Fraunhofer IAIS,Fraunhofer IAIS,IND,15,Implement regular bias testing and fairness evaluations.,12,Avoidance of Unfair Bias,3. Defining Measures to Address Risks Across the AI Lifecycle,n/a
Fraunhofer IAIS,Fraunhofer IAIS,IND,16,Integrate privacy-preserving techniques like differential privacy.,7,Privacy,3. Defining Measures to Address Risks Across the AI Lifecycle,n/a
Fraunhofer IAIS,Fraunhofer IAIS,IND,17,Apply adversarial robustness testing to assess model vulnerabilities.,3,Resilience to Attack and Security,3. Defining Measures to Address Risks Across the AI Lifecycle,n/a
Fraunhofer IAIS,Fraunhofer IAIS,IND,18,"Monitor real-time model performance, especially in high-stakes or safety-critical applications.",4,General Safety,3. Defining Measures to Address Risks Across the AI Lifecycle,n/a
Fraunhofer IAIS,Fraunhofer IAIS,IND,19,Set up logging and audit trails for AI decisions to ensure traceability and accountability.,18,Auditability,3. Defining Measures to Address Risks Across the AI Lifecycle,n/a
Fraunhofer IAIS,Fraunhofer IAIS,IND,20,Implement explainable AI (XAI) techniques to enhance user understanding of AI decisions.,10,Explainability,3. Defining Measures to Address Risks Across the AI Lifecycle,n/a
Fraunhofer IAIS,Fraunhofer IAIS,IND,21,"Safeguarding Argumentation: A critical analysis of how the objectives have been met. This should include documentation of the trade-offs made between dimensions (e.g., balancing transparency with privacy) and the rationale behind those decisions.",9,Traceability,4. Safeguarding and Justifying Trustworthiness,n/a
Fraunhofer IAIS,Fraunhofer IAIS,IND,22,"Compliance Documentation: Generate a report or catalog that shows how each measure complies with trustworthiness objectives, referencing industry standards and best practices.",20,Organisational context and Strategy,4. Safeguarding and Justifying Trustworthiness,yes
Fraunhofer IAIS,Fraunhofer IAIS,IND,23,Implement monitoring systems that regularly track the AI’s performance against the trustworthiness objectives.,23,Performance and Monitoring,5. Continual Monitoring and Feedback Mechanisms,yes
Fraunhofer IAIS,Fraunhofer IAIS,IND,24,"Create feedback loops where users and stakeholders can report issues with fairness, autonomy, reliability, or other dimensions of trustworthiness.",11,Communication,5. Continual Monitoring and Feedback Mechanisms,n/a
Fraunhofer IAIS,Fraunhofer IAIS,IND,25,Periodically revisit the risk analysis and update the objectives as new risks or technological advances emerge.,19,Risk Management,5. Continual Monitoring and Feedback Mechanisms,n/a
Fraunhofer IAIS,Fraunhofer IAIS,IND,26,Bias Detection Tools: These tools analyze training datasets for potential biases in order to ensure fairness in the outcomes of the AI system.,12,Avoidance of Unfair Bias,6. Tools and Techniques,n/a
Fraunhofer IAIS,Fraunhofer IAIS,IND,27,Explainability Tools: Technologies like SHAP (SHapley Additive exPlanations) or LIME (Local Interpretable Model-agnostic Explanations) to provide transparency in decision-making.,25,Auditing Context,6. Tools and Techniques,yes
Fraunhofer IAIS,Fraunhofer IAIS,IND,28,Robustness Testing: Methods to test the system’s ability to handle adversarial attacks or other challenging input scenarios.,3,Resilience to Attack and Security,6. Tools and Techniques,n/a
Fraunhofer IAIS,Fraunhofer IAIS,IND,29,Data Protection Measures: Techniques like differential privacy or anonymization to ensure compliance with data protection laws.,8,Data Governance,6. Tools and Techniques,n/a
Fraunhofer IAIS,Fraunhofer IAIS,IND,30,A summary of the risks identified.,19,Risk Management,7. Conclusion and Reporting,n/a
Fraunhofer IAIS,Fraunhofer IAIS,IND,31,The objectives set for each trustworthiness dimension.,25,Auditing Context,7. Conclusion and Reporting,yes
Fraunhofer IAIS,Fraunhofer IAIS,IND,32,The specific measures implemented to meet these objectives.,25,Auditing Context,7. Conclusion and Reporting,yes
Fraunhofer IAIS,Fraunhofer IAIS,IND,33,Ongoing monitoring strategies and feedback mechanisms.,25,Auditing Context,7. Conclusion and Reporting,yes
Fraunhofer IAIS,Fraunhofer IAIS,IND,34,Any trade-offs made and justification for them.,25,Auditing Context,7. Conclusion and Reporting,yes
Labelia Labs fw,Labelia Labs fw,IND,1,"With regard to personal or confidential data, the legal, statutory, regulatory and contractual requirements in force and concerning your organisation are",8,Data Governance,Section 1 - Protecting personal or confidential data and comply with regulatory requirements,n/a
Labelia Labs fw,Labelia Labs fw,IND,2,"In order to meet these requirements, the approach adopted by your organisation is",8,Data Governance,Section 1 - Protecting personal or confidential data and comply with regulatory requirements,n/a
Labelia Labs fw,Labelia Labs fw,IND,3,"Is a regulatory surveillance process in place, either internally or via a specialised service provider, to find out about applicable changes that have an impact on your organisation?",21,Compliance and Legal,Section 1 - Protecting personal or confidential data and comply with regulatory requirements,yes
Labelia Labs fw,Labelia Labs fw,IND,4,"Has the organisation's compliance with personal and confidential data requirements been audited and is it recognised by a certification, label or equivalent?",8,Data Governance,Section 1 - Protecting personal or confidential data and comply with regulatory requirements,n/a
Labelia Labs fw,Labelia Labs fw,IND,5,"In data science projects, the data minimisation principle should guide the collection and use of personal or confidential data. How is it implemented in your organisation?",8,Data Governance,Section 1 - Protecting personal or confidential data and comply with regulatory requirements,n/a
Labelia Labs fw,Labelia Labs fw,IND,6,"For each processing of personal or confidential data required in the framework of a data science project within your organisation: Privacy impact assesment in best case, no approach in worst case",7,Privacy,Section 1 - Protecting personal or confidential data and comply with regulatory requirements,n/a
Labelia Labs fw,Labelia Labs fw,IND,7,"Machine Learning security (ML security) is a constantly evolving field. In some cases, AI models learned from confidential data may reveal elements of that confidential data (see articles cited in resources). Within your organisation, the general level of knowledge of collaborators working on data science projects about vulnerabilities related to ML models and the techniques to mitigate them is:",7,Privacy,Section 1 - Protecting personal or confidential data and comply with regulatory requirements,n/a
Labelia Labs fw,Labelia Labs fw,IND,8,Still on the subject of vulnerabilities related to ML models and techniques to mitigate them: technical watch and mitigation measures in best case and no set up in worst case,3,Resilience to Attack and Security,Section 1 - Protecting personal or confidential data and comply with regulatory requirements,n/a
Labelia Labs fw,Labelia Labs fw,IND,9,"In the event that a model that the organisation has developed is used or accessible by one or more external stakeholders, and a new vulnerability is published, there is a risk that it may apply to them and thus create a risk of exposure of personal or confidential data:",7,Privacy,Section 1 - Protecting personal or confidential data and comply with regulatory requirements,n/a
Labelia Labs fw,Labelia Labs fw,IND,10,"Often an initial phase of data science projects consists in gathering and assembling data samples intro training and validation datasets. In many cases this presents difficulties and is a source of risks. About this particular activity, has your organization defined, documented and operationalised an approach or a method taking into account in particular the following",8,Data Governance,"Section 2 - Preventing bias, developing non-discriminatory models",n/a
Labelia Labs fw,Labelia Labs fw,IND,11,"Within data science projects and when developing training datasets, reflection and research on problematic phenomena (e.g. quality of certain data points, data that are not comparable due to recording tools or processes, social phenomena that are undesirable due to time, context, etc.) can be crucial to prevent bias that undermines the principle of non-discrimination, diversity and equity. Your organisation:",12,Avoidance of Unfair Bias,"Section 2 - Preventing bias, developing non-discriminatory models",n/a
Labelia Labs fw,Labelia Labs fw,IND,12,"In the context of data science projects, the nature of the project, the data used for the project and/or the thematic environment of the project can foster a risk of population bias against certain social groups (gender, origin, age, etc.). Evaluating first for each project if it is subject or not to such a risk seems key (in which case mitigation measures can be then contemplated). On that topic, your organisation",12,Avoidance of Unfair Bias,"Section 2 - Preventing bias, developing non-discriminatory models",n/a
Labelia Labs fw,Labelia Labs fw,IND,13,"In cases where the AI models your organisation develops are used in thematic environments where there is a risk of population bias or discrimination against certain social groups (gender, origin, age, etc.)",12,Avoidance of Unfair Bias,"Section 2 - Preventing bias, developing non-discriminatory models",n/a
Labelia Labs fw,Labelia Labs fw,IND,14,"Recent work has shown the role that modeling and learning choices can play in the formation of discriminatory bias. Differential privacy, compression, the choice of the learning rate, early stopping mechanisms for example can have disproportionate impacts on certain subgroups. Within your organisation, the general level of knowledge of collaborators working on data science projects on this topic is:",24,Training and Awareness,"Section 2 - Preventing bias, developing non-discriminatory models",yes
Labelia Labs fw,Labelia Labs fw,IND,15,"In data science projects and when developing test datasets, it is of utmost importance to ensure non-contamination by training data. Your organisation",8,Data Governance,Section 3 - Assessing model performance rigorously,n/a
Labelia Labs fw,Labelia Labs fw,IND,16,In the case of data science projects based on distributed or federated learning on multiple datasets and whose confidentiality must be preserved:,7,Privacy,Section 3 - Assessing model performance rigorously,n/a
Labelia Labs fw,Labelia Labs fw,IND,17,"Within data science projects and when developing validation or test datasets, reflection and research on problematic phenomena (e.g. quality of certain data points, data that are not comparable due to recording tools or processes, social phenomena that are undesirable due to time, context, etc.) can be crucial for the meaning of performance scores. Your organisation:",8,Data Governance,Section 3 - Assessing model performance rigorously,n/a
Labelia Labs fw,Labelia Labs fw,IND,18,"Does your organisation implement the following approaches: When developing a model, we choose the performance metric(s) prior to actually training the model, from among the most standard metrics possible in best case and no measures in worst case",22,System Design and Development,Section 3 - Assessing model performance rigorously,yes
Labelia Labs fw,Labelia Labs fw,IND,19,"In cases where AI models developed by your organisation are used in production systems: We do not systematically set up this type of measure in worst case and Performance is systematically re-evaluated when the context in which the model is used evolves, which may create a risk on the performance of the model due to the evolution of the input data space in best case",23,Performance and Monitoring,Section 3 - Assessing model performance rigorously,yes
Labelia Labs fw,Labelia Labs fw,IND,20,"For the definition of decision thresholds for models or automatic systems based on them, your organisation:",23,Performance and Monitoring,Section 3 - Assessing model performance rigorously,yes
Labelia Labs fw,Labelia Labs fw,IND,21,"Audits by independent third parties and verifiable claims When your organization communicates on the results or performance of an AI system, and makes it a marketing and communication argument to its stakeholders:",11,Communication,Section 3 - Assessing model performance rigorously,n/a
Labelia Labs fw,Labelia Labs fw,IND,22,"Ensuring the traceability of all steps of the development of an AI model enables building up a model lifecycle documentation. Within your organisation, a lifecycle documentation of models is fed and maintained within the framework of data science projects, throughout the phases of data collection, design, training, validation and exploitation of the predictive models:",9,Traceability,Section 4 - Ensuring model reproducibility and establishing the chain of accountability,n/a
Labelia Labs fw,Labelia Labs fw,IND,23,"In the context of data science projects, the ""conditions and limits of validity"" of a model designed, trained and validated by the organisation:",5,Accuracy,Section 4 - Ensuring model reproducibility and establishing the chain of accountability,n/a
Labelia Labs fw,Labelia Labs fw,IND,24,"In data science projects, when unexpected behaviour of a model is observed:",23,Performance and Monitoring,Section 4 - Ensuring model reproducibility and establishing the chain of accountability,yes
Labelia Labs fw,Labelia Labs fw,IND,25,"In the case of data science projects where several players, including internal to the organisation (teams, departments, subsidiaries), are involved throughout the value and accountability chains:",20,Organisational context and Strategy,Section 4 - Ensuring model reproducibility and establishing the chain of accountability,yes
Labelia Labs fw,Labelia Labs fw,IND,26,Data science activities subcontracted to a third party organisation(s) are subject to the same requirements your organisation applies to itself:,27,Third-party risks,Section 4 - Ensuring model reproducibility and establishing the chain of accountability,yes
Labelia Labs fw,Labelia Labs fw,IND,27,"In the case of data science projects where several partners work alongside your organisation to develop a model, and that model is or will be the subject of an economic activity:",27,Third-party risks,Section 4 - Ensuring model reproducibility and establishing the chain of accountability,yes
Labelia Labs fw,Labelia Labs fw,IND,28,"If your organisation uses AI models on its own behalf: For each model, we study its entire lifecycle (all the steps and choices that led to its development and evaluation), as well as its conditions and limits of validity, in order to understand the model before using it in best case and no measures in worst csae",25,Auditing Context,Section 5 - Using models responsibly and in confidence,yes
Labelia Labs fw,Labelia Labs fw,IND,29,"If your organisation provides or operates AI model-based applications to customers or third parties: no meausures in worst case and For each model or application for a customer or a third party, we define and test a procedure for suspending the model and a degraded operating mode without the model, in order to prepare for the case where the model is subject to failure or unexpected behaviour in best case",27,Third-party risks,Section 5 - Using models responsibly and in confidence,yes
Labelia Labs fw,Labelia Labs fw,IND,30,"Automatic systems, especially when based on AI models, are used in production generally to gain efficiency. By nature, they occasionally generate undesirable results for the organisation and its stakeholders (e.g. wrong prediction), as they will never achieve 100% performance.",26,Operational context and risks,Section 5 - Using models responsibly and in confidence,yes
Labelia Labs fw,Labelia Labs fw,IND,31,Within data science projects aiming at developing AI models: Our organisation is not yet familiar with the methods and tools for explaining and interpreting AI models in worst case and We master and implement advanced approaches for the explicability and interpretability of models in best case,10,Explainability,Section 5 - Using models responsibly and in confidence,n/a
Labelia Labs fw,Labelia Labs fw,IND,32,"Your organisation uses for its own account, provides to its customers or operates on behalf of its customers applications based on AI models with which users can interact. What measure does it implement to inform users?",11,Communication,Section 5 - Using models responsibly and in confidence,n/a
Labelia Labs fw,Labelia Labs fw,IND,33,"If your organisation provides or operates AI model-based applications to customers or third parties, to enable auditability of such applications and facilitate their continuous improvement, it is key to implement predictions logging. On that topic:",18,Auditability,Section 5 - Using models responsibly and in confidence,n/a
Labelia Labs fw,Labelia Labs fw,IND,34,About the environmental impact of the data science activity in your organisation:,15,Environmental Well-Being,"Section 6 - Anticipating, monitoring and minimising the negative externalities of data science activities",n/a
Labelia Labs fw,Labelia Labs fw,IND,35,"Social impact In some cases, the implementation of an automatic system based on an AI model can generate negative externalities on upstream stakeholders (e.g. annotation of data), and on downstream stakeholders (e.g. automation of certain positions). Whenever you plan to develop or use an AI model:",17,Impact on Society at large or Democracy,"Section 6 - Anticipating, monitoring and minimising the negative externalities of data science activities",n/a
Labelia Labs fw,Labelia Labs fw,IND,36,Ethics and non-maleficence Within your organisation:,20,Organisational context and Strategy,"Section 6 - Anticipating, monitoring and minimising the negative externalities of data science activities",yes
plot4AI,plot4AI,IND,1,Is the task or assignment completely clear?,20,Organisational context and Strategy,,yes
plot4AI,plot4AI,IND,2,Can we assure that the data that we need is complete and trustworthy?,8,Data Governance,,n/a
plot4AI,plot4AI,IND,3,Can the data be representative of the different groups/populations?,8,Data Governance,,n/a
plot4AI,plot4AI,IND,4,Have we identified all the important stakeholders needed in this phase of the project?,14,Stakeholder Participation,,n/a
plot4AI,plot4AI,IND,5,Does the model need to be explainable for the users or affected persons?,13,Accesability and Unfair Design,,n/a
plot4AI,plot4AI,IND,6,Are we preventing Data Leakage?,8,Data Governance,,n/a
plot4AI,plot4AI,IND,7,Are we preventing Concept and Data Drift?,8,Data Governance,,n/a
plot4AI,plot4AI,IND,8,"Once our model is running, can we keep feeding it data?",8,Data Governance,,n/a
plot4AI,plot4AI,IND,9,Is human intervention necessary to oversee the automatic decision making (ADM) process of the AI system?,2,Human Oversight,,n/a
plot4AI,plot4AI,IND,10,Could the channels that we will use to collect real-time input data fail?,8,Data Governance,,n/a
plot4AI,plot4AI,IND,11,"When datasets from external sources are updated, can we receive and process the new data on time?",8,Data Governance,,n/a
plot4AI,plot4AI,IND,12,Can we confirm the legitimacy of the data sources that we need?,8,Data Governance,,n/a
plot4AI,plot4AI,IND,13,Do we have enough dedicated resources to monitor the algorithm?,1,Human agency and Autonomy,,n/a
plot4AI,plot4AI,IND,14,Can we collect all the data that we need for the purpose of the algorithm?,8,Data Governance,,n/a
plot4AI,plot4AI,IND,15,Can our system's user interface be used by those with special needs or disabilities?,13,Accesability and Unfair Design,,n/a
plot4AI,plot4AI,IND,16,Do we need to offer a redress mechanism to the users?,3,Resilience to Attack and Security,,n/a
plot4AI,plot4AI,IND,17,Do we need to implement an age gate to use our product?,13,Accesability and Unfair Design,,n/a
plot4AI,plot4AI,IND,18,"If users need to provide consent, can we make the required information easily available?",11,Communication,,n/a
plot4AI,plot4AI,IND,19,Could the user perceive the message from the AI system in a different way than intended?,26,Operational context and risks,,yes
plot4AI,plot4AI,IND,20,Could the learning curve of the product be an issue?,23,Performance and Monitoring,,yes
plot4AI,plot4AI,IND,21,Can the data used to feed the model be linked to individuals?,7,Privacy,,n/a
plot4AI,plot4AI,IND,22,Could actions be incorrectly attributed to an individual or group?,7,Privacy,,n/a
plot4AI,plot4AI,IND,23,Could we be revealing information that a person has not chosen to share?,7,Privacy,,n/a
plot4AI,plot4AI,IND,24,Do we need to red-team/pen test the AI system?,3,Resilience to Attack and Security,,n/a
plot4AI,plot4AI,IND,25,Are our APIs securely implemented?,3,Resilience to Attack and Security,,n/a
plot4AI,plot4AI,IND,26,Is our data storage protected?,8,Data Governance,,n/a
plot4AI,plot4AI,IND,27,"If our AI system uses randomness, is the source of randomness properly protected?",22,System Design and Development,,yes
plot4AI,plot4AI,IND,28,Is our model suited for processing confidential information?,8,Data Governance,,n/a
plot4AI,plot4AI,IND,29,Can our AI system scale in performance from data input to data output?,22,System Design and Development,,yes
plot4AI,plot4AI,IND,30,Are we protected from insider threats?,3,Resilience to Attack and Security,,n/a
plot4AI,plot4AI,IND,31,Are we protected against model sabotage?,3,Resilience to Attack and Security,,n/a
plot4AI,plot4AI,IND,32,"Could there be possible malicious use, misuse or inappropriate use of our AI system?",3,Resilience to Attack and Security,,n/a
plot4AI,plot4AI,IND,33,Could environmental phenomena or natural disasters have a negative impact on our AI system?,15,Environmental Well-Being,,n/a
plot4AI,plot4AI,IND,34,Are we protected from perturbation attacks?,3,Resilience to Attack and Security,,n/a
plot4AI,plot4AI,IND,35,Are we protected from poisoning attacks?,3,Resilience to Attack and Security,,n/a
plot4AI,plot4AI,IND,36,Are we protected from model inversion attacks?,3,Resilience to Attack and Security,,n/a
plot4AI,plot4AI,IND,37,Are we protected from membership inference attacks?,3,Resilience to Attack and Security,,n/a
plot4AI,plot4AI,IND,38,Are we protected from model stealing attacks?,3,Resilience to Attack and Security,,n/a
plot4AI,plot4AI,IND,39,Are we protected from reprogramming deep neural nets attacks?,3,Resilience to Attack and Security,,n/a
plot4AI,plot4AI,IND,40,Are we protected from adversarial example?,3,Resilience to Attack and Security,,n/a
plot4AI,plot4AI,IND,41,Are we protected from malicious AI/ML providers who could recover training data?,8,Data Governance,,n/a
plot4AI,plot4AI,IND,42,Are we protected from attacks to the AI/ML Supply Chain?,3,Resilience to Attack and Security,,n/a
plot4AI,plot4AI,IND,43,Are we protected from exploits on software dependencies of our AI/ML systems?,3,Resilience to Attack and Security,,n/a
plot4AI,plot4AI,IND,44,"In case of system failure, could users be adversely impacted?",26,Operational context and risks,,yes
plot4AI,plot4AI,IND,45,Could our AI system have an adverse impact on the environment?,15,Environmental Well-Being,,n/a
plot4AI,plot4AI,IND,46,Could our model be deployed in a different context?,22,System Design and Development,,yes
plot4AI,plot4AI,IND,47,Could the AI system become persuasive causing harm to the individual?,3,Resilience to Attack and Security,,n/a
plot4AI,plot4AI,IND,48,Could our RL agents develop strategies that could have undesired negative side effects on the environment?,15,Environmental Well-Being,,n/a
plot4AI,plot4AI,IND,49,"Could our RL agents""hack"" their reward functions?",3,Resilience to Attack and Security,,n/a
plot4AI,plot4AI,IND,50,Can we provide human resources to supervise and give feedback every time the RL agent performs an action?,20,Organisational context and Strategy,,yes
plot4AI,plot4AI,IND,51,Can our AI/ML system be robust to changes in the data distribution?,3,Resilience to Attack and Security,,n/a
plot4AI,plot4AI,IND,52,Can our RL agents learn about their environment without causing harm or catastrophic actions?,17,Impact on Society at large or Democracy,,n/a
plot4AI,plot4AI,IND,53,Do we need to inform users that they are interacting with an AI system?,11,Communication,,n/a
plot4AI,plot4AI,IND,54,"Can we provide the necessary information to the users about possible impacts, benefits and potential risks?",11,Communication,,n/a
plot4AI,plot4AI,IND,55,Can users anticipate the actions of the AI system?,23,Performance and Monitoring,,yes
plot4AI,plot4AI,IND,56,Bias & Discrimination: could there be groups who might be disproportionately affected by the outcomes of the AI system?,12,Avoidance of Unfair Bias,,n/a
plot4AI,plot4AI,IND,57,Can we expect mostly positive reactions from the users or individuals?,26,Operational context and risks,,yes
plot4AI,plot4AI,IND,58,Could the AI system have an impact on human work?,16,Impact on Work and Skills,,n/a
plot4AI,plot4AI,IND,59,Could the AI system have an adverse impact on society at large?,17,Impact on Society at large or Democracy,,n/a
plot4AI,plot4AI,IND,60,Could the AI system limit the right to be heard?,21,Compliance and Legal,,yes
plot4AI,plot4AI,IND,61,Could the system have a big impact on decisions regarding the right to life?,21,Compliance and Legal,,yes
plot4AI,plot4AI,IND,62,Could the AI system affect the freedom of expression of its users?,21,Compliance and Legal,,yes
plot4AI,plot4AI,IND,63,Could the AI system affect the freedom of its users?,21,Compliance and Legal,,yes
plot4AI,plot4AI,IND,64,Could the AI system affect the right to a fair hearing?,21,Compliance and Legal,,yes
plot4AI,plot4AI,IND,65,Could children be part of our usersâ€™ group?,26,Operational context and risks,,yes
plot4AI,plot4AI,IND,66,Can our AI system represent different norms and values without creating ambiguity?,26,Operational context and risks,,yes
plot4AI,plot4AI,IND,67,Could our AI system not be representing current social needs and social context?,17,Impact on Society at large or Democracy,,n/a
plot4AI,plot4AI,IND,68,"Could our AI system have an impact denying access to jobs, housing, insurance, benefits or education?",26,Operational context and risks,,yes
plot4AI,plot4AI,IND,69,Could our AI system affect human autonomy by interfering with the user's decision-making process in an unintended and undesirable way?,26,Operational context and risks,,yes
plot4AI,plot4AI,IND,70,Does the labelling of our training data respect the dignity and well-being of the labour force involved?,8,Data Governance,,n/a
plot4AI,plot4AI,IND,71,Are we going to collect and use behavioural data to feed the AI system?,8,Data Governance,,n/a
plot4AI,plot4AI,IND,72,Could our AI system automatically label or categorize people?,23,Performance and Monitoring,,yes
plot4AI,plot4AI,IND,73,Is data minimisation possible?,8,Data Governance,,n/a
plot4AI,plot4AI,IND,74,Could we be processing sensitive data?,7,Privacy,,n/a
plot4AI,plot4AI,IND,75,Do we have a lawful basis for processing the personal data?,7,Privacy,,n/a
plot4AI,plot4AI,IND,76,Is the creation of the AI system proportional to the intended goal?,20,Organisational context and Strategy,,yes
plot4AI,plot4AI,IND,77,Can we comply with the purpose limitation principle?,8,Data Governance,,n/a
plot4AI,plot4AI,IND,78,Can we comply with all the applicable GDPR data subjectsâ€™ rights?,8,Data Governance,,n/a
plot4AI,plot4AI,IND,79,Have we considered the need to start with a data protection impact assessment (DPIA)?,8,Data Governance,,n/a
plot4AI,plot4AI,IND,80,Do we use third party providers and are we processing data from children or other type of vulnerable people?,27,Third-party risks,,yes
plot4AI,plot4AI,IND,81,Do we need to use metadata to feed our model?,8,Data Governance,,n/a
plot4AI,plot4AI,IND,82,Will our AI system make automatic decisions without human intervention?,2,Human Oversight,,n/a
plot4AI,plot4AI,IND,83,Could our dataset have copyright or other legal restrictions?,21,Compliance and Legal,,yes
plot4AI,plot4AI,IND,84,Are we planning to use a third party AI tool?,27,Third-party risks,,yes
plot4AI,plot4AI,IND,85,Could we have geolocation restrictions for implementing our AI system in other countries?,26,Operational context and risks,,yes
plot4AI,plot4AI,IND,86,Can we comply with the storage limitation principle?,8,Data Governance,,n/a
CNIL FW,CNIL FW,GOV,1,Is personal data processed by the system?,8,Data Governance,Objective and proportionality,n/a
CNIL FW,CNIL FW,GOV,2,Is the objective (purpose) of the processing based on the use of an AI system clearly defined?,20,Organisational context and Strategy,Objective and proportionality,yes
CNIL FW,CNIL FW,GOV,3,Are the learning and production phases of the AI system separate?,22,System Design and Development,Objective and proportionality,yes
CNIL FW,CNIL FW,GOV,4,"If so, is a second assessment planned for the production phase?",23,Performance and Monitoring,Objective and proportionality,yes
CNIL FW,CNIL FW,GOV,5,Are individuals who are required to interact with the AI system or about whom an automated decision will be made identified?,26,Operational context and risks,Objective and proportionality,yes
CNIL FW,CNIL FW,GOV,6,"What are their characteristics (age, gender, physical details, etc.)? And how many characteristics are there?",8,Data Governance,Objective and proportionality,n/a
CNIL FW,CNIL FW,GOV,7,"Can the processing directly or indirectly target vulnerable individuals (e.g.: children, patients, employees)?",8,Data Governance,Objective and proportionality,n/a
CNIL FW,CNIL FW,GOV,8,"Will the processing result in legal, financial or physical consequences for the health, social status or safety of the individuals directly or indirectly targeted by the AI system?",26,Operational context and risks,Objective and proportionality,yes
CNIL FW,CNIL FW,GOV,9,Does the AI system replace another type of system for the task it is assigned?,20,Organisational context and Strategy,Objective and proportionality,yes
CNIL FW,CNIL FW,GOV,10,Why does that system need to be replaced?,20,Organisational context and Strategy,Objective and proportionality,yes
CNIL FW,CNIL FW,GOV,11,"Does the AI system have a significant advantage (in terms of technical efficiency, cost, protection of privacy, etc.) compared to other available solutions?",20,Organisational context and Strategy,Objective and proportionality,yes
CNIL FW,CNIL FW,GOV,12,Does this significant advantage outweigh the potential additional risks associated with the use of an AI system (see fact sheet 6 on the impact on fundamental rights)?,19,Risk Management,Objective and proportionality,n/a
CNIL FW,CNIL FW,GOV,13,"In view of your answers to the previous questions, does the use of an AI system to achieve the identified purpose seem proportionate and necessary?",20,Organisational context and Strategy,Objective and proportionality,yes
CNIL FW,CNIL FW,GOV,14,"If personal data is collected and/or used, has a data controller been identified?",8,Data Governance,"Providers, users of AI systems and individuals",n/a
CNIL FW,CNIL FW,GOV,15,"Are the legal persons in charge of AI system development, deployment and monitoring clearly defined?",9,Traceability,"Providers, users of AI systems and individuals",n/a
CNIL FW,CNIL FW,GOV,16,Do the natural persons in charge of the development of the system have the appropriate training?,24,Training and Awareness,"Providers, users of AI systems and individuals",yes
CNIL FW,CNIL FW,GOV,17,"Have they been made aware of the legal, technical, ethical and moral issues of AI?",24,Training and Awareness,"Providers, users of AI systems and individuals",yes
CNIL FW,CNIL FW,GOV,18,Is there an internal charter or policy governing the design and deployment of AI systems?,21,Compliance and Legal,"Providers, users of AI systems and individuals",yes
CNIL FW,CNIL FW,GOV,19,"Are the individuals in charge of maintaining the AI system, correcting problems and involved in its operation clearly identified and known to everyone?",9,Traceability,"Providers, users of AI systems and individuals",n/a
CNIL FW,CNIL FW,GOV,20,"Is there any follow-up to ensure that this service is always available, for example during holiday periods?",23,Performance and Monitoring,"Providers, users of AI systems and individuals",yes
CNIL FW,CNIL FW,GOV,21,"Is the training data reused (reuse of an internal or publicly accessible database, acquisition, etc.) or is it collected specifically?",8,Data Governance,Processing learning data lawfully in compliance with the regulations,n/a
CNIL FW,CNIL FW,GOV,22,"If reused, has the database been compiled in accordance with data protection regulations?",8,Data Governance,Processing learning data lawfully in compliance with the regulations,n/a
CNIL FW,CNIL FW,GOV,23,"If a publicly accessible database has been used, has it been studied, in particular for the presence of any bias?",12,Avoidance of Unfair Bias,Processing learning data lawfully in compliance with the regulations,n/a
CNIL FW,CNIL FW,GOV,24,What is the legal basis for the processing of training data?,21,Compliance and Legal,Processing learning data lawfully in compliance with the regulations,yes
CNIL FW,CNIL FW,GOV,25,"Sensitive data (health, criminal records, etc.) can only be processed if it meets one of the exceptions set out in Article 9 of the GDPR. If relevant, on which of these exceptions is the processing based?",8,Data Governance,Processing learning data lawfully in compliance with the regulations,n/a
CNIL FW,CNIL FW,GOV,26,"How is the compliance of training data processing monitored (completion of a DPIA, analysis of the risks of re-identification, etc.)?",8,Data Governance,Processing learning data lawfully in compliance with the regulations,n/a
CNIL FW,CNIL FW,GOV,27,Does the way in which the datasets used for training are produced meet the minimisation principle?,8,Data Governance,Processing learning data lawfully in compliance with the regulations,n/a
CNIL FW,CNIL FW,GOV,28,"Is the data anonymised? If yes, how?",7,Privacy,Processing learning data lawfully in compliance with the regulations,n/a
CNIL FW,CNIL FW,GOV,29,"Is it pseudonymised? If yes, how?",7,Privacy,Processing learning data lawfully in compliance with the regulations,n/a
CNIL FW,CNIL FW,GOV,30,Have the risks of re-identification been assessed?,7,Privacy,Processing learning data lawfully in compliance with the regulations,n/a
CNIL FW,CNIL FW,GOV,31,Is the volume of data collected justified in view of the difficulty of the learning task?,8,Data Governance,Processing learning data lawfully in compliance with the regulations,n/a
CNIL FW,CNIL FW,GOV,32,Are all the variables considered for training the model necessary?,22,System Design and Development,Processing learning data lawfully in compliance with the regulations,yes
CNIL FW,CNIL FW,GOV,33,"Could the collection of some values be avoided should they prove not to be useful for learning, especially if they involve sensitive data?",8,Data Governance,Processing learning data lawfully in compliance with the regulations,n/a
CNIL FW,CNIL FW,GOV,34,"If the collection of these values cannot be avoided, could the data be removed or hidden?",8,Data Governance,Processing learning data lawfully in compliance with the regulations,n/a
CNIL FW,CNIL FW,GOV,35,Has the accuracy of the data been verified?,5,Accuracy,From raw data to a quality training dataset,n/a
CNIL FW,CNIL FW,GOV,36,"If an annotation method has been used, is it checked?",23,Performance and Monitoring,From raw data to a quality training dataset,yes
CNIL FW,CNIL FW,GOV,37,"If the annotation is performed by humans, have they been trained?",24,Training and Awareness,From raw data to a quality training dataset,yes
CNIL FW,CNIL FW,GOV,38,Is the quality of their work monitored?,20,Organisational context and Strategy,From raw data to a quality training dataset,yes
CNIL FW,CNIL FW,GOV,39,Is the data used representative of the data observed in the actual environment?,8,Data Governance,From raw data to a quality training dataset,n/a
CNIL FW,CNIL FW,GOV,40,Which methodology has been used to ensure this representativeness?,20,Organisational context and Strategy,From raw data to a quality training dataset,yes
CNIL FW,CNIL FW,GOV,41,Has a formalised study of this representativeness been carried out?,20,Organisational context and Strategy,From raw data to a quality training dataset,yes
CNIL FW,CNIL FW,GOV,42,"If the processing is based on a federated learning solution, has it been checked that the data used within the centres is independent and identically distributed (a condition ensuring that the information drawn from the data will reflect the same trends without being specific to each centre)?",22,System Design and Development,From raw data to a quality training dataset,yes
CNIL FW,CNIL FW,GOV,43,"If the data is not independent and identically distributed, what steps are taken to remedy this?",22,System Design and Development,From raw data to a quality training dataset,yes
CNIL FW,CNIL FW,GOV,44,"In the case of an AI system using continuous learning, which mechanism is implemented to ensure the quality of the data used continuously?",8,Data Governance,From raw data to a quality training dataset,n/a
CNIL FW,CNIL FW,GOV,45,Are regular mechanisms in place to assess the risk of loss of quality or changes in data distribution?,8,Data Governance,From raw data to a quality training dataset,n/a
CNIL FW,CNIL FW,GOV,46,Is the method used to collect training data sufficiently well known?,8,Data Governance,Identifying the risks of bias and correcting them effectively,n/a
CNIL FW,CNIL FW,GOV,47,Is there a possibility of bias due to the method used or the specific collection conditions?,12,Avoidance of Unfair Bias,Identifying the risks of bias and correcting them effectively,n/a
CNIL FW,CNIL FW,GOV,48,"Does the training data include data related to the particular characteristics of the individuals such as their gender, age, physical characteristics, sensitive data, etc.? Which characteristics?",7,Privacy,Identifying the risks of bias and correcting them effectively,n/a
CNIL FW,CNIL FW,GOV,49,"Have the hypotheses made based on the training data been discussed, clearly documented and checked against the actual situation?",26,Operational context and risks,Identifying the risks of bias and correcting them effectively,yes
CNIL FW,CNIL FW,GOV,50,Has a study of the correlations between these particular characteristics and the rest of the training data been carried out to identify possible proxies?,8,Data Governance,Identifying the risks of bias and correcting them effectively,n/a
CNIL FW,CNIL FW,GOV,51,Has a bias study been carried out? Which method was used?,12,Avoidance of Unfair Bias,Identifying the risks of bias and correcting them effectively,n/a
CNIL FW,CNIL FW,GOV,52,"If a bias has been identified, what steps have been taken to reduce it?",12,Avoidance of Unfair Bias,Identifying the risks of bias and correcting them effectively,n/a
CNIL FW,CNIL FW,GOV,53,"What type of algorithm is used and how does it work (supervised, unsupervised, continuous or federated learning, learning by reinforcement, etc.)?",22,System Design and Development,Designing and developing a reliable algorithm,yes
CNIL FW,CNIL FW,GOV,54,Why was this algorithm chosen?,20,Organisational context and Strategy,Designing and developing a reliable algorithm,yes
CNIL FW,CNIL FW,GOV,55,"How was it implemented (source of the code, libraries used, etc.)?",22,System Design and Development,Designing and developing a reliable algorithm,yes
CNIL FW,CNIL FW,GOV,56,Has the algorithm used been tested by independent third parties?,22,System Design and Development,Designing and developing a reliable algorithm,yes
CNIL FW,CNIL FW,GOV,57,Has a literature review been carried out?,22,System Design and Development,Designing and developing a reliable algorithm,yes
CNIL FW,CNIL FW,GOV,58,Has a comparison with similar systems been made?,22,System Design and Development,Designing and developing a reliable algorithm,yes
CNIL FW,CNIL FW,GOV,59,Which criteria were used?,22,System Design and Development,Designing and developing a reliable algorithm,yes
CNIL FW,CNIL FW,GOV,60,Are third-party tools used?,27,Third-party risks,Designing and developing a reliable algorithm,yes
CNIL FW,CNIL FW,GOV,61,Are they considered reliable and proven?,6,"Reliability, Fall-back and Reproducibillity",Designing and developing a reliable algorithm,n/a
CNIL FW,CNIL FW,GOV,62,Has a search for possible flaws in the tool documentation and among the developer community raised any points of interest?,23,Performance and Monitoring,Designing and developing a reliable algorithm,yes
CNIL FW,CNIL FW,GOV,63,Is any monitoring scheduled for tool updates?,23,Performance and Monitoring,Designing and developing a reliable algorithm,yes
CNIL FW,CNIL FW,GOV,64,Is the AI algorithm available as open source?,11,Communication,Designing and developing a reliable algorithm,n/a
CNIL FW,CNIL FW,GOV,65,"Have the algorithms been sufficiently tested by third parties? If so, by whom and how?",25,Auditing Context,Designing and developing a reliable algorithm,yes
CNIL FW,CNIL FW,GOV,66,Are the algorithms state of the art?,22,System Design and Development,Designing and developing a reliable algorithm,yes
CNIL FW,CNIL FW,GOV,67,Is community feedback on the algorithms encouraged and taken into account?,14,Stakeholder Participation,Designing and developing a reliable algorithm,n/a
CNIL FW,CNIL FW,GOV,68,Which learning strategies are used?,22,System Design and Development,Applying a meticulous training protocol,yes
CNIL FW,CNIL FW,GOV,69,"What is the distribution between training, test and validation datasets?",8,Data Governance,Applying a meticulous training protocol,n/a
CNIL FW,CNIL FW,GOV,70,Are strategies such as cross-validation used?,8,Data Governance,Applying a meticulous training protocol,n/a
CNIL FW,CNIL FW,GOV,71,Is the quality of the AI system's output considered sufficient?,8,Data Governance,Applying a meticulous training protocol,n/a
CNIL FW,CNIL FW,GOV,72,Which metrics are used?,22,System Design and Development,Applying a meticulous training protocol,yes
CNIL FW,CNIL FW,GOV,73,Do they allow satisfactory measurement of the performance with due regard to the consequences for the data subjects?,8,Data Governance,Applying a meticulous training protocol,n/a
CNIL FW,CNIL FW,GOV,74,Have cases of error been investigated?,8,Data Governance,Applying a meticulous training protocol,n/a
CNIL FW,CNIL FW,GOV,75,Was a correlation sought with any of the variables in the data?,8,Data Governance,Applying a meticulous training protocol,n/a
CNIL FW,CNIL FW,GOV,76,Has a correlation been sought with the value taken by any of the variables in the data (e.g. is the error rate greater for people of a particular gender?) ?,8,Data Governance,Applying a meticulous training protocol,n/a
CNIL FW,CNIL FW,GOV,77,Are boundary situations where system outputs are not sufficiently reliable clearly identified?,23,Performance and Monitoring,Applying a meticulous training protocol,yes
CNIL FW,CNIL FW,GOV,78,"Are safety mechanisms added to handle these situations (by systematically handing control to a human operator, for example)?",4,General Safety,Applying a meticulous training protocol,n/a
CNIL FW,CNIL FW,GOV,79,"Continuous learning scenario: are measures taken upstream to avoid deteriorated performances, model drift or attacks aimed at influencing the results of the algorithm (e.g. online chatbots becoming “racist”)? Which measures?",13,Accesability and Unfair Design,Applying a meticulous training protocol,n/a
CNIL FW,CNIL FW,GOV,80,Has the processing been validated through experimentation?,23,Performance and Monitoring,Checking the quality of the system in a controlled environment,yes
CNIL FW,CNIL FW,GOV,81,"Has the user of the AI system (business team, supplier's customers, etc.) been included in the experimentation process?",20,Organisational context and Strategy,Checking the quality of the system in a controlled environment,yes
CNIL FW,CNIL FW,GOV,82,Has their opinion been taken into account in the design of the tool to best fit their needs and to correct any flaws they may have identified?,20,Organisational context and Strategy,Checking the quality of the system in a controlled environment,yes
CNIL FW,CNIL FW,GOV,83,"Is the context in which the AI system exists (number of variables to be considered, difficulty in assessing the representativeness of the data, etc.) particularly complex?",26,Operational context and risks,Checking the quality of the system in a controlled environment,yes
CNIL FW,CNIL FW,GOV,84,Has the algorithm in question previously been used in a similar context?,22,System Design and Development,Checking the quality of the system in a controlled environment,yes
CNIL FW,CNIL FW,GOV,85,In which environment was the experiment carried out (controlled/uncontrolled? closed/open? on simulated/actual cases of use?)?,22,System Design and Development,Checking the quality of the system in a controlled environment,yes
CNIL FW,CNIL FW,GOV,86,Do the conditions sufficiently represent the actual conditions that will be met during the deployment?,22,System Design and Development,Checking the quality of the system in a controlled environment,yes
CNIL FW,CNIL FW,GOV,87,"Have appropriate precautions been taken, such as systematic control by a human operator which could then be reduced in the production phase?",2,Human Oversight,Checking the quality of the system in a controlled environment,n/a
CNIL FW,CNIL FW,GOV,88,Are the metrics used to validate the experiment appropriate and sufficient?,22,System Design and Development,Checking the quality of the system in a controlled environment,yes
CNIL FW,CNIL FW,GOV,89,Has an exhaustive and objective assessment of the experiment been carried out?,22,System Design and Development,Checking the quality of the system in a controlled environment,yes
CNIL FW,CNIL FW,GOV,90,Is supervision by a human operator planned?,1,Human agency and Autonomy,Allowing humans to retain control,n/a
CNIL FW,CNIL FW,GOV,91,Have mechanisms been anticipated for the operator to manually modify a decision made by the AI system (e.g.: modify the profile given to the user of a video sharing platform) or to stop its operation (e.g.: cut off access to an online chatbot whose automatic learning is believed to have led to a system drift)? Which mechanisms?,2,Human Oversight,Allowing humans to retain control,n/a
CNIL FW,CNIL FW,GOV,92,What type of intervention is planned?,2,Human Oversight,Allowing humans to retain control,n/a
CNIL FW,CNIL FW,GOV,93,Human-in-the-loop (human intervention capacity in each decision-making cycle of the system),2,Human Oversight,Allowing humans to retain control,n/a
CNIL FW,CNIL FW,GOV,94,Human-on-the-loop (human intervention capability during the system design cycle and monitoring of system operation),2,Human Oversight,Allowing humans to retain control,n/a
CNIL FW,CNIL FW,GOV,95,Human-in-command (ability to supervise the overall activity of the AI system and decide when and how to use the AI system in a given situation),2,Human Oversight,Allowing humans to retain control,n/a
CNIL FW,CNIL FW,GOV,96,Are these mechanisms subject to clearly formulated protocols known to everyone?,11,Communication,Allowing humans to retain control,n/a
CNIL FW,CNIL FW,GOV,97,Are they integrated naturally in the processing?,22,System Design and Development,Allowing humans to retain control,yes
CNIL FW,CNIL FW,GOV,98,Have the necessary human and material resources been planned?,22,System Design and Development,Allowing humans to retain control,yes
CNIL FW,CNIL FW,GOV,99,Are the individuals responsible for this task clearly identified?,9,Traceability,Allowing humans to retain control,n/a
CNIL FW,CNIL FW,GOV,100,Are they easily able to exercise control over the AI system?,2,Human Oversight,Allowing humans to retain control,n/a
CNIL FW,CNIL FW,GOV,101,Have they received sufficient training?,24,Training and Awareness,Allowing humans to retain control,yes
CNIL FW,CNIL FW,GOV,102,Is the information provided to them during supervision sufficient?,24,Training and Awareness,Allowing humans to retain control,yes
CNIL FW,CNIL FW,GOV,103,Have the tools for operator control been sufficiently tested?,24,Training and Awareness,Allowing humans to retain control,yes
CNIL FW,CNIL FW,GOV,104,Has the identification of cases where human intervention is necessary been put in place (e.g. through the calculation of a confidence indicator)?,2,Human Oversight,Allowing humans to retain control,n/a
CNIL FW,CNIL FW,GOV,105,How has the risk of automation bias (the tendency of an operator to place too much trust in an automated process) been taken into account?,12,Avoidance of Unfair Bias,Allowing humans to retain control,n/a
CNIL FW,CNIL FW,GOV,106,Have mechanisms been implemented to compensate for this bias?Which mechanisms?,12,Avoidance of Unfair Bias,Allowing humans to retain control,n/a
CNIL FW,CNIL FW,GOV,107,"Are the elements (data used for inference, confidence indicators, system version, etc.) used for decision-making by the AI system logged?",9,Traceability,Implementing transparency to ensure trust,n/a
CNIL FW,CNIL FW,GOV,108,"Can the logged elements be used to explain, retrospectively, a particular decision made by the AI system?",6,"Reliability, Fall-back and Reproducibillity",Implementing transparency to ensure trust,n/a
CNIL FW,CNIL FW,GOV,109,Is this information kept for a justified period of time?,6,"Reliability, Fall-back and Reproducibillity",Implementing transparency to ensure trust,n/a
CNIL FW,CNIL FW,GOV,110,Is it limited strictly to the categories necessary to explain the decision?,6,"Reliability, Fall-back and Reproducibillity",Implementing transparency to ensure trust,n/a
CNIL FW,CNIL FW,GOV,111,Are the operations led by the AI system explained to individuals required to interact with it?,11,Communication,Implementing transparency to ensure trust,n/a
CNIL FW,CNIL FW,GOV,112,"Is the explanation made sufficiently clear and understandable, for example by using specific scenarios and explaining the limitations, assumptions and extreme cases of the system? (e.g. an industrial robot assisting a human in their task will be able to drill but not screw)",11,Communication,Implementing transparency to ensure trust,n/a
CNIL FW,CNIL FW,GOV,113,Are technical and methodological tools used to enable explainability of the system?,10,Explainability,Implementing transparency to ensure trust,n/a
CNIL FW,CNIL FW,GOV,114,Is the code open source?,11,Communication,Implementing transparency to ensure trust,n/a
CNIL FW,CNIL FW,GOV,115,"Is there an automatic analysis of the logs to alert the user and/or the individual in the event of failure, abnormal operation or an attack?",9,Traceability,Ensuring the quality of processing,n/a
CNIL FW,CNIL FW,GOV,116,Is quality control and matching of the data collected in the real environment with the training and validation data maintained while using the AI system?,8,Data Governance,Ensuring the quality of processing,n/a
CNIL FW,CNIL FW,GOV,117,Is the quality of the output of the AI system monitored during the life cycle of the AI system?,5,Accuracy,Ensuring the quality of processing,n/a
CNIL FW,CNIL FW,GOV,118,"In the case of continuous learning, is the quality of the data used for training monitored throughout the life cycle of the system?",8,Data Governance,Specific risks,n/a
CNIL FW,CNIL FW,GOV,119,"In the case of federated learning, are measures taken to compensate for the fact that the data is not independent and distributed identically? (e.g. federated learning of a speech recognition model on voice assistants)",22,System Design and Development,Specific risks,yes
CNIL FW,CNIL FW,GOV,120,"If an AI system is used to collect personal data through data mining, is there a check to ensure that only the data of the subjects concerned is collected?",6,"Reliability, Fall-back and Reproducibillity",Specific risks,n/a
CNIL FW,CNIL FW,GOV,121,"Is there a check to ensure the integrity and veracity of the data (e.g. by checking the authenticity of the sources, and the quality of the data retrieval)?",8,Data Governance,Specific risks,n/a
CNIL FW,CNIL FW,GOV,122,"In the case of a content recommendation algorithm, could the suggestions influence a person's opinions (political, for example)?",26,Operational context and risks,Specific risks,yes
CNIL FW,CNIL FW,GOV,123,Could they go against the interest of certain persons (legal or natural)?,21,Compliance and Legal,Specific risks,yes
CNIL FW,CNIL FW,GOV,124,Has a risk analysis been carried out?,19,Risk Management,Identifying and protecting against attack patterns,n/a
CNIL FW,CNIL FW,GOV,125,Does it take into account the specific attack patterns of AI algorithms?,19,Risk Management,Identifying and protecting against attack patterns,n/a
CNIL FW,CNIL FW,GOV,126,Are the attack patterns for the AI methods used known to the provider and the user? Is there a study of the scientific literature and a monitoring system?,23,Performance and Monitoring,Identifying and protecting against attack patterns,yes
CNIL FW,CNIL FW,GOV,127,"Have measures been taken to protect against attacks by data poisoning, adversarial attacks, model evasion or membership inference? Which measures?",3,Resilience to Attack and Security,Identifying and protecting against attack patterns,n/a
CNIL FW,CNIL FW,GOV,128,"Is an action logging system in place? Does it cover software or hardware changes to the AI system, requests to the AI system, and system input and output data?",8,Data Governance,Logging to improve supervision,n/a
CNIL FW,CNIL FW,GOV,129,Is there automatic analysis of the logs?,6,"Reliability, Fall-back and Reproducibillity",Logging to improve supervision,n/a
CNIL FW,CNIL FW,GOV,130,Would it allow the identification of attempted attacks such as membership inference or model poisoning (especially in the case of continuous learning)?,6,"Reliability, Fall-back and Reproducibillity",Logging to improve supervision,n/a
CNIL FW,CNIL FW,GOV,131,"Are there other measures in place to control the quality of the system's output downstream, and can they protect against attacks?",3,Resilience to Attack and Security,Logging to improve supervision,n/a
CNIL FW,CNIL FW,GOV,132,Is there a specific protocol for changes to the AI system? What is the protocol?,22,System Design and Development,Controlling access,yes
CNIL FW,CNIL FW,GOV,133,Are different levels of clearance planned in order to control changes to the system and limit access?,22,System Design and Development,Controlling access,yes
CNIL FW,CNIL FW,GOV,134,Are the code changes versioned?,9,Traceability,Controlling access,n/a
CNIL FW,CNIL FW,GOV,135,"Has a continuous integration and distribution process, usually referred to as the CI/CD pipeline, been implemented?",22,System Design and Development,Controlling access,yes
CNIL FW,CNIL FW,GOV,136,Are tests used to check that changes made do not lead to a regression in system performance or security?,3,Resilience to Attack and Security,Controlling access,n/a
CNIL FW,CNIL FW,GOV,137,Are they performed in an automated and binding manner?  Are they comprehensive?,22,System Design and Development,Controlling access,yes
CNIL FW,CNIL FW,GOV,138,Do they allow a quick return to the last functional version?,22,System Design and Development,Controlling access,yes
CNIL FW,CNIL FW,GOV,139,What security measures have been taken?,3,Resilience to Attack and Security,Securing all stages of the processing,n/a
CNIL FW,CNIL FW,GOV,140,Is there redundancy in order to guarantee system availability?,22,System Design and Development,Securing all stages of the processing,yes
CNIL FW,CNIL FW,GOV,141,Could a secondary server perform processing if the main system were rendered non-operational?,22,System Design and Development,Securing all stages of the processing,yes
CNIL FW,CNIL FW,GOV,142,"Has an audit (internal or external) been carried out? If so, by which organisation?",18,Auditability,Securing all stages of the processing,n/a
CNIL FW,CNIL FW,GOV,143,Which techniques and methodologies have been used to test the processing?,18,Auditability,Securing all stages of the processing,n/a
CNIL FW,CNIL FW,GOV,144,"If the model has been trained using personal data, has a study of the risks of re-identification/membership inference been carried out on the aggregates resulting from the learning?",7,Privacy,Examining the nature of the models,n/a
CNIL FW,CNIL FW,GOV,145,Which methods are used to limit these risks?,19,Risk Management,Examining the nature of the models,n/a
CNIL FW,CNIL FW,GOV,146,Are the parameters of the model then considered personal?,19,Risk Management,Examining the nature of the models,n/a
CNIL FW,CNIL FW,GOV,147,Is the level of security applied to the parameters of the model appropriate and sufficient with regard to the security obligation imposed by the GDPR?,3,Resilience to Attack and Security,Examining the nature of the models,n/a
CNIL FW,CNIL FW,GOV,148,"Once the training is complete, do the algorithm parameters contain samples of the training data (as in the case of some clustering algorithms which identify, record and then build on certain key data from the training set)?",8,Data Governance,Examining the nature of the models,n/a
CNIL FW,CNIL FW,GOV,149,"In this case, are the parameters of the algorithm subject to the security measures applicable to personal data?",3,Resilience to Attack and Security,Examining the nature of the models,n/a
CNIL FW,CNIL FW,GOV,150,"Have the consequences of the processing on the fundamental rights of individuals (rights to freedom of expression, freedom of thought, conscience and religion, freedom of movement, respect for private and family life, etc.) been taken into account?",17,Impact on Society at large or Democracy,Measuring the impact of processing on the fundamental rights of individuals,n/a
CNIL FW,CNIL FW,GOV,151,"Have the consequences for groups of individuals based on gender, origin, political or religious opinions, for society and democracy in general, been considered?",17,Impact on Society at large or Democracy,Measuring the impact of processing on the fundamental rights of individuals,n/a
CNIL FW,CNIL FW,GOV,152,"Has a formal framework been used to carry out this impact assessment (DPIA, other analysis grid)?",19,Risk Management,Measuring the impact of processing on the fundamental rights of individuals,n/a
CNIL FW,CNIL FW,GOV,153,Have individuals been informed about the processing in a clear and concise manner?,11,Communication,Informing individuals so they can regain control,n/a
CNIL FW,CNIL FW,GOV,154,How are they informed?,11,Communication,Informing individuals so they can regain control,n/a
CNIL FW,CNIL FW,GOV,155,Is the information easily accessible?,11,Communication,Informing individuals so they can regain control,n/a
CNIL FW,CNIL FW,GOV,156,"Are individuals informed about the data collection, whether collected directly from them or otherwise?",11,Communication,Informing individuals so they can regain control,n/a
CNIL FW,CNIL FW,GOV,157,Are individuals aware that they are interacting with a machine?,11,Communication,Informing individuals so they can regain control,n/a
CNIL FW,CNIL FW,GOV,158,"In cases where users interact with a machine (bot) or automatically generated content (e.g. deepfake), is this clearly indicated to the user?",11,Communication,Informing individuals so they can regain control,n/a
CNIL FW,CNIL FW,GOV,159,"Is the information provided specifically, or through the usage context?",11,Communication,Informing individuals so they can regain control,n/a
CNIL FW,CNIL FW,GOV,160,"If the data controller is a French administration, is the informing of individuals regarding algorithmic processing to which they may be subject provided for in accordance with the Code of Relations between the Public and the Administration and the Law for a Digital Republic?",21,Compliance and Legal,Informing individuals so they can regain control,yes
CNIL FW,CNIL FW,GOV,161,"If the data controller is an administration, is the source code of the algorithm made public a priori?",11,Communication,Informing individuals so they can regain control,n/a
CNIL FW,CNIL FW,GOV,162,"If not, will it be sent to those who request it?",11,Communication,Informing individuals so they can regain control,n/a
CNIL FW,CNIL FW,GOV,163,Has the impact on individuals' mental health and behaviour been studied?,26,Operational context and risks,Informing individuals so they can regain control,yes
CNIL FW,CNIL FW,GOV,164,Is the use of methods to influence individuals' choices taken into account?,26,Operational context and risks,Informing individuals so they can regain control,yes
CNIL FW,CNIL FW,GOV,165,"Could the system lead to an exacerbated use of a product, similar to an addiction?",26,Operational context and risks,Informing individuals so they can regain control,yes
CNIL FW,CNIL FW,GOV,166,Could it facilitate harassment?,26,Operational context and risks,Informing individuals so they can regain control,yes
CNIL FW,CNIL FW,GOV,167,Which measures enable individuals to exercise their rights?,26,Operational context and risks,Providing a framework conducive to the exercising of data protection rights,yes
CNIL FW,CNIL FW,GOV,168,Are they informed of how these rights can be exercised and with whom?,26,Operational context and risks,Providing a framework conducive to the exercising of data protection rights,yes
CNIL FW,CNIL FW,GOV,169,Can the right to object to the processing of one's data be easily exercised by the individual for both the training and production phases? Can individuals exercise this right at any time (before and after the data is collected)?,8,Data Governance,Providing a framework conducive to the exercising of data protection rights,n/a
CNIL FW,CNIL FW,GOV,170,Can the right to erasure and the right of access be easily exercised by the individual?,21,Compliance and Legal,Providing a framework conducive to the exercising of data protection rights,yes
CNIL FW,CNIL FW,GOV,171,"In particular, if the AI model has a risk of re-identification or membership inference, causing the parameters of the model to be classified as personal data, how can these rights be exercised by the individual?",7,Privacy,Providing a framework conducive to the exercising of data protection rights,n/a
CNIL FW,CNIL FW,GOV,172,"If the AI model’s parameters contain certain key data points from the training set, can these rights be exercised by the individual on the parameters? What measures will be taken in that case?",26,Operational context and risks,Providing a framework conducive to the exercising of data protection rights,yes
CNIL FW,CNIL FW,GOV,173,Can the right to restriction of processing and the right to rectification be easily exercised by the individual?,21,Compliance and Legal,Providing a framework conducive to the exercising of data protection rights,yes
CNIL FW,CNIL FW,GOV,174,"In particular, will it be possible to verify the integrity of the individual's data through logging?",8,Data Governance,Providing a framework conducive to the exercising of data protection rights,n/a
CNIL FW,CNIL FW,GOV,175,"If the AI system is used to profile individuals, is the profile predicted by the system used by way of indication during processing, or is it an outcome in itself? If the profile is an outcome in itself, can the right to rectification be easily exercised?",7,Privacy,Providing a framework conducive to the exercising of data protection rights,n/a
CNIL FW,CNIL FW,GOV,176,"Does the system lead to a decision based exclusively on automated processing, by design or in practice, and producing legal effects concerning or similarly significantly affecting an individual?",21,Compliance and Legal,Supervising automated decisions,yes
CNIL FW,CNIL FW,GOV,177,"Although some systems do not appear to have an effect on individuals, could there be consequences in practice (e.g. a CV sorting algorithm for recruitment that orders some CVs at the end of a queue too long for a human to be able to check the relevance of the decision made by the algorithm)?",26,Operational context and risks,Supervising automated decisions,yes
CNIL FW,CNIL FW,GOV,178,What is the legal base for making automated decisions?,21,Compliance and Legal,Supervising automated decisions,yes
CNIL FW,CNIL FW,GOV,179,"Can individuals easily object to a decision based exclusively on automated processing? If so, how?",26,Operational context and risks,Supervising automated decisions,yes
CNIL FW,CNIL FW,GOV,180,Do individuals who choose not to use the AI system under Article 22 have the same benefits and opportunities as those using the system?,13,Accesability and Unfair Design,Supervising automated decisions,n/a
CNIL FW,CNIL FW,GOV,181,"Does the AI system comply with certain standards (IEEE, ISO, etc.)?",19,Risk Management,"Respecting standards, certifications and codes of conduct as proof of compliance",n/a
CNIL FW,CNIL FW,GOV,182,"Has the AI system been certified by a third-party organisation (French National Laboratory of Metrology and Testing (LNE), research bureau, etc.) or by an authority (e.g. French National Authority for Health (HAS), French National Agency for the Safety of Medicines and Health Products (ANSM), French Financial Markets Authority (AMF), etc.)?",18,Auditability,"Respecting standards, certifications and codes of conduct as proof of compliance",n/a
CNIL FW,CNIL FW,GOV,183,Does the AI system comply with certain codes of conduct or best practices?,19,Risk Management,"Respecting standards, certifications and codes of conduct as proof of compliance",n/a
CNIL FW,CNIL FW,GOV,184,Has a data protection impact assessment (DPIA) been carried out?,19,Risk Management,Conducting and assessing a DPIA,n/a
CNIL FW,CNIL FW,GOV,185,Has a tool been used to assess the impact of the AI system?,17,Impact on Society at large or Democracy,Conducting and assessing a DPIA,n/a
CNIL FW,CNIL FW,GOV,186,"Is there documentation on how the training and production data used is collected and managed, on the algorithm, the quality of the system’s outputs, the tools used, the logging and the security measures?",9,Traceability,Documenting for reliability,n/a
CNIL FW,CNIL FW,GOV,187,"Is this documentation shared with all those who need to know about it to ensure effective analysis and control of the risks (users of the AI system, ethics committee, quality and risk management department, data subjects, etc.)?",9,Traceability,Documenting for reliability,n/a
CNIL FW,CNIL FW,GOV,188,Has an open source approach been adopted in order to involve a community of third parties in the design and improvement of the system?,27,Third-party risks,Documenting for reliability,yes
BSI FW,BSI FW,GOV,1,"PC-01 General Cloud Computing Compliance: Ensures compliance with general cloud computing standards, such as the Cloud Computing Compliance Criteria Catalogue (C5).",21,Compliance and Legal,Preliminary Criteria (PC),yes
BSI FW,BSI FW,GOV,2,"PC-02 Documentation: Requires structured documentation of system robustness, covering development, deployment, operation, maintenance, roles, responsibilities, and version control.",3,Resilience to Attack and Security,Preliminary Criteria (PC),n/a
BSI FW,BSI FW,GOV,3,SR-01 Continuous Assessment of Security Threats and Countermeasures: Requires ongoing monitoring and regular updates on security threats specific to AI systems.,3,Resilience to Attack and Security,Security & Robustness (SR),n/a
BSI FW,BSI FW,GOV,4,"SR-02 Risk Exposure Assessment: Risk assessments are based on identified threat scenarios, including adversary knowledge and potential threats.",19,Risk Management,Security & Robustness (SR),n/a
BSI FW,BSI FW,GOV,5,"SR-03 Regular Risk Exposure Assessment: Mandates periodic reviews of risk exposure, especially when system updates or new threats emerge.",19,Risk Management,Security & Robustness (SR),n/a
BSI FW,BSI FW,GOV,6,SR-04 Testing Learning Pipeline Robustness: Simulates attacks like data poisoning to evaluate the vulnerability of the learning pipeline.,3,Resilience to Attack and Security,Security & Robustness (SR),n/a
BSI FW,BSI FW,GOV,7,SR-05 Testing of Model Robustness: Involves testing AI models with adversarial attacks to ensure robustness.,3,Resilience to Attack and Security,Security & Robustness (SR),n/a
BSI FW,BSI FW,GOV,8,SR-06 Implementation of Countermeasures: Ensures that identified countermeasures are implemented and tested.,3,Resilience to Attack and Security,Security & Robustness (SR),n/a
BSI FW,BSI FW,GOV,9,SR-07 Residual Risk Mitigation: Focuses on addressing residual risks that remain after implementing countermeasures.,19,Risk Management,Security & Robustness (SR),n/a
BSI FW,BSI FW,GOV,10,"PF-01 Definition of Performance Requirements: Specifies performance metrics, sensitivity analysis, and benchmarks to evaluate AI service quality.",5,Accuracy,Performance & Functionality (PF),n/a
BSI FW,BSI FW,GOV,11,PF-02 Monitoring of Performance: Requires ongoing monitoring of AI service performance using key performance indicators (KPIs).,23,Performance and Monitoring,Performance & Functionality (PF),yes
BSI FW,BSI FW,GOV,12,"PF-03 Fulfillment of Contractual Agreement of Performance Requirements: Ensures transparency if AI services do not meet performance requirements, with service providers required to notify clients.",21,Compliance and Legal,Performance & Functionality (PF),yes
BSI FW,BSI FW,GOV,13,PF-04 Model Selection and Suitability: Ensures that the chosen AI models are appropriate for their tasks and context.,22,System Design and Development,Performance & Functionality (PF),yes
BSI FW,BSI FW,GOV,14,"PF-05 Model Training and Validation: Requires rigorous training, testing, and validation of AI models to avoid overfitting, underfitting, or bias.",12,Avoidance of Unfair Bias,Performance & Functionality (PF),n/a
BSI FW,BSI FW,GOV,15,"RE-01 Logging and Monitoring: Requires comprehensive logging of AI service operations, including handling of disasters and backup management.",23,Performance and Monitoring,Reliability (RE),yes
BSI FW,BSI FW,GOV,16,"RE-02 Incident Handling: Specifies how incidents, particularly those affecting security and performance, should be reported and addressed.",5,Accuracy,Reliability (RE),n/a
BSI FW,BSI FW,GOV,17,DQ-01 Ensuring Data Quality: Ensures that data used for AI model training and operations comes from verified and trustworthy sources.,8,Data Governance,Data Quality (DQ),n/a
BSI FW,BSI FW,GOV,18,"DQ-02 Handling of Data Sources: Defines procedures for managing, processing, and maintaining high-quality data sources.",8,Data Governance,Data Quality (DQ),n/a
BSI FW,BSI FW,GOV,19,"DM-01 Framework for Data Handling: Establishes standards for handling, access control, and managing data throughout the AI service lifecycle.",8,Data Governance,Data Management (DM),n/a
BSI FW,BSI FW,GOV,20,DM-02 Data Access and Integrity: Ensures that data integrity is maintained and unauthorized access is prevented.,8,Data Governance,Data Management (DM),n/a
BSI FW,BSI FW,GOV,21,"EX-01 Understanding AI Decisions: Mandates that AI model decisions be explainable, especially when used in critical applications like healthcare, finance, or law enforcement.",10,Explainability,Explainability (EX),n/a
BSI FW,BSI FW,GOV,22,BI-01 Assessment of Bias: Regular evaluations to identify and address potential biases in AI models and training data.,12,Avoidance of Unfair Bias,Bias (BI),n/a
BSI FW,BSI FW,GOV,23,"BI-02 Monitoring of Bias: Ongoing monitoring of AI bias, with acceptable limits defined and reported.",12,Avoidance of Unfair Bias,Bias (BI),n/a
BSI FW,BSI FW,GOV,24,"IA-01 Regular Audits: Requires regular, independent third-party audits to verify compliance with the AIC4 framework. These audits should evaluate compliance with all listed criteria, including security, bias, performance, and data management.",18,Auditability,Independent Audits,n/a
BSI FW,BSI FW,GOV,25,"IA-02 Auditor Responsibilities: Independent auditors must have relevant expertise and access to all necessary documentation, logs, and processes to perform a comprehensive audit of the AI service.",18,Auditability,Independent Audits,n/a
BSI FW,BSI FW,GOV,26,"IA-03 Scope of Audits: Audits must cover all areas of compliance, including the entire AI lifecycle from model development to deployment and ongoing operations.",18,Auditability,Independent Audits,n/a
BSI FW,BSI FW,GOV,27,"IA-04 Incident Reporting and Audit Trails: Requires detailed documentation of any significant incidents, including logs and responses, to ensure transparency in the audit process.",9,Traceability,Independent Audits,n/a
BSI FW,BSI FW,GOV,28,"IA-05 Security Audits: Focus on security vulnerabilities, risk mitigation strategies, and the application of countermeasures.",3,Resilience to Attack and Security,Independent Audits,n/a
BSI FW,BSI FW,GOV,29,"IA-06 Transparency in Audits: Providers must maintain detailed logs and audit trails, documenting every stage of the AI lifecycle. This allows auditors to trace all decisions, actions, and changes made during AI service operations.",9,Traceability,Independent Audits,n/a
BSI FW,BSI FW,GOV,30,"IA-07 Handling of Non-Compliance: If any non-compliance issues are identified during the audit, service providers must implement corrective measures and undergo follow-up audits to ensure compliance is restored.",25,Auditing Context,Independent Audits,yes
BSI FW,BSI FW,GOV,31,"AT-01 Comprehensive Logging: AI cloud providers are required to maintain comprehensive logging of all actions, changes, and decisions during AI system operations.",9,Traceability,Audit Logs and Trails,n/a
BSI FW,BSI FW,GOV,32,"AT-02 Audit Trail Verification: Auditors are responsible for verifying that these logs and trails are complete, accurate, and consistent with AIC4 guidelines.",9,Traceability,Audit Logs and Trails,n/a
BSI FW,BSI FW,GOV,33,"AF-01 Regular Audit Frequency: Independent audits must occur at regular intervals, typically annually or more frequently if significant updates or incidents occur within the AI system.",18,Auditability,Audit Frequency and Continuous Monitoring,n/a
BSI FW,BSI FW,GOV,34,"AF-02 Continuous Monitoring: In addition to scheduled audits, continuous monitoring tools must be implemented to detect and flag potential non-compliance issues or security threats.",18,Auditability,Audit Frequency and Continuous Monitoring,n/a
BSI FW,BSI FW,GOV,35,"PA-01 Compliance Reports: After each audit, a comprehensive compliance report must be generated, highlighting areas of compliance, non-compliance, and required corrective actions.",25,Auditing Context,Post-Audit and Compliance Verification,yes
BSI FW,BSI FW,GOV,36,"PA-02 Follow-Up Audits: If non-compliance is found, follow-up audits should be scheduled to verify that corrective measures have been effectively implemented.",25,Auditing Context,Post-Audit and Compliance Verification,yes
INDIA fw,INDIA fw,GOV,1,Have you assessed the potential ‘degree of harm’ from the AI system being deployed in the short term and the long term?,4,General Safety,,n/a
INDIA fw,INDIA fw,GOV,2,Is there an appropriate grievance redressal mechanism for stakeholders who may be impacted by the AI system?,6,"Reliability, Fall-back and Reproducibillity",,n/a
INDIA fw,INDIA fw,GOV,3,Have you engaged with the stakeholders to understand the degree of explainability that may be required for individual decisions?,14,Stakeholder Participation,,n/a
INDIA fw,INDIA fw,GOV,4,Have you identified mechanism to handle errors in decision by the AI system?,6,"Reliability, Fall-back and Reproducibillity",,n/a
INDIA fw,INDIA fw,GOV,5,Can the terms of use allow for public auditing to understand behaviour and identify risks without causing unintended consequences,18,Auditability,,n/a
INDIA fw,INDIA fw,GOV,6,"Has goals with respect to Equality, Non-Discrimination and Inclusion been defined?",12,Avoidance of Unfair Bias,,n/a
INDIA fw,INDIA fw,GOV,7,Ensuring various laws regarding data collection are adhered,8,Data Governance,,n/a
INDIA fw,INDIA fw,GOV,8,Have appropriate measures been taken to protect privacy,7,Privacy,,n/a
INDIA fw,INDIA fw,GOV,9,Have measures been taken to ensure the dataset is a fair reflection of realworld use cases and frequencies?,12,Avoidance of Unfair Bias,,n/a
INDIA fw,INDIA fw,GOV,10,"Have various biasinducing factors during labelling, such as human variability, accessibility, memory and inherent bias been accounted for?",12,Avoidance of Unfair Bias,,n/a
INDIA fw,INDIA fw,GOV,11,Does the model selection satisfy explainability requirements of the system?,10,Explainability,,n/a
INDIA fw,INDIA fw,GOV,12,Does the model parameters reflect non-discrimination and inclusion goals set for the use case?,12,Avoidance of Unfair Bias,,n/a
INDIA fw,INDIA fw,GOV,13,Have security considerations been taken into account during training?,3,Resilience to Attack and Security,,n/a
INDIA fw,INDIA fw,GOV,14,Is the system adequately evaluated for bias?,12,Avoidance of Unfair Bias,,n/a
INDIA fw,INDIA fw,GOV,15,Has the performance been reviewed by the ethical committee and the system considered safe for deployment?,2,Human Oversight,,n/a
INDIA fw,INDIA fw,GOV,16,"Is the system being evaluated on ongoing basis and tested for performance, accuracy, unintended consequences, fairness?",5,Accuracy,,n/a
ACCENTURE FW,ACCENTURE FW,IND,1,Review your existing business values and evaluate how Responsible AI fits into your overall mission.,20,Organisational context and Strategy,Principles + Governance,yes
ACCENTURE FW,ACCENTURE FW,IND,2,Review your existing governance model to understand if or how Responsible AI is supported.,20,Organisational context and Strategy,Principles + Governance,yes
ACCENTURE FW,ACCENTURE FW,IND,3,"Define and communicate your Responsible AI mission and principles, as well as key objectives and KPIs, across your organization.",20,Organisational context and Strategy,Principles + Governance,yes
ACCENTURE FW,ACCENTURE FW,IND,4,Establish an AI-specific governance framework that includes roles/responsibilities for senior to key functions.,20,Organisational context and Strategy,Principles + Governance,yes
ACCENTURE FW,ACCENTURE FW,IND,5,Define your operating model by adding a cross-functional steering committee and creating practice areas.,20,Organisational context and Strategy,Principles + Governance,yes
ACCENTURE FW,ACCENTURE FW,IND,6,"Institutionalize the code of ethics committee to assess compliance, review policy relevance, and resolve escalations.",20,Organisational context and Strategy,Principles + Governance,yes
ACCENTURE FW,ACCENTURE FW,IND,7,"Use C-Suite to drive broad Responsible AI awareness across the organization, positioning Responsible AI as critical to your business operations.",20,Organisational context and Strategy,Principles + Governance,yes
ACCENTURE FW,ACCENTURE FW,IND,8,Appoint champions from key areas who will spearhead new ways to ensure that Responsible AI accelerates adoption.,20,Organisational context and Strategy,Principles + Governance,yes
ACCENTURE FW,ACCENTURE FW,IND,9,Extend your Responsible AI principles and governance model across your complete ecosystem to manage compliance and potential downstream risk.,19,Risk Management,Principles + Governance,n/a
ACCENTURE FW,ACCENTURE FW,IND,10,Govern the value chain by anchoring your governance model to ensure data and AI principles remain aligned with business objectives and evaluate optimization opportunities.,20,Organisational context and Strategy,Principles + Governance,yes
ACCENTURE FW,ACCENTURE FW,IND,11,"Review your existing risk management model and conduct a gap analysis of AI risk processes against all potential AI risks (data protection, human rights, ethical accuracy, legal, etc.)",19,Risk Management,"Risk, Policy and Control",n/a
ACCENTURE FW,ACCENTURE FW,IND,12,"Document your Responsible AI risk management framework to ensure it is risk-based, adaptive, and leverages existing model risk processes where possible.",19,Risk Management,"Risk, Policy and Control",n/a
ACCENTURE FW,ACCENTURE FW,IND,13,Define the model risk lifecycle and formalize steps to manage all AI lifecycle stages from development to deployment.,19,Risk Management,"Risk, Policy and Control",n/a
ACCENTURE FW,ACCENTURE FW,IND,14,Set up escalation layers for issues that may arise during AI development and model management.,19,Risk Management,"Risk, Policy and Control",n/a
ACCENTURE FW,ACCENTURE FW,IND,15,"Operationalize the updated Risk Management framework across the enterprise, leveraging your champions to make responsible data and AI governance accessible.",19,Risk Management,"Risk, Policy and Control",n/a
ACCENTURE FW,ACCENTURE FW,IND,16,Integrate new KPIs across the organization that measure data and AI effectiveness.,20,Organisational context and Strategy,"Risk, Policy and Control",yes
ACCENTURE FW,ACCENTURE FW,IND,17,"Continuously monitor, manage and mitigate risk through (semi-) automated checks and escalations.",19,Risk Management,"Risk, Policy and Control",n/a
ACCENTURE FW,ACCENTURE FW,IND,18,"Conduct audits regularly to assess model risk effectiveness, taking feedback from internal and external sources to align with your AI maturity.",19,Risk Management,"Risk, Policy and Control",n/a
ACCENTURE FW,ACCENTURE FW,IND,19,"Review existing tools and techniques that support responsible data and AI (i.e., tools that monitor bias, fairness, explainability).",8,Data Governance,Technology + Enablers,n/a
ACCENTURE FW,ACCENTURE FW,IND,20,Review the model development and AI lifecycle management process to understand how AI tools/systems are developed and maintained.,7,Privacy,Technology + Enablers,n/a
ACCENTURE FW,ACCENTURE FW,IND,21,Document any known gaps in your existing products and processes.,7,Privacy,Technology + Enablers,n/a
ACCENTURE FW,ACCENTURE FW,IND,22,"Define measurable performance metrics and establish techniques for continuous monitoring, control, and re-assessment of data and AI systems.",6,"Reliability, Fall-back and Reproducibillity",Technology + Enablers,n/a
ACCENTURE FW,ACCENTURE FW,IND,23,Establish and communicate clear gates and thresholds for assessing and managing every stage of the AI development lifecycle.,11,Communication,Technology + Enablers,n/a
ACCENTURE FW,ACCENTURE FW,IND,24,"Integrate mitigation techniques and semi-automated processes across the AI lifecycle and data management processes, ensuring there are clear stage gates and multi-disciplinary reviews.",23,Performance and Monitoring,Technology + Enablers,yes
ACCENTURE FW,ACCENTURE FW,IND,25,Integrate risk scoring models and semi-automated processes to detect and manage AI risks across each component of the AI lifecycle.,19,Risk Management,Technology + Enablers,n/a
ACCENTURE FW,ACCENTURE FW,IND,26,"Continuously optimize your AI tools and enablers using new capabilities such as synthetic data, privacy and compliance tooling, as well as re-engineered risk scoring models and explainability tools.",23,Performance and Monitoring,Technology + Enablers,yes
ACCENTURE FW,ACCENTURE FW,IND,27,Ensure updates are incorporated into existing AI development processes to respond to new AI regulatory changes.,23,Performance and Monitoring,Technology + Enablers,yes
ACCENTURE FW,ACCENTURE FW,IND,28,Review your workforce’s existing Responsible AI skills and roles against your business needs.,24,Training and Awareness,Training + Culture,yes
ACCENTURE FW,ACCENTURE FW,IND,29,Consider where roles need to be augmented or added to support the responsible development and use of AI at scale.,24,Training and Awareness,Training + Culture,yes
ACCENTURE FW,ACCENTURE FW,IND,30,"Specify new roles, skills, and learning agendas required to support Responsible AI across the organization.",24,Training and Awareness,Training + Culture,yes
ACCENTURE FW,ACCENTURE FW,IND,31,"Establish minimum required competency levels for employees, which may vary by function.",24,Training and Awareness,Training + Culture,yes
ACCENTURE FW,ACCENTURE FW,IND,32,Embed new Responsible AI-specific roles and reskilling programs across the organization.,24,Training and Awareness,Training + Culture,yes
ACCENTURE FW,ACCENTURE FW,IND,33,Make Responsible AI a part of career paths and review training programs to ensure the workforce has the required knowledge and skills.,24,Training and Awareness,Training + Culture,yes
ACCENTURE FW,ACCENTURE FW,IND,34,Track AI training metrics to assess efficacy for building AI roles and skills at scale.,24,Training and Awareness,Training + Culture,yes
ACCENTURE FW,ACCENTURE FW,IND,35,"Establish a system for continuous review of roles, skills, and training to match advances in AI/dedicated Responsible AI programs.",24,Training and Awareness,Training + Culture,yes
ACCENTURE FW,ACCENTURE FW,IND,36,Continuously evolve and integrate Responsible AI capabilities to measure and address adherence to your organization’s code of conduct.,20,Organisational context and Strategy,Training + Culture,yes
FMEA,FMEA,ACA,1,"Scope Definition: Identify the AI system or process to be analyzed. Define boundaries and determine the level of detail required (e.g., component level, system level).",20,Organisational context and Strategy,Preparation,yes
FMEA,FMEA,ACA,2,"Team Formation: Assemble a cross-functional team with expertise in AI development, deployment, and domain-specific knowledge.",25,Auditing Context,Preparation,yes
FMEA,FMEA,ACA,3,"Document Review: Gather relevant documents, such as design specifications, system architecture, and previous testing results.",9,Traceability,Preparation,n/a
FMEA,FMEA,ACA,4,"Identify Functions: Break down the system into smaller components or functions (e.g., data ingestion, model inference, output generation).",25,Auditing Context,Function Analysis:,yes
FMEA,FMEA,ACA,5,"List Expected Operations: For each function, outline how it’s supposed to operate within the AI system.",9,Traceability,Function Analysis:,n/a
FMEA,FMEA,ACA,6,"List Possible Failures: Document potential failure modes for each function or component, including hardware, software, and data-related failures (e.g., model drift, data corruption).",6,"Reliability, Fall-back and Reproducibillity",Identify Failure Modes:,n/a
FMEA,FMEA,ACA,7,"Consider Environmental and Operational Conditions: Take into account different conditions under which failures might occur, such as hardware malfunctions or abnormal data inputs.",6,"Reliability, Fall-back and Reproducibillity",Identify Failure Modes:,n/a
FMEA,FMEA,ACA,8,"Describe Potential Consequences: For each failure mode, describe its impact on system performance, user safety, data security, or regulatory compliance.",8,Data Governance,Analyze Effects of Failures:,n/a
FMEA,FMEA,ACA,9,"User and Environmental Impact: Note specific risks to users or the environment, such as safety hazards or incorrect predictions in a healthcare AI model.",15,Environmental Well-Being,Analyze Effects of Failures:,n/a
FMEA,FMEA,ACA,10,Severity (S): Rate the seriousness of the effect on a scale from 1 to 10 (where 10 is catastrophic).,19,Risk Management,"Determine Severity (S), Occurrence (O), and Detection (D):",n/a
FMEA,FMEA,ACA,11,"Occurrence (O): Estimate the likelihood of each failure mode occurring, based on testing data, known failure rates, or expert judgment.",3,Resilience to Attack and Security,"Determine Severity (S), Occurrence (O), and Detection (D):",n/a
FMEA,FMEA,ACA,12,Detection (D): Assess the likelihood of detecting the failure before it reaches the end-user. Lower values mean a higher likelihood of detection.,3,Resilience to Attack and Security,"Determine Severity (S), Occurrence (O), and Detection (D):",n/a
FMEA,FMEA,ACA,13,RPN = S × O × D: Multiply the three values to get the RPN for each failure mode.,25,Auditing Context,Calculate Risk Priority Number (RPN):,yes
FMEA,FMEA,ACA,14,Prioritize Failures: Rank failure modes based on their RPN scores to determine which require the most urgent attention.,25,Auditing Context,Calculate Risk Priority Number (RPN):,yes
FMEA,FMEA,ACA,15,"Identify Mitigations: For high-priority failure modes, develop specific actions to reduce the likelihood, severity, or improve detection of each failure.",19,Risk Management,Develop Mitigation Strategies:,n/a
FMEA,FMEA,ACA,16,"Preventive Actions: Propose preventive actions, such as data validation, more rigorous model training, redundant systems, or fail-safe mechanisms.",3,Resilience to Attack and Security,Develop Mitigation Strategies:,n/a
FMEA,FMEA,ACA,17,"Detection Improvement: Establish detection mechanisms like monitoring systems, alerts, and validation checks.",6,"Reliability, Fall-back and Reproducibillity",Develop Mitigation Strategies:,n/a
FMEA,FMEA,ACA,18,Integration: Apply the mitigations to the system and integrate them into the development or deployment pipeline.,25,Auditing Context,Implement and Monitor Mitigations:,yes
FMEA,FMEA,ACA,19,Monitor: Continuously track the system's performance to ensure that mitigations are effective over time.,6,"Reliability, Fall-back and Reproducibillity",Implement and Monitor Mitigations:,n/a
FMEA,FMEA,ACA,20,Reassess Periodically: Periodically re-evaluate the FMEA as the system or environment changes,19,Risk Management,Implement and Monitor Mitigations:,n/a
STPA,STPA,ACA,1,"Identify Hazards: List potential hazards that could occur as a result of the AI system's decisions or actions, particularly those impacting users or the environment.",4,General Safety,Define System-Level Hazards and Safety Constraints:,n/a
STPA,STPA,ACA,2,"Define Safety Constraints: Establish system-wide constraints to prevent these hazards (e.g., “The AI should not initiate actions that endanger human operators.”).",4,General Safety,Define System-Level Hazards and Safety Constraints:,n/a
STPA,STPA,ACA,3,"Define High-Level Loss Scenarios: Describe potential outcomes if a hazard materializes (e.g., ""Misclassification of medical images could lead to incorrect treatments"").",12,Avoidance of Unfair Bias,Define System-Level Hazards and Safety Constraints:,n/a
STPA,STPA,ACA,4,"Control Structure Diagram: Map out the control structure of the system, showing relationships between various controllers (e.g., sensors, algorithms, human operators).",25,Auditing Context,Model Control Structure and Identify Unsafe Control Actions (UCAs):,yes
STPA,STPA,ACA,5,Identify Control Actions: List control actions that can be issued by the AI system or related controllers.,20,Organisational context and Strategy,Model Control Structure and Identify Unsafe Control Actions (UCAs):,yes
STPA,STPA,ACA,6,"Identify Unsafe Control Actions (UCAs): For each control action, define situations where it could be hazardous (e.g., an automated braking system might trigger in safe conditions, leading to a rear-end collision).",4,General Safety,Model Control Structure and Identify Unsafe Control Actions (UCAs):,n/a
STPA,STPA,ACA,7,"Develop Scenarios for UCAs: Describe scenarios in which UCAs might occur due to specific failures, such as data inaccuracies, communication delays, or model bias.",12,Avoidance of Unfair Bias,Determine Causal Factors for Unsafe Control Actions (UCAs):,n/a
STPA,STPA,ACA,8,"Identify Causal Factors: Examine the control process to determine factors that could lead to UCAs, such as missing data, timing errors, or inadequate feedback.",6,"Reliability, Fall-back and Reproducibillity",Determine Causal Factors for Unsafe Control Actions (UCAs):,n/a
STPA,STPA,ACA,9,Consider Human and Environmental Interactions: Identify potential causal factors introduced by humans interacting with the system or by changes in the environment.,15,Environmental Well-Being,Determine Causal Factors for Unsafe Control Actions (UCAs):,n/a
STPA,STPA,ACA,10,"Develop Loss Scenarios for UCAs: Describe how each UCA could lead to a loss. For example, if an AI-powered drone’s navigation system fails, it could crash, resulting in a safety hazard.",4,General Safety,Define Loss Scenarios and System-Wide Constraints:,n/a
STPA,STPA,ACA,11,"System-Wide Constraints: Set constraints that should be applied to all components to prevent UCAs from leading to hazards (e.g., “AI system must halt operations if sensor data is missing or corrupted”).",4,General Safety,Define Loss Scenarios and System-Wide Constraints:,n/a
STPA,STPA,ACA,12,"Design Controls: Define controls that can prevent or mitigate the occurrence of UCAs, such as feedback loops, fail-safe mechanisms, or redundancy.",4,General Safety,Develop Mitigation and Control Mechanisms:,n/a
STPA,STPA,ACA,13,"Operational Controls: Establish operational constraints, such as limiting the AI’s autonomy in specific high-risk situations.",19,Risk Management,Develop Mitigation and Control Mechanisms:,n/a
STPA,STPA,ACA,14,Testing Mechanisms: Define specific tests to verify that control mechanisms work under various conditions and identify unsafe behaviors.,4,General Safety,Develop Mitigation and Control Mechanisms:,n/a
STPA,STPA,ACA,15,Implement Controls: Integrate safety controls into the AI system and surrounding infrastructure.,4,General Safety,Implement and Monitor Control Mechanisms:,n/a
STPA,STPA,ACA,16,Monitor Effectiveness: Continuously monitor the AI’s operation to detect any deviations from safe performance.,4,General Safety,Implement and Monitor Control Mechanisms:,n/a
STPA,STPA,ACA,17,"Review and Update: Regularly review the control mechanisms, especially after updates to the AI system, and update as necessary to maintain safety.",4,General Safety,Implement and Monitor Control Mechanisms:,n/a
STPA,STPA,ACA,18,"Feedback Loops: Use feedback from incidents, near-misses, and system performance data to continually improve safety.",4,General Safety,Iterate and Improve:,n/a
STPA,STPA,ACA,19,"Periodic Reassessment: Perform STPA periodically, especially after system upgrades or changes in the environment, to reassess hazards and refine safety controls.",4,General Safety,Iterate and Improve:,n/a
BSA AI FW,BSA AI FW,IND,1,Document the intent and purpose of the system.,20,Organisational context and Strategy,PROJECT CONCEPTION,yes
BSA AI FW,BSA AI FW,IND,2,Clearly define the model’s intended effects.,20,Organisational context and Strategy,PROJECT CONCEPTION,yes
BSA AI FW,BSA AI FW,IND,3,Clearly define intended use cases and context in which the system will be deployed.,20,Organisational context and Strategy,PROJECT CONCEPTION,yes
BSA AI FW,BSA AI FW,IND,4,Identify “fairness” metrics that will be used as a baseline for assessing bias in the AI system.,9,Traceability,PROJECT CONCEPTION,n/a
BSA AI FW,BSA AI FW,IND,5,Identify stakeholder groups that may be impacted by the system.,14,Stakeholder Participation,PROJECT CONCEPTION,n/a
BSA AI FW,BSA AI FW,IND,6,"For each stakeholder group, document the potential benefits and potential adverse impacts, considering both the intended uses and reasonably foreseeable misuses of the system",14,Stakeholder Participation,PROJECT CONCEPTION,n/a
BSA AI FW,BSA AI FW,IND,7,Assess whether the nature of the system makes it prone to potential bias-related harms based on user demographics.,12,Avoidance of Unfair Bias,PROJECT CONCEPTION,n/a
BSA AI FW,BSA AI FW,IND,8,"If risk of bias is present, document efforts to mitigate risks.",12,Avoidance of Unfair Bias,PROJECT CONCEPTION,n/a
BSA AI FW,BSA AI FW,IND,9,Document how identified risks and potential harms of each risk will be measured and how the effectiveness of mitigation strategies will be evaluated.,19,Risk Management,PROJECT CONCEPTION,n/a
BSA AI FW,BSA AI FW,IND,10,"If risk of bias is present, document efforts to mitigate risks",9,Traceability,PROJECT CONCEPTION,n/a
BSA AI FW,BSA AI FW,IND,11,"If risks are unmitigated, document why the risk was deemed acceptable.",19,Risk Management,PROJECT CONCEPTION,n/a
BSA AI FW,BSA AI FW,IND,12,Seek feedback from a diverse set of stakeholders to inform the impact assessment.,14,Stakeholder Participation,PROJECT CONCEPTION,n/a
BSA AI FW,BSA AI FW,IND,13,Share impact assessment documentation with personnel working on later stages of the AI pipeline so that risks and potential unintended impacts can be monitored throughout the development process.,9,Traceability,PROJECT CONCEPTION,n/a
BSA AI FW,BSA AI FW,IND,14,Ensure that senior leadership has been adquately briefed on potential high risk AI systems.,19,Risk Management,PROJECT CONCEPTION,n/a
BSA AI FW,BSA AI FW,IND,15,"Maintain sufficient records to enable “recreation” of the data used to train the AI model, verify that its results are reproducible, and monitor for material updates to data sources.",9,Traceability,DATA ACQUISITION,n/a
BSA AI FW,BSA AI FW,IND,16,Scrutinize data for historical biases.,8,Data Governance,DATA ACQUISITION,n/a
BSA AI FW,BSA AI FW,IND,17,Evaluate “representativeness” of the data,8,Data Governance,DATA ACQUISITION,n/a
BSA AI FW,BSA AI FW,IND,18,Scrutinize data labeling methodology.,8,Data Governance,DATA ACQUISITION,n/a
BSA AI FW,BSA AI FW,IND,19,"To facilitate robust interrogation of the datasets, data review teams should include personnel that are diverse in terms of their subject matter expertise and lived experiences.",24,Training and Awareness,DATA ACQUISITION,yes
BSA AI FW,BSA AI FW,IND,20,Consider re-balancing with additional data.,8,Data Governance,DATA ACQUISITION,n/a
BSA AI FW,BSA AI FW,IND,21,Consider re-balancing with synthetic data.,8,Data Governance,DATA ACQUISITION,n/a
BSA AI FW,BSA AI FW,IND,22,Establish objective and scalable labeling guidelines.,9,Traceability,DATA ACQUISITION,n/a
BSA AI FW,BSA AI FW,IND,23,Integrate data labeling processes into a comprehensive data strategy.,8,Data Governance,DATA ACQUISITION,n/a
BSA AI FW,BSA AI FW,IND,24,Document rationale for choices made during the feature selection and engineering processes and evaluate their impact on model performance.,9,Traceability,DATA PREPARATION AND MODEL DEFINITION,n/a
BSA AI FW,BSA AI FW,IND,25,Document potential correlation between selected features and sensitive demographic attributes.,9,Traceability,DATA PREPARATION AND MODEL DEFINITION,n/a
BSA AI FW,BSA AI FW,IND,26,Examine for biased proxy features,12,Avoidance of Unfair Bias,DATA PREPARATION AND MODEL DEFINITION,n/a
BSA AI FW,BSA AI FW,IND,27,Scrutinize features that correlate to sensitive attributes.,8,Data Governance,DATA PREPARATION AND MODEL DEFINITION,n/a
BSA AI FW,BSA AI FW,IND,28,Seek feedback from diverse stakeholders with domain-specific expertise.,14,Stakeholder Participation,DATA PREPARATION AND MODEL DEFINITION,n/a
BSA AI FW,BSA AI FW,IND,29,Avoid inscrutable models in circumstances where both the risk and potential impact of bias are high.,12,Avoidance of Unfair Bias,DATA PREPARATION AND MODEL DEFINITION,n/a
BSA AI FW,BSA AI FW,IND,30,Document how the system (and individual components) will be validated to evaluate whether it is performing consistent with the design objectives and intended deployment scenarios.,9,Traceability,"VALIDATING, TESTING, AND REVISING THE MODEL",n/a
BSA AI FW,BSA AI FW,IND,31,Document re-validation processes.,9,Traceability,"VALIDATING, TESTING, AND REVISING THE MODEL",n/a
BSA AI FW,BSA AI FW,IND,32,Test the system for bias by evaluating and documenting model performance.,3,Resilience to Attack and Security,"VALIDATING, TESTING, AND REVISING THE MODEL",n/a
BSA AI FW,BSA AI FW,IND,33,"Document how testing was performed, which fairness metrics were evaluated, and why those measures were selected.",9,Traceability,"VALIDATING, TESTING, AND REVISING THE MODEL",n/a
BSA AI FW,BSA AI FW,IND,34,Document model interventions,9,Traceability,"VALIDATING, TESTING, AND REVISING THE MODEL",n/a
BSA AI FW,BSA AI FW,IND,35,Evaluate potential model refinements to address bias surfaced during testing.,12,Avoidance of Unfair Bias,"VALIDATING, TESTING, AND REVISING THE MODEL",n/a
BSA AI FW,BSA AI FW,IND,36,Validation and testing documentation should be reviewed by personnel who were not involved in the system’s development.,23,Performance and Monitoring,"VALIDATING, TESTING, AND REVISING THE MODEL",yes
BSA AI FW,BSA AI FW,IND,37,"Define and document who is responsible for the system’s outputs and the outcomes they may lead to, including details about how a system’s decisions can be reviewed if necessary.",9,Traceability,PREPARING FOR DEPLOYMENT AND USE,n/a
BSA AI FW,BSA AI FW,IND,38,Establish management plans for responding to potential incidents or reports of system errors.,19,Risk Management,PREPARING FOR DEPLOYMENT AND USE,n/a
BSA AI FW,BSA AI FW,IND,39,"Document what processes and metrics will be used to evaluate whether production data (i.e., input data the system encounters during deployment) differs materially from training data.",8,Data Governance,PREPARING FOR DEPLOYMENT AND USE,n/a
BSA AI FW,BSA AI FW,IND,40,"For static models, document how performance levels and classes of error will be monitored over time and benchmarks that will trigger review.",0,UNMAPPED,PREPARING FOR DEPLOYMENT AND USE,not_found
BSA AI FW,BSA AI FW,IND,41,"For models that are intended to evolve over time, document how changes will be inventoried; if, when, and how versions will be captured and managed; and how performance levels will be monitored (e.g., cadence of scheduled reviews, performance indicators that may trigger out-of-cycle review).",9,Traceability,PREPARING FOR DEPLOYMENT AND USE,n/a
BSA AI FW,BSA AI FW,IND,42,Document the cadence at which impact assessment evaluations will be audited to evaluate whether risk mitigation controls remain fit for purpose.,19,Risk Management,PREPARING FOR DEPLOYMENT AND USE,n/a
BSA AI FW,BSA AI FW,IND,43,Document expected timeline that system support will be provided and processes for decommissioning system in event that it falls below reasonable performance thresholds.,5,Accuracy,PREPARING FOR DEPLOYMENT AND USE,n/a
BSA AI FW,BSA AI FW,IND,44,"Input data encountered during deployment can be evaluated against a statistical representation of the system’s training data to evaluate the potential for data drift (i.e., material differences between the training data and deployment data that can degrade model performance).",5,Accuracy,PREPARING FOR DEPLOYMENT AND USE,n/a
BSA AI FW,BSA AI FW,IND,45,"Integrate product and user interface features to mitigate risk of foreseeable unintended uses—e.g., interface that enforces human-in-the-loop requirements, alerts to notify when a system is being misused.",2,Human Oversight,PREPARING FOR DEPLOYMENT AND USE,n/a
BSA AI FW,BSA AI FW,IND,46,"AI Developers should provide sufficient documentation regarding system capabilities, specifications, limitations, and intended uses to enable AI Deployers to perform independent impact assessment concerning deployment risks.",19,Risk Management,PREPARING FOR DEPLOYMENT AND USE,n/a
BSA AI FW,BSA AI FW,IND,47,"Consider incorporating terms into the End-User License Agreement that set forth limitations designed to prevent foreseeable misuses (e.g., contractual obligations to ensure end-user will comply with acceptable use policy).",21,Compliance and Legal,PREPARING FOR DEPLOYMENT AND USE,yes
BSA AI FW,BSA AI FW,IND,48,Sales and marketing materials should be closely reviewed to ensure that they are consistent with the system’s actual capabilities.,20,Organisational context and Strategy,PREPARING FOR DEPLOYMENT AND USE,yes
BSA AI FW,BSA AI FW,IND,49,"AI Deployers should provide training for AI Users regarding a system’s capabilities and limitations, and how outputs should be evaluated and integrated into a workflow.",24,Training and Awareness,PREPARING FOR DEPLOYMENT AND USE,yes
BSA AI FW,BSA AI FW,IND,50,"AI Deployers should maintain a feedback mechanism to enable AI Users and Affected Individuals (i.e., members of the public that may interact with the system) to report concerns about the operation of a system.",11,Communication,PREPARING FOR DEPLOYMENT AND USE,n/a
IBM AI,IBM AI,IND,1,Make use of the metrics in order to asses the bias with individual levels,12,Avoidance of Unfair Bias,AI Fairness 360 (AIF360),n/a
IBM AI,IBM AI,IND,2,Make use of the metrics in order to asses the bias with group levels,12,Avoidance of Unfair Bias,AI Fairness 360 (AIF360),n/a
IBM AI,IBM AI,IND,3,Apply pre-processing algorithms to address detected biases.,12,Avoidance of Unfair Bias,AI Fairness 360 (AIF360),n/a
IBM AI,IBM AI,IND,4,Apply in-processing algorithms to address detected biases.,12,Avoidance of Unfair Bias,AI Fairness 360 (AIF360),n/a
IBM AI,IBM AI,IND,5,Apply post-processing algorithms to address detected biases.,12,Avoidance of Unfair Bias,AI Fairness 360 (AIF360),n/a
IBM AI,IBM AI,IND,6,make use of Resources to help choose the appropriate metrics and algorithms based on context.,22,System Design and Development,AI Fairness 360 (AIF360),yes
IBM AI,IBM AI,IND,7,Explainability Techniques: Includes local (instance-level) and global (model-level) interpretability methods.,10,Explainability,AI Explainability 360 (AIX360),n/a
IBM AI,IBM AI,IND,8,User and Stakeholder Alignment: Customizable explanations based on the audience’s technical understanding.,14,Stakeholder Participation,AI Explainability 360 (AIX360),n/a
IBM AI,IBM AI,IND,9,"Algorithm Selection: Tools for different models (e.g., black-box or interpretable models).",0,UNMAPPED,AI Explainability 360 (AIX360),not_found
IBM AI,IBM AI,IND,10,Threat Detection: Identifies and assesses potential vulnerabilities.,3,Resilience to Attack and Security,Adversarial Robustness Toolbox (ART),n/a
IBM AI,IBM AI,IND,11,Defense Mechanisms: Provides adversarial training and anomaly detection.,3,Resilience to Attack and Security,Adversarial Robustness Toolbox (ART),n/a
IBM AI,IBM AI,IND,12,Resilience Testing: Simulates attacks and measures defense effectiveness.,3,Resilience to Attack and Security,Adversarial Robustness Toolbox (ART),n/a
IBM AI,IBM AI,IND,13,"Documentation Standards: Outlines model purpose, development, performance metrics, and fairness.",9,Traceability,AI FactSheets 360,n/a
IBM AI,IBM AI,IND,14,Transparency and Accountability: Recordkeeping throughout model lifecycle stages.,7,Privacy,AI FactSheets 361,n/a
IBM AI,IBM AI,IND,15,Compliance and Monitoring: Ensures ongoing adherence to governance requirements.,18,Auditability,AI FactSheets 362,n/a
EY Standard,EY Standard,IND,1,1. Does the enterprise have an overview of and information about the technology and its risk sources?,19,Risk Management,,n/a
EY Standard,EY Standard,IND,2,2. Does the enterprise have the right expertise to develop or use the technology?,24,Training and Awareness,,yes
EY Standard,EY Standard,IND,3,"3. Has the enterprise organised itself appropriately to take into account the development, use and impact that affects the enterprise as a result of AI?",19,Risk Management,,n/a
EY Standard,EY Standard,IND,4,"4. What strategy does the enterprise have for utilising AI, and how does this relate to the strategy for the business as a whole?",20,Organisational context and Strategy,,yes
EY Standard,EY Standard,IND,5,5. Are responsibilities/roles for ensuring an overview of the development and use of AI distributed throughout the organisation?,22,System Design and Development,,yes
EY Standard,EY Standard,IND,6,6. Does the use of AI affect the enterprise's market position?,20,Organisational context and Strategy,,yes
EY Standard,EY Standard,IND,7,7. What is the purpose of using AI; Streamlining internally or increasing sales to customers?,20,Organisational context and Strategy,,yes
EY Standard,EY Standard,IND,8,8. Do the assumed benefits of the use/development of AI outweigh the potential risks and any risk-reducing measures that must/should be implemented?,19,Risk Management,,n/a
EY Standard,EY Standard,IND,9,9. Which AI model should be used as a basis for the enterprise's use or further development?,22,System Design and Development,,yes
EY Standard,EY Standard,IND,10,"10. Should an open or closed source model be used, and what factors must be taken into account in light of this choice?",22,System Design and Development,,yes
EY Standard,EY Standard,IND,11,11. How should the enterprise distinguish between internal and third-party models to control uncertainty?,23,Performance and Monitoring,,yes
EY Standard,EY Standard,IND,12,"12. What regulations/requirements apply to the enterprise's use or development of AI, taking into account industry, type of business, products/services and use of data?",18,Auditability,,n/a
EY Standard,EY Standard,IND,13,"13. How is the enterprise's use/development of AI classified under the AI Act, and what requirements apply to the services used/developed?",18,Auditability,,n/a
EY Standard,EY Standard,IND,14,14. Has the enterprise reflected on the security implications of the use of AI?,3,Resilience to Attack and Security,,n/a
EY Standard,EY Standard,IND,15,15. Has the enterprise considered where data is stored and retrieved from?,8,Data Governance,,n/a
EY Standard,EY Standard,IND,16,"16. Is any personal data going to processed in the training or use of the AI system, and has a DPIA46 been conducted?",8,Data Governance,,n/a
EY Standard,EY Standard,IND,17,17. What opportunities does a threat actor have access to their AI tools?,3,Resilience to Attack and Security,,n/a
EY Standard,EY Standard,IND,18,"18. Who has, and can have, access to the information the AI models process?",9,Traceability,,n/a
EY Standard,EY Standard,IND,19,19. What control mechanisms are in place to uncover errors/abuse/inadequate/illegal/discriminatory use of AI?,12,Avoidance of Unfair Bias,,n/a
EY Standard,EY Standard,IND,20,20. What processes are in place to take into account ongoing risks in the development or use of AI (governance) and is this adapted to actual use/development?,19,Risk Management,,n/a
EY Standard,EY Standard,IND,21,(i) What measures have been implemented to limit risk? How to ensure continuous improvement in line with use and technological development to uncover shortcomings or weaknesses in the measures?,19,Risk Management,,n/a
EY Standard,EY Standard,IND,22,(ii) Will AI be able to create a dependency relationship with a single AI provider that affects the business and its long-term supplier risk? What happens in the event of downtime on the AI solution/model?,19,Risk Management,,n/a
EY Standard,EY Standard,IND,23,21. Who ensures appropriate training and understanding among the users?,13,Accesability and Unfair Design,,n/a
EY Standard,EY Standard,IND,24,22. Can we create a culture of ethical prompting/use of AI to limit potential risks of discrimination?,12,Avoidance of Unfair Bias,,n/a
EY Standard,EY Standard,IND,25,"23. Have we taken into account users in the enterprise who have disabilities and how this group can take part in  the benefits of using AI, and if so, whether adaptations are necessary?",13,Accesability and Unfair Design,,n/a
EY Standard,EY Standard,IND,26,24. Will the use of AI have a negative impact on the environment/climate goals set by the enterprise?,15,Environmental Well-Being,,n/a
EY Standard,EY Standard,IND,27,25. Are there country-specific / culture-specific conditions that should be taken into account when using AI?,26,Operational context and risks,,yes
PAI FW,PAI FW,IND,1,"OS1 - Generate significant benefits: AI systems that offer widely shared, tangible benefits across populations.",17,Impact on Society at large or Democracy,1. Signals of Opportunity for Shared Prosperity,n/a
PAI FW,PAI FW,IND,2,"OS2 - Boost worker productivity: Enhances productivity without increasing strain, especially beneficial for lower-wage jobs.",16,Impact on Work and Skills,1. Signals of Opportunity for Shared Prosperity,n/a
PAI FW,PAI FW,IND,3,OS3 - Create new paid tasks: AI technologies that foster new formal employment or compensate unpaid tasks.,16,Impact on Work and Skills,1. Signals of Opportunity for Shared Prosperity,n/a
PAI FW,PAI FW,IND,4,OS4 - Support an egalitarian labor market: AI that avoids concentrating benefits to a small number of highly skilled workers.,16,Impact on Work and Skills,1. Signals of Opportunity for Shared Prosperity,n/a
PAI FW,PAI FW,IND,5,OS5 - Geographical applicability: Technologies that consider resource availability in lower-income geographies.,13,Accesability and Unfair Design,1. Signals of Opportunity for Shared Prosperity,n/a
PAI FW,PAI FW,IND,6,OS6 - Broaden labor market access: Promotes AI’s role in job inclusion for marginalized groups.,16,Impact on Work and Skills,1. Signals of Opportunity for Shared Prosperity,n/a
PAI FW,PAI FW,IND,7,OS7 - Boost workers’ revenue share: AI’s revenue benefits shared with labor through increased wages or profit-sharing.,16,Impact on Work and Skills,1. Signals of Opportunity for Shared Prosperity,n/a
PAI FW,PAI FW,IND,8,"OS8 - Respond to worker needs: AI tools based on needs expressed by impacted workers, enhancing their effectiveness.",16,Impact on Work and Skills,1. Signals of Opportunity for Shared Prosperity,n/a
PAI FW,PAI FW,IND,9,OS9 - Co-development with workers: Direct worker involvement at all stages of AI development.,16,Impact on Work and Skills,1. Signals of Opportunity for Shared Prosperity,n/a
PAI FW,PAI FW,IND,10,OS10 - Improve job quality: AI designed to improve job satisfaction or other work-related qualities.,16,Impact on Work and Skills,1. Signals of Opportunity for Shared Prosperity,n/a
PAI FW,PAI FW,IND,11,RS1 - Elimination of core tasks: When AI reduces essential job tasks without sufficient new employment opportunities.,16,Impact on Work and Skills,2. Signals of Risk to Shared Prosperity,n/a
PAI FW,PAI FW,IND,12,RS2 - Task reallocation to lower-paid jobs: Tasks shifted to precarious or lower-wage positions.,16,Impact on Work and Skills,2. Signals of Risk to Shared Prosperity,n/a
PAI FW,PAI FW,IND,13,"RS3 - Skill-based reallocation: Tasks moved to higher or lower-skilled jobs, potentially reducing skill requirements.",16,Impact on Work and Skills,2. Signals of Risk to Shared Prosperity,n/a
PAI FW,PAI FW,IND,14,RS4 - Geographical job shift: Jobs moved away from regions with limited alternatives.,16,Impact on Work and Skills,2. Signals of Risk to Shared Prosperity,n/a
PAI FW,PAI FW,IND,15,"RS5 - Market concentration: Increased barriers to entry, reducing competition and potentially harming worker wages.",13,Accesability and Unfair Design,2. Signals of Risk to Shared Prosperity,n/a
PAI FW,PAI FW,IND,16,RS6 - Poorly treated outsourced labor: Reliance on low-paid labor without fair compensation.,16,Impact on Work and Skills,2. Signals of Risk to Shared Prosperity,n/a
PAI FW,PAI FW,IND,17,RS7 - Use of unauthorized data: AI using data collected without proper consent.,8,Data Governance,2. Signals of Risk to Shared Prosperity,n/a
PAI FW,PAI FW,IND,18,"RS8 - Wage prediction exploitation: AI predicts lowest wage workers would accept, undermining wage growth.",16,Impact on Work and Skills,2. Signals of Risk to Shared Prosperity,n/a
PAI FW,PAI FW,IND,19,RS9 - Accelerated task requirements: Increased task completion speed without additional support.,16,Impact on Work and Skills,2. Signals of Risk to Shared Prosperity,n/a
PAI FW,PAI FW,IND,20,"RS10 - Reduced schedule predictability: AI reducing advanced notice for schedule changes, impacting worker stability.",16,Impact on Work and Skills,2. Signals of Risk to Shared Prosperity,n/a
PAI FW,PAI FW,IND,21,"RS11 - Reduced break time: AI infringing on break times, impacting worker health and productivity.",16,Impact on Work and Skills,2. Signals of Risk to Shared Prosperity,n/a
PAI FW,PAI FW,IND,22,RS12 - Increased task difficulty: AI increases the overall challenge level of remaining tasks.,16,Impact on Work and Skills,2. Signals of Risk to Shared Prosperity,n/a
PAI FW,PAI FW,IND,23,"RS13 - Detailed worker monitoring: AI used for intensive surveillance, affecting privacy and job satisfaction.",7,Privacy,2. Signals of Risk to Shared Prosperity,n/a
PAI FW,PAI FW,IND,24,RS14 - Reduced autonomy: Decreases workers' control or decision-making in their tasks.,1,Human agency and Autonomy,2. Signals of Risk to Shared Prosperity,n/a
PAI FW,PAI FW,IND,25,"RS15 - Loss of mentorship opportunities: AI automating entry-level tasks, reducing on-the-job learning.",16,Impact on Work and Skills,2. Signals of Risk to Shared Prosperity,n/a
PAI FW,PAI FW,IND,26,"RS16 - Reduced worker satisfaction: Negative effects on motivation, job satisfaction, or engagement.",16,Impact on Work and Skills,2. Signals of Risk to Shared Prosperity,n/a
PAI FW,PAI FW,IND,27,"RS17 - Influence on employment/pay decisions: AI directly involved in hiring, pay, or performance decisions.",16,Impact on Work and Skills,2. Signals of Risk to Shared Prosperity,n/a
PAI FW,PAI FW,IND,28,RS18 - Discrimination risks: AI exhibiting bias or discrimination across demographic lines.,12,Avoidance of Unfair Bias,2. Signals of Risk to Shared Prosperity,n/a
PAI FW,PAI FW,IND,29,RPC1 - Public risk commitment: Organizations should acknowledge and disclose risks to labor markets.,16,Impact on Work and Skills,3. Responsible Practices for AI-Creating Organizations,n/a
PAI FW,PAI FW,IND,30,RPC2 - Job Impact Assessments (JIAs): Perform early and continuous JIAs involving affected workers and experts.,16,Impact on Work and Skills,3. Responsible Practices for AI-Creating Organizations,n/a
PAI FW,PAI FW,IND,31,RPC3 - Risk mitigation strategies: Develop strategies in collaboration with workers to address identified risks.,16,Impact on Work and Skills,3. Responsible Practices for AI-Creating Organizations,n/a
PAI FW,PAI FW,IND,32,"RPC4 - Responsible data sourcing: Ensure ethical practices in data enrichment labor, including fair compensation.",16,Impact on Work and Skills,3. Responsible Practices for AI-Creating Organizations,n/a
PAI FW,PAI FW,IND,33,"RPC5 - Worker participation: Encourage worker engagement throughout AI development, leveraging their expertise.",24,Training and Awareness,3. Responsible Practices for AI-Creating Organizations,yes
PAI FW,PAI FW,IND,34,RPU1 - Mitigate AI labor risks: Publicly commit to identifying and minimizing labor-related risks from AI.,16,Impact on Work and Skills,4. Responsible Practices for AI-Using Organizations,n/a
PAI FW,PAI FW,IND,35,RPU2 - Neutrality on worker organization: Maintain impartiality on worker organizing and unionization.,16,Impact on Work and Skills,4. Responsible Practices for AI-Using Organizations,n/a
PAI FW,PAI FW,IND,36,RPU3 - Perform JIAs regularly: Involve workers in assessing AI’s impact at all stages of its lifecycle.,14,Stakeholder Participation,4. Responsible Practices for AI-Using Organizations,n/a
PAI FW,PAI FW,IND,37,RPU4 - Develop mitigation strategies: Involve affected communities in risk mitigation planning.,19,Risk Management,4. Responsible Practices for AI-Using Organizations,n/a
PAI FW,PAI FW,IND,38,RPU5 - Worker agency mechanisms: Provide channels for workers to contribute to AI adoption decisions.,14,Stakeholder Participation,4. Responsible Practices for AI-Using Organizations,n/a
PAI FW,PAI FW,IND,39,RPU6 - High worker protection: Only deploy AI in settings where worker rights and safety are protected.,4,General Safety,4. Responsible Practices for AI-Using Organizations,n/a
PAI FW,PAI FW,IND,40,RPU7 - Ethical data sourcing: Ensure data labor is conducted responsibly.,8,Data Governance,4. Responsible Practices for AI-Using Organizations,n/a
PAI FW,PAI FW,IND,41,RPU8 - Non-discrimination: Implement and verify non-discriminatory AI practices in the workplace.,13,Accesability and Unfair Design,4. Responsible Practices for AI-Using Organizations,n/a
GAO AI FW,GAO AI FW,GOV,1,"Clear Goals: What are the goals for the AI system? Are they specific, measurable, and understood?",23,Performance and Monitoring,Key Audit Questions:,yes
GAO AI FW,GAO AI FW,GOV,2,"Roles & Responsibilities: Are roles for design, deployment, and oversight clearly defined and understood?",9,Traceability,Key Audit Questions:,n/a
GAO AI FW,GAO AI FW,GOV,3,"Values Commitment: How does the organization demonstrate commitment to values (e.g., public trust, ethical AI)?",20,Organisational context and Strategy,Key Audit Questions:,yes
GAO AI FW,GAO AI FW,GOV,4,Stakeholder Involvement: Are diverse perspectives included across the AI lifecycle?,14,Stakeholder Participation,Key Audit Questions:,n/a
GAO AI FW,GAO AI FW,GOV,5,"Risk Management: Is there a systematic AI risk management plan addressing technical, operational, and societal risks?",19,Risk Management,Key Audit Questions:,n/a
GAO AI FW,GAO AI FW,GOV,6,"Review organizational charts, mission statements, strategic and implementation plans.",20,Organisational context and Strategy,Recommended Procedures:,yes
GAO AI FW,GAO AI FW,GOV,7,"Assess alignment of goals, policies, and personnel responsibilities with AI objectives.",20,Organisational context and Strategy,Recommended Procedures:,yes
GAO AI FW,GAO AI FW,GOV,8,"Interview stakeholders to ensure understanding of values, roles, and risk strategies.",14,Stakeholder Participation,Recommended Procedures:,n/a
GAO AI FW,GAO AI FW,GOV,9,Verify that recruitment and training align with the technical and ethical requirements for AI management.,6,"Reliability, Fall-back and Reproducibillity",Recommended Procedures:,n/a
GAO AI FW,GAO AI FW,GOV,10,"Collect risk management and assessment plans to ensure AI systems address compliance, privacy, and data security concerns.",19,Risk Management,Recommended Procedures:,n/a
GAO AI FW,GAO AI FW,GOV,11,Sources: Are data sources documented and verified for accuracy?,5,Accuracy,Key Audit Questions:,n/a
GAO AI FW,GAO AI FW,GOV,12,"Reliability: Is data reliability evaluated, particularly regarding data used for training models?",8,Data Governance,Key Audit Questions:,n/a
GAO AI FW,GAO AI FW,GOV,13,Bias: How does the entity assess and mitigate biases in training and operational data?,12,Avoidance of Unfair Bias,Key Audit Questions:,n/a
GAO AI FW,GAO AI FW,GOV,14,Security & Privacy: What protections are in place for data security and privacy throughout the AI lifecycle?,7,Privacy,Key Audit Questions:,n/a
GAO AI FW,GAO AI FW,GOV,15,"Examine documentation of data sources, origins, and characteristics used in AI systems.",8,Data Governance,Recommended Procedures:,n/a
GAO AI FW,GAO AI FW,GOV,16,"Test for data quality, representativeness, and bias by reviewing datasets, attributes, and categorical selections.",8,Data Governance,Recommended Procedures:,n/a
GAO AI FW,GAO AI FW,GOV,17,Confirm data security and privacy assessments align with relevant regulations.,7,Privacy,Recommended Procedures:,n/a
GAO AI FW,GAO AI FW,GOV,18,"Validate model performance metrics, evaluating consistency, accuracy, and effectiveness across demographics.",5,Accuracy,Recommended Procedures:,n/a
GAO AI FW,GAO AI FW,GOV,19,"Metrics Definition: Are performance metrics well-defined, reproducible, and relevant to objectives?",5,Accuracy,Key Audit Questions:,n/a
GAO AI FW,GAO AI FW,GOV,20,System Outputs: Does the AI system produce outputs suitable for the operational context?,5,Accuracy,Key Audit Questions:,n/a
GAO AI FW,GAO AI FW,GOV,21,Bias & Equity: Are there procedures to detect and mitigate unintended biases in model outcomes?,12,Avoidance of Unfair Bias,Key Audit Questions:,n/a
GAO AI FW,GAO AI FW,GOV,22,Human Oversight: What oversight mechanisms are in place for continuous performance assessment?,2,Human Oversight,Key Audit Questions:,n/a
GAO AI FW,GAO AI FW,GOV,23,"Review documentation of performance metrics, specifications, and model parameters.",23,Performance and Monitoring,Recommended Procedures:,yes
GAO AI FW,GAO AI FW,GOV,24,Test the system outputs against predefined metrics and operational context.,6,"Reliability, Fall-back and Reproducibillity",Recommended Procedures:,n/a
GAO AI FW,GAO AI FW,GOV,25,Interview teams about performance monitoring practices and potential biases.,12,Avoidance of Unfair Bias,Recommended Procedures:,n/a
GAO AI FW,GAO AI FW,GOV,26,"Examine oversight mechanisms like regular performance audits, access to change logs, and model documentation.",18,Auditability,Recommended Procedures:,n/a
GAO AI FW,GAO AI FW,GOV,27,Continuous Monitoring: Is there a monitoring plan in place to detect and address performance drift?,5,Accuracy,Key Audit Questions:,n/a
GAO AI FW,GAO AI FW,GOV,28,Drift & Impact: How is data and model drift assessed to ensure continued relevance?,8,Data Governance,Key Audit Questions:,n/a
GAO AI FW,GAO AI FW,GOV,29,Documentation & Transparency: Are monitoring activities documented and accessible to maintain system transparency?,9,Traceability,Key Audit Questions:,n/a
GAO AI FW,GAO AI FW,GOV,30,Review monitoring plans and documents that outline the scope and methods for continuous AI system evaluation.,23,Performance and Monitoring,Recommended Procedures:,yes
GAO AI FW,GAO AI FW,GOV,31,"Check the documentation of data and model updates, drift monitoring, and corrective actions.",8,Data Governance,Recommended Procedures:,n/a
GAO AI FW,GAO AI FW,GOV,32,Interview operational teams on the effectiveness and procedures for AI system sustainment and expansion.,25,Auditing Context,Recommended Procedures:,yes
DTA FW,DTA FW,GOV,1,Ensure AI enhances productivity and decision-making.,26,Operational context and risks,Principles,yes
DTA FW,DTA FW,GOV,2,Assign clear accountability for AI adoption.,10,Explainability,Principles,n/a
DTA FW,DTA FW,GOV,3,Build long-term AI capabilities.,20,Organisational context and Strategy,Principles,yes
DTA FW,DTA FW,GOV,4,"Accountable Officials: Each agency must assign officials responsible for policy implementation within 90 days. Officials should manage AI-related risks, engage with government forums, and stay updated on evolving requirements.",9,Traceability,Mandatory Requirements,n/a
DTA FW,DTA FW,GOV,5,Risk Notifications: Agencies must inform the Digital Transformation Agency (DTA) of high-risk AI use cases and apply a risk assessment framework (outlined in Attachment B).,19,Risk Management,Mandatory Requirements,n/a
DTA FW,DTA FW,GOV,6,Training: Basic AI training for all staff and specialized training for those involved in AI development and deployment.,24,Training and Awareness,Recommended Actions,yes
DTA FW,DTA FW,GOV,7,Internal AI Registers: Agencies should track AI usage within their departments.,20,Organisational context and Strategy,Recommended Actions,yes
DTA FW,DTA FW,GOV,8,"Integrating AI with Existing Frameworks: Ensure AI aligns with privacy, cybersecurity, and data governance frameworks.",7,Privacy,Recommended Actions,n/a
DTA FW,DTA FW,GOV,9,Protect Australians from harm.,4,General Safety,Principles,n/a
DTA FW,DTA FW,GOV,10,"Ensure ethical, responsible, and transparent AI use.",12,Avoidance of Unfair Bias,Principles,n/a
DTA FW,DTA FW,GOV,11,"AI Transparency Statement: Agencies must publicly release an AI transparency statement within six months of policy implementation, detailing compliance with the policy, monitoring measures, and steps taken to protect the public. This statement must be reviewed annually.",9,Traceability,Mandatory Requirements,n/a
DTA FW,DTA FW,GOV,12,AI Assurance Framework: Agencies are encouraged to participate in the Australian Government’s AI Assurance Framework pilot to ensure policy compliance.,21,Compliance and Legal,Recommended Actions,yes
DTA FW,DTA FW,GOV,13,Generative AI Guidance: Agencies should apply the DTA's guidance on generative AI.,20,Organisational context and Strategy,Recommended Actions,yes
DTA FW,DTA FW,GOV,14,Flexibility and adaptability to accommodate new technologies.,23,Performance and Monitoring,Principles,yes
DTA FW,DTA FW,GOV,15,Continuous evaluation of AI policies and governance.,18,Auditability,Principles,n/a
DTA FW,DTA FW,GOV,16,Embed feedback mechanisms within AI systems.,11,Communication,Principles,n/a
DTA FW,DTA FW,GOV,17,Ongoing Monitoring: Regularly review AI governance to ensure compliance and assess unintended impacts.,19,Risk Management,Recommended Actions,n/a
DTA FW,DTA FW,GOV,18,Whole-of-Government Approach: Engage in government-wide AI capacity building and policy updates.,21,Compliance and Legal,Recommended Actions,yes
Japan fw,Japan fw,GOV,1,"AI must respect human rights, maintain user autonomy, and avoid manipulation.",1,Human agency and Autonomy,Human-Centric AI,n/a
Japan fw,Japan fw,GOV,2,AI should avoid unfair profiling that could infringe on personal rights or autonomy.,12,Avoidance of Unfair Bias,Human-Centric AI,n/a
Japan fw,Japan fw,GOV,3,"Reliability and Robustness: AI systems must be reliable and robust to reduce risks of malfunction, especially in high-stakes applications like healthcare or transportation.",6,"Reliability, Fall-back and Reproducibillity",Safety,n/a
Japan fw,Japan fw,GOV,4,"Proactive Safety Measures: AI development must include safety assurances at every stage, from initial design to post-deployment monitoring.",19,Risk Management,Safety,n/a
Japan fw,Japan fw,GOV,5,"AI systems should undergo rigorous assessments to identify and mitigate biases, ensuring they do not lead to discrimination or unfair outcomes.",12,Avoidance of Unfair Bias,Fairness,n/a
Japan fw,Japan fw,GOV,6,"Diversity in Data: Diverse datasets must be used to mitigate the risk of systemic biases, thus enhancing fairness across AI outcomes.",12,Avoidance of Unfair Bias,Fairness,n/a
Japan fw,Japan fw,GOV,7,"Privacy and data protection laws, including Japan's Act on the Protection of Personal Information (APPI), must be adhered to throughout the AI lifecycle.",7,Privacy,Privacy protection,n/a
Japan fw,Japan fw,GOV,8,Data Anonymization: Personal data should be anonymized or de-identified when used in training datasets to prevent unauthorized identification.,7,Privacy,Privacy protection,n/a
Japan fw,Japan fw,GOV,9,"Robust cybersecurity practices should be adopted to safeguard AI systems from unauthorized access, tampering, and other security risks.",3,Resilience to Attack and Security,Security,n/a
Japan fw,Japan fw,GOV,10,"Incident Response Protocols: Establish and enforce protocols to detect, respond to, and recover from security breaches in AI systems.",3,Resilience to Attack and Security,Security,n/a
Japan fw,Japan fw,GOV,11,"AI systems must be verifiable and auditable, allowing stakeholders to trace their decision-making process.",18,Auditability,Transparency,n/a
Japan fw,Japan fw,GOV,12,"Disclosure: Information on AI capabilities, limitations, and applications should be accessible to users to ensure informed use.",13,Accesability and Unfair Design,Transparency,n/a
Japan fw,Japan fw,GOV,13,"Explainability: Where feasible, provide explanations for AI decisions, especially in cases where they directly impact users' lives.",10,Explainability,Transparency,n/a
Japan fw,Japan fw,GOV,14,"AI developers and providers should maintain records (traceability) of AI training, testing, and deployment processes.",9,Traceability,Accountability,n/a
Japan fw,Japan fw,GOV,15,"Responsibility Assignments: Specific responsibilities for oversight, compliance, and incident management must be allocated within organizations to ensure accountability.",9,Traceability,Accountability,n/a
MSIT fw,MSIT fw,GOV,1,Put in place a systematic process for securing trust for artificial intelligence products and services at each stage of development.,23,Performance and Monitoring,Create an environment to realize a reliable artificial intelligence,yes
MSIT fw,MSIT fw,GOV,2,Support players in the private sector with securing trust for AI,26,Operational context and risks,Create an environment to realize a reliable artificial intelligence,yes
MSIT fw,MSIT fw,GOV,3,Develop source technology for trustworthy AI,22,System Design and Development,Create an environment to realize a reliable artificial intelligence,yes
MSIT fw,MSIT fw,GOV,4,Make AI learning data more trustworthy.,8,Data Governance,Lay the foundation for safe use of artificial intelligence,n/a
MSIT fw,MSIT fw,GOV,5,Promote securing trust for high-risk artificial intelligence,26,Operational context and risks,Lay the foundation for safe use of artificial intelligence,yes
MSIT fw,MSIT fw,GOV,6,Conduct assessment on influence of AI,19,Risk Management,Lay the foundation for safe use of artificial intelligence,n/a
MSIT fw,MSIT fw,GOV,7,Improve regulations for increased trust for AI,21,Compliance and Legal,Lay the foundation for safe use of artificial intelligence,yes
MSIT fw,MSIT fw,GOV,8,Provide strengthened education programs on AI ethics,24,Training and Awareness,Spread AI ethics across society,yes
MSIT fw,MSIT fw,GOV,9,Create and distribute checklists for each stakeholder group,14,Stakeholder Participation,Spread AI ethics across society,n/a
MSIT fw,MSIT fw,GOV,10,Operate a platform for ethic policies,26,Operational context and risks,Spread AI ethics across society,yes
Norwegian FW,Norwegian FW,GOV,1,"Data Minimization vs. Big Data: AI relies on large datasets, which conflicts with privacy laws emphasizing minimal data collection. This requires balancing data volume with privacy through methods like anonymization.",7,Privacy,Issues Related to AI,n/a
Norwegian FW,Norwegian FW,GOV,2,"Data Quality: High-quality data is essential for effective AI. Organizations should ensure comprehensive data management, addressing issues such as bias, errors, and metadata completeness.",8,Data Governance,Issues Related to AI,n/a
Norwegian FW,Norwegian FW,GOV,3,"Transparency: Some AI models, especially deep learning models, function as “black boxes” with limited explainability. Efforts are directed at developing Explainable AI to improve traceability and enable meaningful insights into decision-making processes.",10,Explainability,Issues Related to AI,n/a
Norwegian FW,Norwegian FW,GOV,4,"Autonomy and Responsibility: AI’s autonomous decision-making raises questions of accountability, particularly in high-stakes contexts. It is essential to determine responsibility for AI-driven outcomes.",10,Explainability,Issues Related to AI,n/a
Norwegian FW,Norwegian FW,GOV,5,"Human Autonomy and Control: AI must support democratic freedoms and individual autonomy. Decisions with significant personal impacts should involve human oversight, following a “human-in-the-loop” approach.",17,Impact on Society at large or Democracy,Ethical Principles for AI,n/a
Norwegian FW,Norwegian FW,GOV,6,"Safety and Technical Robustness: AI systems must be resilient, accurate, and operate as intended without causing harm. This includes robust designs to prevent malfunctions, maintain reliability, and safeguard against unexpected consequences.",3,Resilience to Attack and Security,Ethical Principles for AI,n/a
Norwegian FW,Norwegian FW,GOV,7,"Privacy and Data Protection: AI must comply with data privacy laws, particularly in handling personal data. This involves respecting the General Data Protection Regulation (GDPR) principles.",8,Data Governance,Ethical Principles for AI,n/a
Norwegian FW,Norwegian FW,GOV,8,"Transparency: AI decisions must be explainable, allowing individuals to understand how AI outcomes were reached. Transparency also involves disclosing when AI is involved in decision-making and maintaining traceable processes.",10,Explainability,Ethical Principles for AI,n/a
Norwegian FW,Norwegian FW,GOV,9,Inclusion and Diversity: AI should be designed to avoid discrimination and actively promote diversity. This involves identifying and correcting biases in data sources to prevent perpetuating historical or societal biases.,12,Avoidance of Unfair Bias,Ethical Principles for AI,n/a
Norwegian FW,Norwegian FW,GOV,10,"Societal and Environmental Benefit: AI should contribute positively to society and the environment, minimizing adverse effects on social structures and institutions.",15,Environmental Well-Being,Ethical Principles for AI,n/a
Norwegian FW,Norwegian FW,GOV,11,"Accountability: AI developers and users must be accountable, ensuring that AI systems are auditable and responsible for both their operation and impacts.",7,Privacy,Ethical Principles for AI,n/a
Norwegian FW,Norwegian FW,GOV,12,"Cybersecurity for AI Systems: Recognizing AI’s susceptibility to both conventional IT vulnerabilities and unique threats, AI systems in Norway must incorporate stringent cybersecurity measures. This includes robust risk assessments tailored to AI’s complex threat landscape.",3,Resilience to Attack and Security,Security in AI-Based Systems,n/a
Norwegian FW,Norwegian FW,GOV,13,"AI for Cybersecurity: AI is also a critical tool in bolstering Norway’s cybersecurity efforts. AI technologies aid in faster threat detection, incident response, and predictive analysis to enhance digital infrastructure resilience.",3,Resilience to Attack and Security,Security in AI-Based Systems,n/a
Danish FW,Danish FW,GOV,1,"1. Self-Determination: AI should respect individuals’ autonomy, preserving freedom of choice and decision-making.",1,Human agency and Autonomy,I. Ethical Principles for Artificial Intelligence,n/a
Danish FW,Danish FW,GOV,2,"2. Dignity: AI must support and protect human dignity, ensuring that individuals are not subjected to unjust profiling or discrimination.",12,Avoidance of Unfair Bias,I. Ethical Principles for Artificial Intelligence,n/a
Danish FW,Danish FW,GOV,3,"3. Responsibility: Developers and users of AI systems hold accountability for AI outcomes, establishing clear responsibilities within AI-driven processes.",10,Explainability,I. Ethical Principles for Artificial Intelligence,n/a
Danish FW,Danish FW,GOV,4,"4. Explainability: AI systems must be transparent, allowing individuals to understand how decisions are made, especially in critical areas like healthcare, finance, and justice.",10,Explainability,I. Ethical Principles for Artificial Intelligence,n/a
Danish FW,Danish FW,GOV,5,"5. Equality and Justice: AI must treat individuals fairly, avoiding any form of discrimination, and ensuring fairness is built into data, algorithms, and outputs.",12,Avoidance of Unfair Bias,I. Ethical Principles for Artificial Intelligence,n/a
Danish FW,Danish FW,GOV,6,"6. Sustainable Development: AI development should consider environmental impact, aligning with sustainability goals to ensure AI’s contribution to a sustainable future.",15,Environmental Well-Being,I. Ethical Principles for Artificial Intelligence,n/a
Danish FW,Danish FW,GOV,7,"1. Guidance on AI Ethics: The Council advises businesses and government institutions on responsible data practices, ethical AI deployment, and provides recommendations on emerging issues in AI ethics.",23,Performance and Monitoring,II. Establishment of the Data Ethics Council,yes
Danish FW,Danish FW,GOV,8,2. Public Debate and Awareness: Engages with the public to foster understanding and open dialogue around AI’s ethical implications.,14,Stakeholder Participation,II. Establishment of the Data Ethics Council,n/a
Danish FW,Danish FW,GOV,9,3. Monitoring Technological Developments: Tracks AI advancements to anticipate ethical challenges and adjust guidelines as necessary.,23,Performance and Monitoring,II. Establishment of the Data Ethics Council,yes
Danish FW,Danish FW,GOV,10,"1. Cybersecurity for AI Systems: AI technologies are assessed and fortified against manipulation, hacking, and other cyber vulnerabilities, with measures to ensure data integrity and prevent unauthorized access.",3,Resilience to Attack and Security,III. Security and Artificial Intelligence,n/a
Danish FW,Danish FW,GOV,11,"2. AI for Cybersecurity Enhancement: AI is actively used to improve cybersecurity in government and private sectors. AI applications include anomaly detection, predictive analytics for threat detection, and cyber incident response.",3,Resilience to Attack and Security,III. Security and Artificial Intelligence,n/a
Danish FW,Danish FW,GOV,12,"3. Risk Assessment Protocols: Security assessments, including risk analysis for AI systems, ensure robustness in high-stakes environments like finance, healthcare, and public services.",19,Risk Management,III. Security and Artificial Intelligence,n/a
Danish FW,Danish FW,GOV,13,1. Regulatory Framework: Establishes clear guidelines within the existing General Data Protection Regulation (GDPR) framework to address data protection and ensure responsible AI implementation.,8,Data Governance,IV. Legal Clarity for AI Development and Use,n/a
Danish FW,Danish FW,GOV,14,"2. Liability for Automated Decisions: Provides legal clarity on liability in automated and AI-driven decisions, especially in areas where AI significantly impacts citizens’ lives.",17,Impact on Society at large or Democracy,IV. Legal Clarity for AI Development and Use,n/a
Danish FW,Danish FW,GOV,15,3. Working Groups for Legal Adaptation: Denmark has established specialized working groups to monitor AI applications and update laws as necessary to address emerging legal challenges in AI.,21,Compliance and Legal,IV. Legal Clarity for AI Development and Use,yes
Danish FW,Danish FW,GOV,16,"1. Transparency in Public Sector AI: AI-driven decisions that impact citizens must be understandable and explainable. For instance, public institutions must clearly communicate when AI is used in decision-making processes.",10,Explainability,V. Transparent Use of Artificial Intelligence,n/a
Danish FW,Danish FW,GOV,17,"2. Guidelines for Explainable AI: Develops protocols for government agencies to create explainable AI, ensuring decisions made by AI can be interpreted and justified to the public.",10,Explainability,V. Transparent Use of Artificial Intelligence,n/a
Danish FW,Danish FW,GOV,18,"3. Public Disclosure of AI Usage: Denmark encourages government bodies to disclose their AI usage policies, furthering public trust by making the role of AI in government decisions visible.",1,Human agency and Autonomy,V. Transparent Use of Artificial Intelligence,n/a
Danish FW,Danish FW,GOV,19,"1. Data Ethics Label: Denmark introduces a Data Ethics Label for companies that demonstrate ethical AI practices, such as responsible data handling, transparency, and adherence to non-discriminatory principles.",21,Compliance and Legal,VI. Ethically Responsible and Sustainable Data Use in Businesses,yes
Danish FW,Danish FW,GOV,20,"2. Guidelines for Sustainable Data Practices: Businesses are encouraged to adopt data practices that promote sustainability, considering energy consumption, environmental impact, and responsible data sourcing.",15,Environmental Well-Being,VI. Ethically Responsible and Sustainable Data Use in Businesses,n/a
Danish FW,Danish FW,GOV,21,"3. Corporate Reporting on Data Ethics: Mandates or encourages businesses to publicly report on their data ethics policies, outlining how they address privacy, fairness, and ethical data usage in AI.",7,Privacy,VI. Ethically Responsible and Sustainable Data Use in Businesses,n/a
Italian FW,Italian FW,GOV,1,"Human-Centric AI: AI must enhance citizens' lives, respect privacy, and be designed for equitable, inclusive outcomes.",7,Privacy,1. Principles of the Strategy,n/a
Italian FW,Italian FW,GOV,2,"Ethical and Trustworthy AI: AI systems should maintain transparency, fairness, accountability, and environmental sustainability.",15,Environmental Well-Being,1. Principles of the Strategy,n/a
Italian FW,Italian FW,GOV,3,"Innovation and Competitiveness: Encouraging Italy’s unique industrial landscape, AI should promote the ""Made in Italy"" brand through innovative AI solutions in sectors like manufacturing, healthcare, education, and environmental protection.",20,Organisational context and Strategy,1. Principles of the Strategy,yes
Italian FW,Italian FW,GOV,4,"Alignment with EU and Global Standards: Italy’s AI principles align closely with EU regulations, ensuring AI usage is responsible, non-discriminatory, and respectful of privacy rights.",7,Privacy,1. Principles of the Strategy,n/a
Italian FW,Italian FW,GOV,5,"Foundational AI Research: Invest in core AI research areas (e.g., machine learning, data science) to maintain competitiveness and innovation in the Italian AI landscape.",24,Training and Awareness,2. Macro-Areas of Strategic Action,yes
Italian FW,Italian FW,GOV,6,"Applied Research: Develop sector-specific AI applications, particularly in areas where Italy has competitive advantages (e.g., manufacturing, agri-food, and tourism).",20,Organisational context and Strategy,2. Macro-Areas of Strategic Action,yes
Italian FW,Italian FW,GOV,7,"Interdisciplinary Projects: Promote collaboration across sectors like education, healthcare, and cultural preservation.",20,Organisational context and Strategy,2. Macro-Areas of Strategic Action,yes
Italian FW,Italian FW,GOV,8,International Collaboration: Expand partnerships with international AI leaders to strengthen Italy's research ecosystem.,26,Operational context and risks,2. Macro-Areas of Strategic Action,yes
Italian FW,Italian FW,GOV,9,"Efficiency and Citizen Services: Use AI to streamline administrative processes, improve service delivery, and enhance decision-making in government.",26,Operational context and risks,2. Macro-Areas of Strategic Action,yes
Italian FW,Italian FW,GOV,10,"Digital Transformation of Public Services: Implement AI for citizen services, such as form automation and virtual assistance.",22,System Design and Development,2. Macro-Areas of Strategic Action,yes
Italian FW,Italian FW,GOV,11,"Transparency and Accessibility: Establish clear guidelines for AI in public administration, ensuring transparency and citizen understanding of AI’s role in public services.",21,Compliance and Legal,2. Macro-Areas of Strategic Action,yes
Italian FW,Italian FW,GOV,12,AI Training for Public Officials: Equip government employees with AI competencies through continuous learning programs.,24,Training and Awareness,2. Macro-Areas of Strategic Action,yes
Italian FW,Italian FW,GOV,13,Facilitating AI Adoption: Support AI implementation across small and medium enterprises (SMEs) to increase productivity and competitiveness.,20,Organisational context and Strategy,2. Macro-Areas of Strategic Action,yes
Italian FW,Italian FW,GOV,14,"Support for AI Startups: Foster AI entrepreneurship by providing resources, incentives, and incubators for AI-focused startups.",25,Auditing Context,2. Macro-Areas of Strategic Action,yes
Italian FW,Italian FW,GOV,15,"Sector-Specific AI Solutions: Promote AI in key Italian industries, ensuring solutions are adapted to specific needs, such as product quality and regulatory compliance.",25,Auditing Context,2. Macro-Areas of Strategic Action,yes
Italian FW,Italian FW,GOV,16,AI Education in Schools: Integrate AI studies into school curricula to build foundational AI knowledge from an early age.,24,Training and Awareness,2. Macro-Areas of Strategic Action,yes
Italian FW,Italian FW,GOV,17,Higher Education and Research Programs: Expand university-level AI programs and Ph.D. opportunities to create an expert AI workforce.,24,Training and Awareness,2. Macro-Areas of Strategic Action,yes
Italian FW,Italian FW,GOV,18,Upskilling and Reskilling Initiatives: Provide ongoing training for current professionals to stay competitive in an AI-driven job market.,24,Training and Awareness,2. Macro-Areas of Strategic Action,yes
Italian FW,Italian FW,GOV,19,"Data Infrastructure: Establish centralized data resources to facilitate data sharing across sectors, including public data registries for accessible AI development.",13,Accesability and Unfair Design,3. Enabling Strategic Actions,n/a
Italian FW,Italian FW,GOV,20,"Network Infrastructure for AI: Upgrade Italy’s digital network infrastructure to support high data demands, particularly in urban areas.",23,Performance and Monitoring,3. Enabling Strategic Actions,yes
Italian FW,Italian FW,GOV,21,"AI Governance and Monitoring: Create a national AI governance body to oversee AI ethics, compliance, and strategic coordination.",12,Avoidance of Unfair Bias,3. Enabling Strategic Actions,n/a
Italian FW,Italian FW,GOV,22,Evaluation Metrics: Implement performance indicators to track AI progress and the impact of initiatives in each strategic area.,18,Auditability,4. Monitoring and Evaluation,n/a
Italian FW,Italian FW,GOV,23,"Continuous Improvement: Adjust the strategy based on advancements in AI, feedback from stakeholders, and evolving global AI policies.",23,Performance and Monitoring,4. Monitoring and Evaluation,yes
Interface EU,Interface EU,GOV,1,"1. Describe your considerations of the prerequisite steps, including what platform is audited. Who is conducting the audit and why? What systemic risk(s) are considered for the audit?",9,Traceability,,n/a
Interface EU,Interface EU,GOV,2,"2. A compliance audit needs to include names and addresses (as required for compliance audits, Article 37(4)(a)(b), see Infobox).",9,Traceability,,n/a
Interface EU,Interface EU,GOV,3,3. Summarise the main findings (Article 37(4)(e)).,25,Auditing Context,,yes
Interface EU,Interface EU,GOV,4,4. Compliance audits also need to include a declaration of interest (Article 37(4)(c)).,18,Auditability,,n/a
Interface EU,Interface EU,GOV,5,"1. Describe details about the platform, for example, the products and elements relevant to the audit at the time. This is important because the platform might change between this audit and the next one. Elaborate on the following questions: What is the choice architecture of the platform, and what are its affordances? What elements of the platform use recommender systems? (Article 37(4)(d))",9,Traceability,,n/a
Interface EU,Interface EU,GOV,6,2. Describe the stakeholders considered for the audit and include a list of those involved in the process (Article 37(4)(f)).,14,Stakeholder Participation,,n/a
Interface EU,Interface EU,GOV,7,"1. Describe the process of scenario creation: How did you develop scenarios? What actors, characteristics, harms, platform involvement and macro impacts were considered? How was the list prioritised?",9,Traceability,,n/a
Interface EU,Interface EU,GOV,8,2. List the scenario(s) selected for the audit.,18,Auditability,,n/a
Interface EU,Interface EU,GOV,9,"1. Describe the process of measurement development: How did you develop measurements? What types of audits did you consider (e.g., with respect to the level of access you have to the platform)? What measurements were developed for the scenario(s)?",9,Traceability,,n/a
Interface EU,Interface EU,GOV,10,2. What methods were selected for implementation? Describe the reasoning behind your decision. Consider the difficulty and detectability of each measurement.,9,Traceability,,n/a
Interface EU,Interface EU,GOV,11,1. Describe the findings of your audits with respect to the risk scenarios. Discuss to what extent your results can be generalised.,19,Risk Management,,n/a
Interface EU,Interface EU,GOV,12,"2. Provide a statement (i.e., ‘audit opinion’) on the systemic risks (Article 37(4)(g)).",18,Auditability,,n/a
Interface EU,Interface EU,GOV,13,3. Describe mitigations the platform should implement (Article 37(4)(h)).,18,Auditability,,n/a
Interface EU,Interface EU,GOV,14,"1. You should provide supplemental material necessary to understand or reproduce your audit. This can include surveys, additional results, documentation of the process and references to code or raw data.",9,Traceability,,n/a
Interface EU,Interface EU,GOV,15,"2. When referencing external digital sources, ensure their long-term availability.",11,Communication,,n/a
TAII framework,TAII framework,GOV,1,Describe the purpose of the model,26,Operational context and risks,Part of AI system brief overview,n/a
TAII framework,TAII framework,GOV,2,describe the use case of the model,26,Operational context and risks,Part of AI system brief overview,n/a
TAII framework,TAII framework,GOV,3,describe the used input data of the model,8,Data Governance,Part of AI system brief overview,n/a
TAII framework,TAII framework,GOV,4,Describe the companies values,20,Organisational context and Strategy,Trustworthy AI Implementation (TAII) Framework for the AI system’s life cycle,n/a
TAII framework,TAII framework,GOV,5,describe the business model of the company,20,Organisational context and Strategy,Trustworthy AI Implementation (TAII) Framework for the AI system’s life cycle,n/a
TAII framework,TAII framework,GOV,6,define and to document the stakeholders,14,Stakeholder Participation,Trustworthy AI Implementation (TAII) Framework for the AI system’s life cycle,n/a
TAII framework,TAII framework,GOV,7,justify existing regulations and standards for the specific AI system within the area of application,21,Compliance and Legal,Trustworthy AI Implementation (TAII) Framework for the AI system’s life cycle,n/a
TAII framework,TAII framework,GOV,8,The risk assessment of the ethical impact for the AI system is recommended and requires different measures depending on risk level.,19,Risk Management,Trustworthy AI Implementation (TAII) Framework for the AI system’s life cycle,n/a
TAII framework,TAII framework,GOV,9,"The systemic assessment of the AI system in compliance with the common good via the Sustainable Development Goals (SDGs) (United Nations Sustainable Development Goals, n.d.) and the Universal Declaration of Human Rights (UDHR) (United Nations Universal Declaration of Human Rights, n.d.) will analyse dependencies and patterns within the organisational ecosystem (Systemic Society, n.d.).",21,Compliance and Legal,Trustworthy AI Implementation (TAII) Framework for the AI system’s life cycle,n/a
TAII framework,TAII framework,GOV,10,"The next step generates the list of ethical requirements and guidelines. Many AI ethics guidelines are already developed (Fjeld et al., 2020; Hagendorff, 2020; Jobin et al., 2019) and the AI system developer needs to align which ones fit best based on different factors such as (inter-)national regulations, legal requirements, field of application, standardisation, etc.",21,Compliance and Legal,Trustworthy AI Implementation (TAII) Framework for the AI system’s life cycle,n/a
TAII framework,TAII framework,GOV,11,"After the mapping of the ethical principles, the merge of the previously assessed input factors (AI system brief overview, stakeholder, justice, risk, common good, ethics) starts. The goal of the merge is to define the current state, to visualise dependencies, and to plan the next tasks for continuous improvement.",25,Auditing Context,Trustworthy AI Implementation (TAII) Framework for the AI system’s life cycle,n/a
TAII framework,TAII framework,GOV,12,"The execution verifies, tests, and implements the results",25,Auditing Context,Trustworthy AI Implementation (TAII) Framework for the AI system’s life cycle,n/a
TAII framework,TAII framework,GOV,13,"The execution of a mandatory (cf. AI highrisk applications (European Commission, 2021b)) or optional certification or safety assessment for the AI system will increase transparency and trust",4,General Safety,Trustworthy AI Implementation (TAII) Framework for the AI system’s life cycle,n/a
TAII framework,TAII framework,GOV,14,"After passing through the last step ‘certification’ of the TAII Framework (see Figure 1) the next iteration starts with an update of the AI system brief overview or if necessary, the business model.",25,Auditing Context,Trustworthy AI Implementation (TAII) Framework for the AI system’s life cycle,n/a
STA,STA,ACA,1,Collect baseline data from the algorithm (outputs) and user behaviors.,23,Performance and Monitoring,Observational phase,n/a
STA,STA,ACA,2,"Record algorithmic outputs such as ads, clicks, and engagement metrics.",23,Performance and Monitoring,Observational phase,n/a
STA,STA,ACA,3,Conduct midpoint surveys to gather user feedback on their experiences with the system.,14,Stakeholder Participation,Observational phase,n/a
STA,STA,ACA,4,"Introduce controlled modifications to the algorithm (e.g., swapping ads between users or changing content delivery methods).",22,System Design and Development,Internvention phase,n/a
STA,STA,ACA,5,"Monitor how these changes impact user behavior, perceptions, and engagement.",23,Performance and Monitoring,Internvention phase,n/a
STA,STA,ACA,6,Collect post-intervention data and conduct final surveys.,25,Auditing Context,Internvention phase,n/a
STA,STA,ACA,7,Analyze the interplay between technical outputs and user behaviors.,23,Performance and Monitoring,,n/a
STA,STA,ACA,8,Compare results from observational and intervention phases.,25,Auditing Context,,n/a
STA,STA,ACA,9,Summarize the findings to generate audit results,25,Auditing Context,,n/a
STA,STA,ACA,10,Provide actionable recommendations for improving both algorithmic and human components of the system.,25,Auditing Context,,n/a
ADA,ADA,ACA,1,Respect for human autonomy—The decisions made by the algorithm are open to human checks,1,Human agency and Autonomy,Ethics,n/a
ADA,ADA,ACA,2,Prevention of damage—The algorithm is safe and always does what it is supposed to do. Privacy is safeguarded and data protected,4,General Safety,Ethics,n/a
ADA,ADA,ACA,3,Fairness (a fair algorithm)—The algorithm takes account of diversity in the population and does not discriminate. During the development of the algorithm its impact on society and the environment was taken into account.,6,"Reliability, Fall-back and Reproducibillity",Ethics,n/a
ADA,ADA,ACA,4,Explainability and transparency—It is possible to explain which procedures have been followed to attain the results. It is possible to explain how the algorithm works.,10,Explainability,Ethics,n/a
ADA,ADA,ACA,5,"The goal of the algorithm must be defined, also in relation to the social result (outcome)",20,Organisational context and Strategy,Governance and Accountability,n/a
ADA,ADA,ACA,6,A structured and documented process for risk management,19,Risk Management,Governance and Accountability,n/a
ADA,ADA,ACA,7,An overview of the available resources (qualitative and quantitative) and management thereof,22,System Design and Development,Governance and Accountability,n/a
ADA,ADA,ACA,8,Lifecycle management for algorithms or the systems they are part of,23,Performance and Monitoring,Governance and Accountability,n/a
ADA,ADA,ACA,9,"Defined roles, described tasks, responsibilities and authorities",9,Traceability,Governance and Accountability,n/a
ADA,ADA,ACA,10,An established approach to quality and performance goals for algorithms,23,Performance and Monitoring,Governance and Accountability,n/a
ADA,ADA,ACA,11,"Established agreements with external parties, safeguards to prevent lock-in and excessive dependence. Including exit strategy. Also consider ownership of the data used for the algorithm",8,Data Governance,Governance and Accountability,n/a
ADA,ADA,ACA,12,Organised process for monitoring the aforementioned aspects,23,Performance and Monitoring,Governance and Accountability,n/a
ADA,ADA,ACA,13,Strategic objective has been worked out in concrete terms in aspects/criteria/indicators,20,Organisational context and Strategy,model and data,n/a
ADA,ADA,ACA,14,Multidisciplinary approach and bodies,22,System Design and Development,model and data,n/a
ADA,ADA,ACA,15,"Explanation explicitly and, if applicable, making explicit the trade-off between explainability and performance",10,Explainability,model and data,n/a
ADA,ADA,ACA,16,"Record considerations and choices in design (such as choices between models, ROC curves) and during implementation. An ROC curve is an aid in assessing the model",9,Traceability,model and data,n/a
ADA,ADA,ACA,17,"Up-to-date, complete and accessible documentation",9,Traceability,model and data,n/a
ADA,ADA,ACA,18,Conduct peer review (four-eyes principle),6,"Reliability, Fall-back and Reproducibillity",model and data,n/a
ADA,ADA,ACA,19,"Publish model (code) to a site such as github.com, including description of operation, data used and/or description thereof",11,Communication,model and data,n/a
ADA,ADA,ACA,20,Comply with applicable laws and regulations regarding automatic decision-making,21,Compliance and Legal,model and data,n/a
ADA,ADA,ACA,21,Involve stakeholders/end users from different backgrounds in development,14,Stakeholder Participation,model and data,n/a
ADA,ADA,ACA,22,Implementation of structural checks for correct operation,6,"Reliability, Fall-back and Reproducibillity",model and data,n/a
ADA,ADA,ACA,23,Periodic checks on compliance with and in line with current laws and regulations,21,Compliance and Legal,model and data,n/a
ADA,ADA,ACA,24,"Among other things, the proven separation of training, test and validation data, ‘foreign eyes’/peer review and recording of process/ discussions/choices",8,Data Governance,model and data,n/a
ADA,ADA,ACA,25,"Measures to limit, counter and/or compensate for bias",12,Avoidance of Unfair Bias,model and data,n/a
ADA,ADA,ACA,26,Check/test for bias and take countermeasures if necessary,12,Avoidance of Unfair Bias,model and data,n/a
ADA,ADA,ACA,27,"Visibly separated training, testing and validation data",8,Data Governance,model and data,n/a
ADA,ADA,ACA,28,"Test, check whether data is representative",8,Data Governance,model and data,n/a
ADA,ADA,ACA,29,Arrange for all data sources/data used that there are no restrictions/obligations,8,Data Governance,model and data,n/a
ADA,ADA,ACA,30,"Steering on data minimization, explicit consideration with regard to proportionality",8,Data Governance,model and data,n/a
ADA,ADA,ACA,31,Good reporting/audit trail (ROC curve),9,Traceability,model and data,n/a
ADA,ADA,ACA,32,Control on the mentioned aspect (target leakage),5,Accuracy,model and data,n/a
ADA,ADA,ACA,33,"Instruments like ROC curve, confusion matrix",5,Accuracy,model and data,n/a
ADA,ADA,ACA,34,"Monitoring output, assessing and reporting",23,Performance and Monitoring,model and data,n/a
ADA,ADA,ACA,35,External communication about the model/ algorithm,11,Communication,model and data,n/a
ADA,ADA,ACA,36,"Maintenance and management of the technical components, the model, the data used, parameters, etc.",22,System Design and Development,model and data,n/a
ADA,ADA,ACA,37,Keeping a register according to GDPR,8,Data Governance,Privacy,n/a
ADA,ADA,ACA,38,Design principles that ensure privacy,7,Privacy,Privacy,n/a
ADA,ADA,ACA,39,Execute DPIA,7,Privacy,Privacy,n/a
ADA,ADA,ACA,40,No automatic decision-making or no documentation (for example in a privacy impact assessment) why it is allowed,9,Traceability,Privacy,n/a
ADA,ADA,ACA,41,Established and communicated procedure with those involved,11,Communication,Privacy,n/a
ADA,ADA,ACA,42,"Recording principles, work instructions",9,Traceability,Privacy,n/a
ADA,ADA,ACA,43,"Recording in PIA, processing agreement/ register",7,Privacy,Privacy,n/a
ADA,ADA,ACA,44,It has been established that the processing of personal data with the algorithm is compatible with the original purpose (purpose limitation),8,Data Governance,Privacy,n/a
ADA,ADA,ACA,45,The lawful basis for processing personal data by the algorithm has been established,8,Data Governance,Privacy,n/a
ADA,ADA,ACA,46,"Think of ethnicity, skin colour, gender, sexual orientation but also zip code. Not only is checking on data itself relevant, but also so-called proxies, model bias, and so on",12,Avoidance of Unfair Bias,Privacy,n/a
ADA,ADA,ACA,47,Recording this review,9,Traceability,Privacy,n/a
ADA,ADA,ACA,48,The data subjects are informed about the processing of personal data by the algorithm and the expected consequences,11,Communication,Privacy,n/a
ADA,ADA,ACA,49,"The logic, operation and data used related to the algorithm are described and accessible",11,Communication,Privacy,n/a
ADA,ADA,ACA,50,Description and substantiation of (possibility of) human intervention in algorithm,2,Human Oversight,Privacy,n/a
ADA,ADA,ACA,51,There is a public privacy policy that also covers the algorithms and data used,7,Privacy,Privacy,n/a
ADA,ADA,ACA,52,Log information is retained and accessible until retention periods have expired. The retention period is geared to the requirements of legislation and regulations and to the control and audit cycle of the data concerned,9,Traceability,IT General Controls (ITGCs),n/a
ADA,ADA,ACA,53,"Access rights are periodically reviewed and reconfirmed by the responsible management. If necessary, incidents or amendment proposals are submitted",9,Traceability,IT General Controls (ITGCs),n/a
ADA,ADA,ACA,54,Job changes and terminations of employment are monitored for adjustment of access rights and for revocation of means of identity and authentication,9,Traceability,IT General Controls (ITGCs),n/a
ADA,ADA,ACA,55,Access rights are issued to users and administrators upon approval by an authorised officer,9,Traceability,IT General Controls (ITGCs),n/a
ADA,ADA,ACA,56,Access security is implemented according to the ‘nothing is allowed unless necessary’ principle on all IT resources,9,Traceability,IT General Controls (ITGCs),n/a
ADA,ADA,ACA,57,"Generic administrative accounts (root, administrator) are blocked or can only be used under registration and supervision",3,Resilience to Attack and Security,IT General Controls (ITGCs),n/a
ADA,ADA,ACA,58,Naming conventions and a system of access rights per user group and/or role apply to setting up access rights to promote maintainability of management,9,Traceability,IT General Controls (ITGCs),n/a
ADA,ADA,ACA,59,Naming conventions are in place to identify users and administrators to aid management maintainability,9,Traceability,IT General Controls (ITGCs),n/a
ADA,ADA,ACA,60,Admins perform admin work and regular user work under 2 different usernames,3,Resilience to Attack and Security,IT General Controls (ITGCs),n/a
ADA,ADA,ACA,61,Users have the same rights and restrictions at the application level and beyond.,3,Resilience to Attack and Security,IT General Controls (ITGCs),n/a
ADA,ADA,ACA,62,Job changes and terminations of employment are monitored for adjustment of access rights and for revocation of means of identity and authentication,3,Resilience to Attack and Security,IT General Controls (ITGCs),n/a
ADA,ADA,ACA,63,"Using two-factor authentication in high-risk zones, periodically changing passwords, locking accounts when inactive, and blocking after a preset number of false login attempts.",3,Resilience to Attack and Security,IT General Controls (ITGCs),n/a
ADA,ADA,ACA,64,Changes are tested and approved. Periodic monitoring takes place on the processed changes.,23,Performance and Monitoring,IT General Controls (ITGCs),n/a
ADA,ADA,ACA,65,Security,3,Resilience to Attack and Security,IT General Controls (ITGCs),n/a
ADA,ADA,ACA,66,Backup and restore policy,9,Traceability,IT General Controls (ITGCs),n/a
ADA,ADA,ACA,67,Security by design has been used and can be seen as the starting point. Aspects of this can be found in the ISO/IEC 27000 series and beyond.,3,Resilience to Attack and Security,IT General Controls (ITGCs),n/a
LA framework,LA framework,ACA,1,Acquisition of Documentation,20,Organisational context and Strategy,Delimination phase,n/a
LA framework,LA framework,ACA,2,Acquisition of process descriptions,22,System Design and Development,Delimination phase,n/a
LA framework,LA framework,ACA,3,Acquisition of training documents,22,System Design and Development,Delimination phase,n/a
LA framework,LA framework,ACA,4,Acquisition of source code,22,System Design and Development,Delimination phase,n/a
LA framework,LA framework,ACA,5,Identification and documentation of system scope,20,Organisational context and Strategy,Delimination phase,n/a
LA framework,LA framework,ACA,6,Identification and documentation of input data,8,Data Governance,Delimination phase,n/a
LA framework,LA framework,ACA,7,Identification and documentation of processing methodology,22,System Design and Development,Delimination phase,n/a
LA framework,LA framework,ACA,8,Identification and documentation of system output data,8,Data Governance,Delimination phase,n/a
LA framework,LA framework,ACA,9,Identification and documentation of use of system output,13,Accesability and Unfair Design,Delimination phase,n/a
LA framework,LA framework,ACA,10,identification of risks,19,Risk Management,Risk based definition of audit criteria,n/a
LA framework,LA framework,ACA,11,definition of risk scenarios,19,Risk Management,Risk based definition of audit criteria,n/a
LA framework,LA framework,ACA,12,definition of corner/edge scenarios,19,Risk Management,Risk based definition of audit criteria,n/a
LA framework,LA framework,ACA,13,mapping of risks to audit criteria,19,Risk Management,Risk based definition of audit criteria,n/a
LA framework,LA framework,ACA,14,"Review of system objectives, interventions, and consequences",20,Organisational context and Strategy,auditing and assessment,n/a
LA framework,LA framework,ACA,15,Review of documentation,9,Traceability,auditing and assessment,n/a
LA framework,LA framework,ACA,16,process analysis,22,System Design and Development,auditing and assessment,n/a
LA framework,LA framework,ACA,17,review of datasets,8,Data Governance,auditing and assessment,n/a
LA framework,LA framework,ACA,18,code analysis,22,System Design and Development,auditing and assessment,n/a
LA framework,LA framework,ACA,19,analysis of ml model quality and fairness,5,Accuracy,auditing and assessment,n/a
LA framework,LA framework,ACA,20,review of system comprehensibilitiy,22,System Design and Development,auditing and assessment,n/a
LA framework,LA framework,ACA,21,sock puppet audit,25,Auditing Context,auditing and assessment,n/a
LA framework,LA framework,ACA,22,scraping audit,25,Auditing Context,auditing and assessment,n/a
LA framework,LA framework,ACA,23,collaborative/crowd sourced audit,25,Auditing Context,auditing and assessment,n/a
LA framework,LA framework,ACA,24,degrading model quality,23,Performance and Monitoring,monitoring and reassurance,n/a
LA framework,LA framework,ACA,25,use of system output,26,Operational context and risks,monitoring and reassurance,n/a
LA framework,LA framework,ACA,26,change in data,8,Data Governance,monitoring and reassurance,n/a
LA framework,LA framework,ACA,27,code changes,23,Performance and Monitoring,monitoring and reassurance,n/a
RAInS,SAO RAInS,ACA,1,the intended purpose of the system,20,Organisational context and Strategy,Competency questions,n/a
RAInS,SAO RAInS,ACA,2,the intended users of the system,20,Organisational context and Strategy,Competency questions,n/a
RAInS,SAO RAInS,ACA,3,"the compliance specifications which apply to the system, i.e. the hard laws that must be followed and soft laws that should be followed",21,Compliance and Legal,Competency questions,n/a
RAInS,SAO RAInS,ACA,4,"characteristics of the dataset (e.g. size, composition of instances, number of features)",8,Data Governance,Competency questions,n/a
RAInS,SAO RAInS,ACA,5,collection method,8,Data Governance,Competency questions,n/a
RAInS,SAO RAInS,ACA,6,"any associated pre-processing (e.g. sampling, aggregation)",8,Data Governance,Competency questions,n/a
RAInS,SAO RAInS,ACA,7,tasks for which it should be used and those for which it should not,5,Accuracy,Competency questions,n/a
RAInS,SAO RAInS,ACA,8,"characteristics of the model (e.g. decision threshold, excluded dataset features)",22,System Design and Development,Competency questions,n/a
RAInS,SAO RAInS,ACA,9,details related to implementation (e.g. algorithm used),22,System Design and Development,Competency questions,n/a
RAInS,SAO RAInS,ACA,10,associated evaluation procedures,6,"Reliability, Fall-back and Reproducibillity",Competency questions,n/a
RAInS,SAO RAInS,ACA,11,tasks for which it should and should not be used,20,Organisational context and Strategy,Competency questions,n/a
RAInS,SAO RAInS,ACA,12,"the specification of system components which are not ‘core AI’ but may still be the source of erroneous behaviour of an AI system (e.g. user interface, API wrappers)",22,System Design and Development,Competency questions,n/a
RAInS,SAO RAInS,ACA,13,the characteristics of supporting infrastructure relevant to the accountability of systems such as specification of human agency and oversight mechanisms (e.g. human-in-the-loop or human-in-command,1,Human agency and Autonomy,Competency questions,n/a
RAInS,SAO RAInS,ACA,14,specification of audit mechanisms,25,Auditing Context,Competency questions,n/a
RAInS,SAO RAInS,ACA,15,specification of the level of explanations to be provided by the system,23,Performance and Monitoring,Competency questions,n/a
RAInS,SAO RAInS,ACA,16,the known or expected limitations of the datasets used to train the decision-making models,8,Data Governance,Competency questions,n/a
RAInS,SAO RAInS,ACA,17,the resulting models,22,System Design and Development,Competency questions,n/a
RAInS,SAO RAInS,ACA,18,"the known or expected risks, including biases, associated with datasets",19,Risk Management,Competency questions,n/a
RAInS,SAO RAInS,ACA,19,"the known or expected risks, including biases, associated with models",19,Risk Management,Competency questions,n/a
RAInS,SAO RAInS,ACA,20,who is accountable for the creation of various specifications including the dataset,9,Traceability,Competency questions,n/a
RAInS,SAO RAInS,ACA,21,who is accountable for the creation of various specifications including the model,9,Traceability,Competency questions,n/a
RAInS,SAO RAInS,ACA,22,who is accountable for the creation of various specifications including the supporting infrastructure specifications,9,Traceability,Competency questions,n/a
RAInS,SAO RAInS,ACA,23,who assessed the fitness of the dataset,8,Data Governance,Competency questions,n/a
RAInS,SAO RAInS,ACA,24,who assessed the fitness of the model,22,System Design and Development,Competency questions,n/a
RAInS,SAO RAInS,ACA,25,who assessed the fitness of the supporting infrastructure specifications against the system’s purpose (and how was this done),22,System Design and Development,Competency questions,n/a
RAInS,SAO RAInS,ACA,26,which hard and soft laws requirements were included in dataset,21,Compliance and Legal,Competency questions,n/a
RAInS,SAO RAInS,ACA,27,which hard and soft laws requirements were included in model,21,Compliance and Legal,Competency questions,n/a
RAInS,SAO RAInS,ACA,28,which hard and soft laws requirements were included in supporting infrastructure,21,Compliance and Legal,Competency questions,n/a
RAInS,SAO RAInS,ACA,29,specifications and who assessed the compliance of such specifications against those laws (and how was this done),21,Compliance and Legal,Competency questions,n/a
RAInS,SAO RAInS,ACA,30,who approved the various specifications that influence the later life cycle stages (e.g. implementation stage),23,Performance and Monitoring,Competency questions,n/a
RAInS,SAO RAInS,ACA,31,"Collect sao:AccountableObject, describing the whole system as a whole",22,System Design and Development,SAO,n/a
RAInS,SAO RAInS,ACA,32,Collect sao:AccountabilityPlan. Specifies the information to be collected to support accountability,9,Traceability,SAO,n/a
RAInS,SAO RAInS,ACA,33,"Collect sao:AccountableAction.Any action that produces an accountable result, recorded in the accountability trace.",9,Traceability,SAO,n/a
RAInS,SAO RAInS,ACA,34,Collect sao:AccountableResult. Represents the planned output of an action.,9,Traceability,SAO,n/a
RAInS,SAO RAInS,ACA,35,Collect sao:InformationRealization. Captures the realized output of an sao:AccountableAction,9,Traceability,SAO,n/a
RAInS,SAO RAInS,ACA,36,Collect sao:InformationElement. Describes specific data points within a realized output.,9,Traceability,SAO,n/a
RAInS,SAO RAInS,ACA,37,Collect sao:AccountableAgent. Identifies individuals or roles accountable for specific actions or results.,9,Traceability,SAO,n/a
RAInS,SAO RAInS,ACA,38,Trace all decisions and accountability factors within the SAO,9,Traceability,SAO,n/a
RAInS,SAO RAInS,ACA,39,"Collect rains:DesignStageAccountabilityPlan. Describes the plan to collect specific design-related accountability information, such as datasets, models, evaluations, and infrastructure",22,System Design and Development,RAInS,n/a
RAInS,SAO RAInS,ACA,40,"rains:DesignSpecification. Collect everything regarding design specifications, datasets, models, evaluation, supporting infrastructure",22,System Design and Development,RAInS,n/a
RAInS,SAO RAInS,ACA,41,"rains:HumanDecision. Documents critical decisions made by human agents, such as: Approval of design specifications. Compliance evaluations. Risk assessments.",9,Traceability,RAInS,n/a
RAInS,SAO RAInS,ACA,42,"rains:RealizableObject. Represents tangible system assets expected to be implemented during later lifecycle stages (e.g., datasets, models, infrastructure components).",9,Traceability,RAInS,n/a
RAInS,SAO RAInS,ACA,43,"rains:RealizableObjectCharacteristic. For a dataset, it might capture size, feature composition, or collection method. Basically specifics for rains:RealizableObject",8,Data Governance,RAInS,n/a
RAInS,SAO RAInS,ACA,44,"rains:Limitation and Risks. Extends sao:InformationElement to describe: Known or anticipated limitations of datasets, models, or infrastructure. Risks such as biases, incorrect use cases, or compliance challenges.",19,Risk Management,RAInS,n/a
RAInS,SAO RAInS,ACA,45,Accountable Agents and Their Responsibilities. Builds on sao:AccountableAgent to explicitly track agents accountable for: Creating specifications. Approving decisions. Addressing limitations and risks.,9,Traceability,RAInS,n/a
RAInS,SAO RAInS,ACA,46,Verifiy the design of SAO and RAInS using automated tools,25,Auditing Context,Finishing SAO RAInS,n/a
RAInS,SAO RAInS,ACA,47,Validate the framework by implementing an example use case,25,Auditing Context,Finishing SAO RAInS,n/a
